 using fractional land data from file= /work/n02/n02/yuansun/cesm/cesm_inputdata/lnd/clm2/mappingdata/maps/0.9x1.25/map_0.25x0.25_nomask_to_0.9x1.25_nomask_aave_da_c200309.nc to create the surface dataset
 PFTs from:                   /work/n02/n02/yuansun/cesm/cesm_inputdata/lnd/clm2/rawdata/pftcftdynharv.0.25x0.25.LUH2.histsimyr1850-2015.c170629/mksrf_landuse_histclm50_LUH2_2015.c170629.nc
 harvest from:                /work/n02/n02/yuansun/cesm/cesm_inputdata/lnd/clm2/rawdata/pftcftdynharv.0.25x0.25.LUH2.histsimyr1850-2015.c170629/mksrf_landuse_histclm50_LUH2_2015.c170629.nc
 fmax from:                   /work/n02/n02/yuansun/cesm/cesm_inputdata/lnd/clm2/rawdata/mksrf_fmax_0.125x0.125_c200220.nc
 glaciers from:               /work/n02/n02/yuansun/cesm/cesm_inputdata/lnd/clm2/rawdata/mksrf_glacier_3x3min_simyr2000.c120926.nc
            with:                       10  glacier elevation classes
 glacier region ID from:      /work/n02/n02/yuansun/cesm/cesm_inputdata/lnd/clm2/rawdata/mksrf_GlacierRegion_10x10min_nomask_c191120.nc
 urban topography from:       /work/n02/n02/yuansun/cesm/cesm_inputdata/lnd/clm2/rawdata/mksrf_topo.10min.c191120.nc
 urban from:                  /work/n02/n02/yuansun/cesm/cesm_inputdata/lnd/clm2/rawdata/mksrf_urban_0.05x0.05_simyr2000.c120621.nc
 inland lake from:            /work/n02/n02/yuansun/cesm/cesm_inputdata/lnd/clm2/rawdata/mksrf_LakePnDepth_3x3min_simyr2004_csplk_c151015.nc
 inland wetland from:         /work/n02/n02/yuansun/cesm/cesm_inputdata/lnd/clm2/rawdata/mksrf_lanwat.050425.nc
 soil texture from:           /work/n02/n02/yuansun/cesm/cesm_inputdata/lnd/clm2/rawdata/mksrf_soitex.10level.c010119.nc
 soil organic from:           /work/n02/n02/yuansun/cesm/cesm_inputdata/lnd/clm2/rawdata/mksrf_organic_10level_5x5min_ISRIC-WISE-NCSCD_nlev7_c120830.nc
 soil color from:             /work/n02/n02/yuansun/cesm/cesm_inputdata/lnd/clm2/rawdata/pftcftlandusedynharv.0.25x0.25.MODIS.simyr1850-2015.c170412/mksrf_soilcolor_CMIP6_simyr2005.c170623.nc
 VOC emission factors from:   /work/n02/n02/yuansun/cesm/cesm_inputdata/lnd/clm2/rawdata/mksrf_vocef_0.5x0.5_simyr2000.c110531.nc
 gdp from:                    /work/n02/n02/yuansun/cesm/cesm_inputdata/lnd/clm2/rawdata/mksrf_gdp_0.5x0.5_AVHRR_simyr2000.c130228.nc
 peat from:                   /work/n02/n02/yuansun/cesm/cesm_inputdata/lnd/clm2/rawdata/mksrf_peatf_0.5x0.5_AVHRR_simyr2000.c130228.nc
 soil depth from:             /work/n02/n02/yuansun/cesm/cesm_inputdata/lnd/clm2/rawdata/mksf_soilthk_5x5min_ORNL-Soil_simyr1900-2015_c170630.nc
 abm from:                    /work/n02/n02/yuansun/cesm/cesm_inputdata/lnd/clm2/rawdata/mksrf_abm_0.5x0.5_AVHRR_simyr2000.c130201.nc
 topography statistics from:  /work/n02/n02/yuansun/cesm/cesm_inputdata/lnd/clm2/rawdata/mksrf_topostats_1km-merge-10min_HYDRO1K-merge-nomask_simyr2000.c130402.nc
 VIC parameters from:         
 CH4 parameters from:         
  mapping for pft              /work/n02/n02/yuansun/cesm/cesm_inputdata/lnd/clm2/mappingdata/maps/0.9x1.25/map_0.25x0.25_nomask_to_0.9x1.25_nomask_aave_da_c200309.nc
  mapping for lake water       /work/n02/n02/yuansun/cesm/cesm_inputdata/lnd/clm2/mappingdata/maps/0.9x1.25/map_3x3min_nomask_to_0.9x1.25_nomask_aave_da_c200309.nc
  mapping for wetland          /work/n02/n02/yuansun/cesm/cesm_inputdata/lnd/clm2/mappingdata/maps/0.9x1.25/map_0.5x0.5_nomask_to_0.9x1.25_nomask_aave_da_c200206.nc
  mapping for glacier          /work/n02/n02/yuansun/cesm/cesm_inputdata/lnd/clm2/mappingdata/maps/0.9x1.25/map_3x3min_nomask_to_0.9x1.25_nomask_aave_da_c200309.nc
  mapping for glacier region   /work/n02/n02/yuansun/cesm/cesm_inputdata/lnd/clm2/mappingdata/maps/0.9x1.25/map_10x10min_nomask_to_0.9x1.25_nomask_aave_da_c200206.nc
  mapping for soil texture     /work/n02/n02/yuansun/cesm/cesm_inputdata/lnd/clm2/mappingdata/maps/0.9x1.25/map_5x5min_nomask_to_0.9x1.25_nomask_aave_da_c200309.nc
  mapping for soil color       /work/n02/n02/yuansun/cesm/cesm_inputdata/lnd/clm2/mappingdata/maps/0.9x1.25/map_0.25x0.25_nomask_to_0.9x1.25_nomask_aave_da_c200309.nc
  mapping for soil organic     /work/n02/n02/yuansun/cesm/cesm_inputdata/lnd/clm2/mappingdata/maps/0.9x1.25/map_5x5min_nomask_to_0.9x1.25_nomask_aave_da_c200309.nc
  mapping for urban            /work/n02/n02/yuansun/cesm/cesm_inputdata/lnd/clm2/mappingdata/maps/0.9x1.25/map_3x3min_nomask_to_0.9x1.25_nomask_aave_da_c200309.nc
  mapping for fmax             /work/n02/n02/yuansun/cesm/cesm_inputdata/lnd/clm2/mappingdata/maps/0.9x1.25/map_0.125x0.125_nomask_to_0.9x1.25_nomask_aave_da_c200206.nc
  mapping for VOC pct emis     /work/n02/n02/yuansun/cesm/cesm_inputdata/lnd/clm2/mappingdata/maps/0.9x1.25/map_0.5x0.5_nomask_to_0.9x1.25_nomask_aave_da_c200206.nc
  mapping for harvest          /work/n02/n02/yuansun/cesm/cesm_inputdata/lnd/clm2/mappingdata/maps/0.9x1.25/map_0.25x0.25_nomask_to_0.9x1.25_nomask_aave_da_c200309.nc
  mapping for lai/sai          /work/n02/n02/yuansun/cesm/cesm_inputdata/lnd/clm2/mappingdata/maps/0.9x1.25/map_0.25x0.25_nomask_to_0.9x1.25_nomask_aave_da_c200309.nc
  mapping for urb topography   /work/n02/n02/yuansun/cesm/cesm_inputdata/lnd/clm2/mappingdata/maps/0.9x1.25/map_10x10min_nomask_to_0.9x1.25_nomask_aave_da_c200206.nc
  mapping for GDP              /work/n02/n02/yuansun/cesm/cesm_inputdata/lnd/clm2/mappingdata/maps/0.9x1.25/map_0.5x0.5_nomask_to_0.9x1.25_nomask_aave_da_c200206.nc
  mapping for peatlands        /work/n02/n02/yuansun/cesm/cesm_inputdata/lnd/clm2/mappingdata/maps/0.9x1.25/map_0.5x0.5_nomask_to_0.9x1.25_nomask_aave_da_c200206.nc
  mapping for soil depth       /work/n02/n02/yuansun/cesm/cesm_inputdata/lnd/clm2/mappingdata/maps/0.9x1.25/map_5x5min_nomask_to_0.9x1.25_nomask_aave_da_c200309.nc
  mapping for ag fire pk month /work/n02/n02/yuansun/cesm/cesm_inputdata/lnd/clm2/mappingdata/maps/0.9x1.25/map_0.5x0.5_nomask_to_0.9x1.25_nomask_aave_da_c200206.nc
  mapping for topography stats /work/n02/n02/yuansun/cesm/cesm_inputdata/lnd/clm2/mappingdata/maps/0.9x1.25/map_1km-merge-10min_HYDRO1K-merge-nomask_to_0.9x1.25_nomask_aave_da_c130405.nc
  mapping for VIC parameters   
  mapping for CH4 parameters   

 ======================================================================
 PFTs Output
 ======================================================================

 ......................................................................
 plant type                          input grid area output grid area
                                       10**6 km**2      10**6 km**2
 ......................................................................

 not vegetated                                 0.000           43.115
 needleleaf evergreen temperate tree           0.000            5.679
 needleleaf evergreen boreal tree              0.000            6.563
 needleleaf deciduous boreal tree              0.000            2.122
 broadleaf evergreen tropical tree             0.000           16.225
 broadleaf evergreen temperate tree            0.000            1.492
 broadleaf deciduous tropical tree             0.000            2.115
 broadleaf deciduous temperate tree            0.000            3.358
 broadleaf deciduous boreal tree               0.000            1.178
 broadleaf evergreen shrub                     0.000            0.042
 broadleaf deciduous temperate shrub           0.000            4.801
 broadleaf deciduous boreal shrub              0.000            5.176
 c3 arctic grass                               0.000            9.970
 c3 non-arctic grass                           0.000           17.287
 c4 grass                                      0.000           21.786
 c3_crop                                       0.000            0.012
 c3_irrigated                                  0.000            0.000
 temperate_corn                                0.000            0.841
 irrigated_temperate_corn                      0.000            0.196
 spring_wheat                                  0.000            2.270
 irrigated_spring_wheat                        0.000            0.614
 winter_wheat                                  0.000            0.000
 irrigated_winter_wheat                        0.000            0.000
 temperate_soybean                             0.000            0.551
 irrigated_temperate_soybean                   0.000            0.065
 barley                                        0.000            0.777
 irrigated_barley                              0.000            0.073
 winter_barley                                 0.000            0.000
 irrigated_winter_barley                       0.000            0.000
 rye                                           0.000            0.129
 irrigated_rye                                 0.000            0.006
 winter_rye                                    0.000            0.000
 irrigated_winter_rye                          0.000            0.000
 cassava                                       0.000            0.212
 irrigated_cassava                             0.000            0.019
 citrus                                        0.000            0.129
 irrigated citrus                              0.000            0.049
 cocoa                                         0.000            0.130
 irrigated_cocoa                               0.000            0.005
 coffee                                        0.000            0.253
 irrigated_coffee                              0.000            0.028
 cotton                                        0.000            0.138
 irrigated_cotton                              0.000            0.072
 datepalm                                      0.000            0.019
 irrigated_datepalm                            0.000            0.008
 foddergrass                                   0.000            1.474
 irrigated_foddergrass                         0.000            0.157
 grapes                                        0.000            0.145
 irrigated_grapes                              0.000            0.038
 groundnuts                                    0.000            0.292
 irrigated_groundnuts                          0.000            0.049
 millet                                        0.000            0.449
 irrigated_millet                              0.000            0.042
 oilpalm                                       0.000            0.217
 irrigated_oilpalm                             0.000            0.012
 potatoes                                      0.000            0.279
 irrigated_potatoes                            0.000            0.046
 pulses                                        0.000            0.881
 irrigated_pulses                              0.000            0.175
 rapeseed                                      0.000            0.225
 irrigated_rapeseed                            0.000            0.068
 rice                                          0.000            1.410
 irrigated_rice                                0.000            0.703
 sorghum                                       0.000            0.562
 irrigated_sorghum                             0.000            0.049
 sugarbeet                                     0.000            0.067
 irrigated_sugarbeet                           0.000            0.012
 sugarcane                                     0.000            0.196
 irrigated_sugarcane                           0.000            0.067
 sunflower                                     0.000            0.286
 irrigated_sunflower                           0.000            0.024
 miscanthus                                    0.000            0.000
 irrigated_miscanthus                          0.000            0.000
 switchgrass                                   0.000            0.000
 irrigated_switchgrass                         0.000            0.000
 tropical_corn                                 0.000            0.899
 irrigated_tropical_corn                       0.000            0.096
 tropical_soybean                              0.000            0.327
 irrigated_tropical_soybean                    0.000            0.042

 ======================================================================
 Harvesting Output
 ======================================================================

 ......................................................................
 harvest type                        input grid area output grid area
                                       10**6 km**2      10**6 km**2
 ......................................................................

           HARVEST_VH1                        13.001           13.001
           HARVEST_VH2                        21.066           21.066
           HARVEST_SH1                         6.185            6.185
           HARVEST_SH2                        15.509           15.509
           HARVEST_SH3                        36.235           36.235
           GRAZING                        -15678.115       -15678.115

 ======================================================================
 Inland Water Output
 ======================================================================

 ......................................................................
 surface type   input grid area  output grid area
                  10**6 km**2      10**6 km**2   
 ......................................................................

 lakes                2.926            2.877
 all surface        510.100          510.100

 ======================================================================
 Glacier Output
 ======================================================================

 ......................................................................
 surface type   input grid area  output grid area
                  10**6 km**2      10**6 km**2   
 ......................................................................

 glaciers            16.152           16.140
 all surface        510.100          510.100

 ======================================================================
 Glacier Region ID Output
 ======================================================================

 ......................................................................
 index      input grid area  output grid area
                10**6 km**2       10**6 km**2
 ......................................................................

         0          471.697           469.887
         1            1.904             1.975
         2            2.329             2.658
         3           34.170            35.580

 ======================================================================
 Soil Texture Output
 ======================================================================

 The following table of soil texture classes is for comparison only.
 The actual data is continuous %sand, %silt and %clay not textural classes


 ......................................................................
 soil texture class                  input grid area output grid area
                                       10**6 km**2      10**6 km**2
 ......................................................................

 no soil: ocean, glacier, lake, no data           0.000            0.000
 clays                                          128.270          130.009
 sands                                          505.963          515.401
 loams                                          633.863          622.013
 silts                                           33.062           33.736

 ======================================================================
 Soil Color Output
 ======================================================================

 ......................................................................
 soil color type                     input grid area output grid area
                                       10**6 km**2      10**6 km**2
 ......................................................................

 no soil                                       0.000            0.000
 class 1: light                                1.828            1.864
 class 2:                                      1.628            1.809
 class 3:                                      1.665            1.539
 class 4:                                      1.767            1.708
 class 5:                                      1.714            1.569
 class 6:                                      1.572            1.363
 class 7:                                      1.583            1.194
 class 8:                                      1.967            1.708
 class 9:                                      2.391            1.957
 class 10:                                    19.883           20.171
 class 11:                                     4.477            3.828
 class 12:                                     7.039            6.582
 class 13:                                    10.520           10.388
 class 14:                                    14.353           14.561
 class 15:                                    21.008           22.349
 class 16:                                    23.764           25.430
 class 17:                                    13.746           13.251
 class 18:                                    10.059            9.230
 class 19:                                     9.480            9.630
 class 20: dark                                6.352            6.666

 ======================================================================
 Maximum Fractional Saturated Area Output
 ======================================================================

 ......................................................................
 surface type   input grid area  output grid area
                  10**6 km**2      10**6 km**2   
 ......................................................................

 fmax             0.629            0.629
 all surface        510.100          510.100

 ======================================================================
 GDP Output
 ======================================================================

 ......................................................................
    parameter              input grid          output grid
                      x1000 US$ per capita    x1000 US$ per capita
 ......................................................................

          GDP                 7.679            7.679

 ======================================================================
 Peat Output
 ======================================================================

 ......................................................................
 surface type   input grid area  output grid area
                  10**6 km**2      10**6 km**2   
 ......................................................................

         Peat         2.157            2.157
  all surface       510.100          510.100

 ======================================================================
 Soildepth Output
 ======================================================================

 ......................................................................
 surface type   input grid area  output grid area
                  10**6 km**2      10**6 km**2   
 ......................................................................

    Soildepth      2048.572         2048.572
  all surface       510.100          510.100

 ======================================================================
 Agricultural fire peak month Output
 ======================================================================

 ......................................................................
 peak month                     input grid area output grid area
                                       10**6 km**2      10**6 km**2
 ......................................................................

 January                                       2.516            3.655
 February                                      2.653            4.160
 March                                         3.780            6.627
 April                                         5.981           10.113
 May                                           4.796            8.030
 June                                          2.794            4.894
 July                                          4.168            6.643
 August                                        6.095           10.091
 September                                     5.286            8.644
 October                                       4.286            6.513
 November                                      2.686            4.304
 December                                      2.669            3.877
 no agricultural fire peak month dat         115.921           86.080

 ======================================================================
 Urban Output -- class 1
 ======================================================================

 ......................................................................
 surface type   input grid area  output grid area
                  10**6 km**2      10**6 km**2   
 ......................................................................

 urban                0.001            0.00072768
 all surface        510.100          510.100

 ======================================================================
 Urban Output -- class 2
 ======================================================================

 ......................................................................
 surface type   input grid area  output grid area
                  10**6 km**2      10**6 km**2   
 ......................................................................

 urban                0.171            0.17053154
 all surface        510.100          510.100

 ======================================================================
 Urban Output -- class 3
 ======================================================================

 ......................................................................
 surface type   input grid area  output grid area
                  10**6 km**2      10**6 km**2   
 ......................................................................

 urban                0.664            0.65494122
 all surface        510.100          510.100

 ======================================================================
 Urban Region ID Output
 ======================================================================

 ......................................................................
 index      input grid area  output grid area
                10**6 km**2       10**6 km**2
 ......................................................................

         1            1.582             1.599
         2            7.809             7.809
         3            8.559             8.539
         4            6.609             6.567
         5            5.680             5.711
         6           10.158            10.140
         7            0.295             0.291
         8            9.436             9.440
         9            5.824             5.810
        10            0.712             0.717
        11            2.181             2.156
        12            2.251             2.250
        13            3.194             3.223
        14            2.548             2.557
        15            6.032             6.035
        16            9.509             9.583
        17            1.240             1.293
        18            0.842             0.862
        19            1.774             1.776
        20            1.281             1.185
        21            1.025             1.051
        22           17.019            17.021
        23            3.087             3.117
        24            1.943             1.908
        25            1.405             1.368
        26            1.296             1.281
        27            4.844             4.809
        28            1.122             1.111
        29            1.801             1.873
        30            4.210             4.219
        31            5.183             5.194
        32            5.043             4.986
        33            1.118             1.129

 ======================================================================
 Urban elev variable Output
 ======================================================================

 ......................................................................
    parameter              input grid          output grid
                                         m                       m
 ......................................................................

 Urban elev v               230.498          230.498

 ======================================================================
 Topo Std Dev Output
 ======================================================================

 ......................................................................
    parameter              output grid
                                         m
 ......................................................................

 Topo Std Dev               163.252

 ======================================================================
 Slope Output
 ======================================================================

 ......................................................................
    parameter              input grid          output grid
                                   degrees                 degrees
 ......................................................................

        Slope                 1.483            1.483

 ======================================================================
 Lake Depth Output
 ======================================================================

 ......................................................................
    parameter              input grid          output grid
                                         m                       m
 ......................................................................

   Lake Depth                11.166           11.166

 ======================================================================
 LAI Output for month            1
 ======================================================================

 ......................................................................
 PFT input grid area output grid area
         10**6 km**2      10**6 km**2
 ......................................................................

   0           0.000            0.000
   1           1.627            1.627
   2           0.969            0.969
   3           0.089            0.089
   4           2.489            2.489
   5           2.045            2.045
   6           1.032            1.032
   7           0.688            0.688
   8           0.248            0.248
   9           0.165            0.165
  10           0.363            0.363
  11           0.071            0.071
  12           0.116            0.116
  13           0.598            0.598
  14           0.851            0.851
  15           1.286            1.286
  16           0.000            0.000
  17           0.000            0.000
  18           0.000            0.000
  19           0.000            0.000
  20           0.000            0.000
  21           0.000            0.000
  22           0.000            0.000
  23           0.000            0.000
  24           0.000            0.000
  25           0.000            0.000
  26           0.000            0.000
  27           0.000            0.000
  28           0.000            0.000
  29           0.000            0.000
  30           0.000            0.000
  31           0.000            0.000
  32           0.000            0.000
  33           0.000            0.000
  34           0.000            0.000
  35           0.000            0.000
  36           0.000            0.000
  37           0.000            0.000
  38           0.000            0.000
  39           0.000            0.000
  40           0.000            0.000
  41           0.000            0.000
  42           0.000            0.000
  43           0.000            0.000
  44           0.000            0.000
  45           0.000            0.000
  46           0.000            0.000
  47           0.000            0.000
  48           0.000            0.000
  49           0.000            0.000
  50           0.000            0.000
  51           0.000            0.000
  52           0.000            0.000
  53           0.000            0.000
  54           0.000            0.000
  55           0.000            0.000
  56           0.000            0.000
  57           0.000            0.000
  58           0.000            0.000
  59           0.000            0.000
  60           0.000            0.000
  61           0.000            0.000
  62           0.000            0.000
  63           0.000            0.000
  64           0.000            0.000
  65           0.000            0.000
  66           0.000            0.000
  67           0.000            0.000
  68           0.000            0.000
  69           0.000            0.000
  70           0.000            0.000
  71           0.000            0.000
  72           0.000            0.000
  73           0.000            0.000
  74           0.000            0.000
  75           0.000            0.000
  76           0.000            0.000
  77           0.000            0.000
  78           0.000            0.000

 ======================================================================
 LAI Output for month            2
 ======================================================================

 ......................................................................
 PFT input grid area output grid area
         10**6 km**2      10**6 km**2
 ......................................................................

   0           0.000            0.000
   1           1.624            1.624
   2           0.971            0.971
   3           0.083            0.083
   4           2.519            2.519
   5           2.085            2.085
   6           1.040            1.040
   7           0.715            0.715
   8           0.253            0.253
   9           0.174            0.174
  10           0.395            0.395
  11           0.074            0.074
  12           0.122            0.122
  13           0.609            0.609
  14           0.869            0.869
  15           1.319            1.319
  16           0.000            0.000
  17           0.000            0.000
  18           0.000            0.000
  19           0.000            0.000
  20           0.000            0.000
  21           0.000            0.000
  22           0.000            0.000
  23           0.000            0.000
  24           0.000            0.000
  25           0.000            0.000
  26           0.000            0.000
  27           0.000            0.000
  28           0.000            0.000
  29           0.000            0.000
  30           0.000            0.000
  31           0.000            0.000
  32           0.000            0.000
  33           0.000            0.000
  34           0.000            0.000
  35           0.000            0.000
  36           0.000            0.000
  37           0.000            0.000
  38           0.000            0.000
  39           0.000            0.000
  40           0.000            0.000
  41           0.000            0.000
  42           0.000            0.000
  43           0.000            0.000
  44           0.000            0.000
  45           0.000            0.000
  46           0.000            0.000
  47           0.000            0.000
  48           0.000            0.000
  49           0.000            0.000
  50           0.000            0.000
  51           0.000            0.000
  52           0.000            0.000
  53           0.000            0.000
  54           0.000            0.000
  55           0.000            0.000
  56           0.000            0.000
  57           0.000            0.000
  58           0.000            0.000
  59           0.000            0.000
  60           0.000            0.000
  61           0.000            0.000
  62           0.000            0.000
  63           0.000            0.000
  64           0.000            0.000
  65           0.000            0.000
  66           0.000            0.000
  67           0.000            0.000
  68           0.000            0.000
  69           0.000            0.000
  70           0.000            0.000
  71           0.000            0.000
  72           0.000            0.000
  73           0.000            0.000
  74           0.000            0.000
  75           0.000            0.000
  76           0.000            0.000
  77           0.000            0.000
  78           0.000            0.000

 ======================================================================
 LAI Output for month            3
 ======================================================================

 ......................................................................
 PFT input grid area output grid area
         10**6 km**2      10**6 km**2
 ......................................................................

   0           0.000            0.000
   1           1.642            1.642
   2           0.958            0.958
   3           0.066            0.066
   4           2.568            2.568
   5           2.107            2.107
   6           1.086            1.086
   7           0.715            0.715
   8           0.205            0.205
   9           0.221            0.221
  10           0.436            0.436
  11           0.071            0.071
  12           0.115            0.115
  13           0.652            0.652
  14           0.924            0.924
  15           1.385            1.385
  16           0.000            0.000
  17           0.000            0.000
  18           0.000            0.000
  19           0.000            0.000
  20           0.000            0.000
  21           0.000            0.000
  22           0.000            0.000
  23           0.000            0.000
  24           0.000            0.000
  25           0.000            0.000
  26           0.000            0.000
  27           0.000            0.000
  28           0.000            0.000
  29           0.000            0.000
  30           0.000            0.000
  31           0.000            0.000
  32           0.000            0.000
  33           0.000            0.000
  34           0.000            0.000
  35           0.000            0.000
  36           0.000            0.000
  37           0.000            0.000
  38           0.000            0.000
  39           0.000            0.000
  40           0.000            0.000
  41           0.000            0.000
  42           0.000            0.000
  43           0.000            0.000
  44           0.000            0.000
  45           0.000            0.000
  46           0.000            0.000
  47           0.000            0.000
  48           0.000            0.000
  49           0.000            0.000
  50           0.000            0.000
  51           0.000            0.000
  52           0.000            0.000
  53           0.000            0.000
  54           0.000            0.000
  55           0.000            0.000
  56           0.000            0.000
  57           0.000            0.000
  58           0.000            0.000
  59           0.000            0.000
  60           0.000            0.000
  61           0.000            0.000
  62           0.000            0.000
  63           0.000            0.000
  64           0.000            0.000
  65           0.000            0.000
  66           0.000            0.000
  67           0.000            0.000
  68           0.000            0.000
  69           0.000            0.000
  70           0.000            0.000
  71           0.000            0.000
  72           0.000            0.000
  73           0.000            0.000
  74           0.000            0.000
  75           0.000            0.000
  76           0.000            0.000
  77           0.000            0.000
  78           0.000            0.000

 ======================================================================
 LAI Output for month            4
 ======================================================================

 ......................................................................
 PFT input grid area output grid area
         10**6 km**2      10**6 km**2
 ......................................................................

   0           0.000            0.000
   1           1.698            1.698
   2           0.967            0.967
   3           0.078            0.078
   4           2.610            2.610
   5           2.189            2.189
   6           1.156            1.156
   7           0.871            0.871
   8           0.074            0.074
   9           0.274            0.274
  10           0.469            0.469
  11           0.068            0.068
  12           0.111            0.111
  13           0.737            0.737
  14           1.019            1.019
  15           1.530            1.530
  16           0.000            0.000
  17           0.000            0.000
  18           0.000            0.000
  19           0.000            0.000
  20           0.000            0.000
  21           0.000            0.000
  22           0.000            0.000
  23           0.000            0.000
  24           0.000            0.000
  25           0.000            0.000
  26           0.000            0.000
  27           0.000            0.000
  28           0.000            0.000
  29           0.000            0.000
  30           0.000            0.000
  31           0.000            0.000
  32           0.000            0.000
  33           0.000            0.000
  34           0.000            0.000
  35           0.000            0.000
  36           0.000            0.000
  37           0.000            0.000
  38           0.000            0.000
  39           0.000            0.000
  40           0.000            0.000
  41           0.000            0.000
  42           0.000            0.000
  43           0.000            0.000
  44           0.000            0.000
  45           0.000            0.000
  46           0.000            0.000
  47           0.000            0.000
  48           0.000            0.000
  49           0.000            0.000
  50           0.000            0.000
  51           0.000            0.000
  52           0.000            0.000
  53           0.000            0.000
  54           0.000            0.000
  55           0.000            0.000
  56           0.000            0.000
  57           0.000            0.000
  58           0.000            0.000
  59           0.000            0.000
  60           0.000            0.000
  61           0.000            0.000
  62           0.000            0.000
  63           0.000            0.000
  64           0.000            0.000
  65           0.000            0.000
  66           0.000            0.000
  67           0.000            0.000
  68           0.000            0.000
  69           0.000            0.000
  70           0.000            0.000
  71           0.000            0.000
  72           0.000            0.000
  73           0.000            0.000
  74           0.000            0.000
  75           0.000            0.000
  76           0.000            0.000
  77           0.000            0.000
  78           0.000            0.000

 ======================================================================
 LAI Output for month            5
 ======================================================================

 ......................................................................
 PFT input grid area output grid area
         10**6 km**2      10**6 km**2
 ......................................................................

   0           0.000            0.000
   1           1.905            1.905
   2           1.009            1.009
   3           0.449            0.449
   4           2.559            2.559
   5           2.204            2.204
   6           1.228            1.228
   7           1.386            1.386
   8           0.280            0.280
   9           0.286            0.286
  10           0.525            0.525
  11           0.165            0.165
  12           0.179            0.179
  13           0.905            0.905
  14           1.108            1.108
  15           1.778            1.778
  16           0.000            0.000
  17           0.000            0.000
  18           0.000            0.000
  19           0.000            0.000
  20           0.000            0.000
  21           0.000            0.000
  22           0.000            0.000
  23           0.000            0.000
  24           0.000            0.000
  25           0.000            0.000
  26           0.000            0.000
  27           0.000            0.000
  28           0.000            0.000
  29           0.000            0.000
  30           0.000            0.000
  31           0.000            0.000
  32           0.000            0.000
  33           0.000            0.000
  34           0.000            0.000
  35           0.000            0.000
  36           0.000            0.000
  37           0.000            0.000
  38           0.000            0.000
  39           0.000            0.000
  40           0.000            0.000
  41           0.000            0.000
  42           0.000            0.000
  43           0.000            0.000
  44           0.000            0.000
  45           0.000            0.000
  46           0.000            0.000
  47           0.000            0.000
  48           0.000            0.000
  49           0.000            0.000
  50           0.000            0.000
  51           0.000            0.000
  52           0.000            0.000
  53           0.000            0.000
  54           0.000            0.000
  55           0.000            0.000
  56           0.000            0.000
  57           0.000            0.000
  58           0.000            0.000
  59           0.000            0.000
  60           0.000            0.000
  61           0.000            0.000
  62           0.000            0.000
  63           0.000            0.000
  64           0.000            0.000
  65           0.000            0.000
  66           0.000            0.000
  67           0.000            0.000
  68           0.000            0.000
  69           0.000            0.000
  70           0.000            0.000
  71           0.000            0.000
  72           0.000            0.000
  73           0.000            0.000
  74           0.000            0.000
  75           0.000            0.000
  76           0.000            0.000
  77           0.000            0.000
  78           0.000            0.000

 ======================================================================
 LAI Output for month            6
 ======================================================================

 ......................................................................
 PFT input grid area output grid area
         10**6 km**2      10**6 km**2
 ......................................................................

   0           0.000            0.000
   1           2.301            2.301
   2           1.406            1.406
   3           1.036            1.036
   4           2.498            2.498
   5           2.137            2.137
   6           1.282            1.282
   7           1.766            1.766
   8           1.264            1.264
   9           0.237            0.237
  10           0.621            0.621
  11           0.505            0.505
  12           0.489            0.489
  13           1.185            1.185
  14           1.151            1.151
  15           2.138            2.138
  16           0.000            0.000
  17           0.000            0.000
  18           0.000            0.000
  19           0.000            0.000
  20           0.000            0.000
  21           0.000            0.000
  22           0.000            0.000
  23           0.000            0.000
  24           0.000            0.000
  25           0.000            0.000
  26           0.000            0.000
  27           0.000            0.000
  28           0.000            0.000
  29           0.000            0.000
  30           0.000            0.000
  31           0.000            0.000
  32           0.000            0.000
  33           0.000            0.000
  34           0.000            0.000
  35           0.000            0.000
  36           0.000            0.000
  37           0.000            0.000
  38           0.000            0.000
  39           0.000            0.000
  40           0.000            0.000
  41           0.000            0.000
  42           0.000            0.000
  43           0.000            0.000
  44           0.000            0.000
  45           0.000            0.000
  46           0.000            0.000
  47           0.000            0.000
  48           0.000            0.000
  49           0.000            0.000
  50           0.000            0.000
  51           0.000            0.000
  52           0.000            0.000
  53           0.000            0.000
  54           0.000            0.000
  55           0.000            0.000
  56           0.000            0.000
  57           0.000            0.000
  58           0.000            0.000
  59           0.000            0.000
  60           0.000            0.000
  61           0.000            0.000
  62           0.000            0.000
  63           0.000            0.000
  64           0.000            0.000
  65           0.000            0.000
  66           0.000            0.000
  67           0.000            0.000
  68           0.000            0.000
  69           0.000            0.000
  70           0.000            0.000
  71           0.000            0.000
  72           0.000            0.000
  73           0.000            0.000
  74           0.000            0.000
  75           0.000            0.000
  76           0.000            0.000
  77           0.000            0.000
  78           0.000            0.000

 ======================================================================
 LAI Output for month            7
 ======================================================================

 ......................................................................
 PFT input grid area output grid area
         10**6 km**2      10**6 km**2
 ......................................................................

   0           0.000            0.000
   1           2.378            2.378
   2           1.744            1.744
   3           1.284            1.284
   4           2.554            2.554
   5           2.195            2.195
   6           1.365            1.365
   7           1.803            1.803
   8           1.632            1.632
   9           0.200            0.200
  10           0.680            0.680
  11           0.759            0.759
  12           0.716            0.716
  13           1.288            1.288
  14           1.215            1.215
  15           2.295            2.295
  16           0.000            0.000
  17           0.000            0.000
  18           0.000            0.000
  19           0.000            0.000
  20           0.000            0.000
  21           0.000            0.000
  22           0.000            0.000
  23           0.000            0.000
  24           0.000            0.000
  25           0.000            0.000
  26           0.000            0.000
  27           0.000            0.000
  28           0.000            0.000
  29           0.000            0.000
  30           0.000            0.000
  31           0.000            0.000
  32           0.000            0.000
  33           0.000            0.000
  34           0.000            0.000
  35           0.000            0.000
  36           0.000            0.000
  37           0.000            0.000
  38           0.000            0.000
  39           0.000            0.000
  40           0.000            0.000
  41           0.000            0.000
  42           0.000            0.000
  43           0.000            0.000
  44           0.000            0.000
  45           0.000            0.000
  46           0.000            0.000
  47           0.000            0.000
  48           0.000            0.000
  49           0.000            0.000
  50           0.000            0.000
  51           0.000            0.000
  52           0.000            0.000
  53           0.000            0.000
  54           0.000            0.000
  55           0.000            0.000
  56           0.000            0.000
  57           0.000            0.000
  58           0.000            0.000
  59           0.000            0.000
  60           0.000            0.000
  61           0.000            0.000
  62           0.000            0.000
  63           0.000            0.000
  64           0.000            0.000
  65           0.000            0.000
  66           0.000            0.000
  67           0.000            0.000
  68           0.000            0.000
  69           0.000            0.000
  70           0.000            0.000
  71           0.000            0.000
  72           0.000            0.000
  73           0.000            0.000
  74           0.000            0.000
  75           0.000            0.000
  76           0.000            0.000
  77           0.000            0.000
  78           0.000            0.000

 ======================================================================
 LAI Output for month            8
 ======================================================================

 ......................................................................
 PFT input grid area output grid area
         10**6 km**2      10**6 km**2
 ......................................................................

   0           0.000            0.000
   1           2.191            2.191
   2           1.442            1.442
   3           1.077            1.077
   4           2.677            2.677
   5           2.260            2.260
   6           1.436            1.436
   7           1.726            1.726
   8           1.307            1.307
   9           0.187            0.187
  10           0.649            0.649
  11           0.617            0.617
  12           0.588            0.588
  13           1.173            1.173
  14           1.227            1.227
  15           2.167            2.167
  16           0.000            0.000
  17           0.000            0.000
  18           0.000            0.000
  19           0.000            0.000
  20           0.000            0.000
  21           0.000            0.000
  22           0.000            0.000
  23           0.000            0.000
  24           0.000            0.000
  25           0.000            0.000
  26           0.000            0.000
  27           0.000            0.000
  28           0.000            0.000
  29           0.000            0.000
  30           0.000            0.000
  31           0.000            0.000
  32           0.000            0.000
  33           0.000            0.000
  34           0.000            0.000
  35           0.000            0.000
  36           0.000            0.000
  37           0.000            0.000
  38           0.000            0.000
  39           0.000            0.000
  40           0.000            0.000
  41           0.000            0.000
  42           0.000            0.000
  43           0.000            0.000
  44           0.000            0.000
  45           0.000            0.000
  46           0.000            0.000
  47           0.000            0.000
  48           0.000            0.000
  49           0.000            0.000
  50           0.000            0.000
  51           0.000            0.000
  52           0.000            0.000
  53           0.000            0.000
  54           0.000            0.000
  55           0.000            0.000
  56           0.000            0.000
  57           0.000            0.000
  58           0.000            0.000
  59           0.000            0.000
  60           0.000            0.000
  61           0.000            0.000
  62           0.000            0.000
  63           0.000            0.000
  64           0.000            0.000
  65           0.000            0.000
  66           0.000            0.000
  67           0.000            0.000
  68           0.000            0.000
  69           0.000            0.000
  70           0.000            0.000
  71           0.000            0.000
  72           0.000            0.000
  73           0.000            0.000
  74           0.000            0.000
  75           0.000            0.000
  76           0.000            0.000
  77           0.000            0.000
  78           0.000            0.000

 ======================================================================
 LAI Output for month            9
 ======================================================================

 ......................................................................
 PFT input grid area output grid area
         10**6 km**2      10**6 km**2
 ......................................................................

   0           0.000            0.000
   1           1.838            1.838
   2           1.036            1.036
   3           0.285            0.285
   4           2.737            2.737
   5           2.265            2.265
   6           1.482            1.482
   7           1.382            1.382
   8           0.303            0.303
   9           0.171            0.171
  10           0.523            0.523
  11           0.305            0.305
  12           0.284            0.284
  13           0.890            0.890
  14           1.132            1.132
  15           1.767            1.767
  16           0.000            0.000
  17           0.000            0.000
  18           0.000            0.000
  19           0.000            0.000
  20           0.000            0.000
  21           0.000            0.000
  22           0.000            0.000
  23           0.000            0.000
  24           0.000            0.000
  25           0.000            0.000
  26           0.000            0.000
  27           0.000            0.000
  28           0.000            0.000
  29           0.000            0.000
  30           0.000            0.000
  31           0.000            0.000
  32           0.000            0.000
  33           0.000            0.000
  34           0.000            0.000
  35           0.000            0.000
  36           0.000            0.000
  37           0.000            0.000
  38           0.000            0.000
  39           0.000            0.000
  40           0.000            0.000
  41           0.000            0.000
  42           0.000            0.000
  43           0.000            0.000
  44           0.000            0.000
  45           0.000            0.000
  46           0.000            0.000
  47           0.000            0.000
  48           0.000            0.000
  49           0.000            0.000
  50           0.000            0.000
  51           0.000            0.000
  52           0.000            0.000
  53           0.000            0.000
  54           0.000            0.000
  55           0.000            0.000
  56           0.000            0.000
  57           0.000            0.000
  58           0.000            0.000
  59           0.000            0.000
  60           0.000            0.000
  61           0.000            0.000
  62           0.000            0.000
  63           0.000            0.000
  64           0.000            0.000
  65           0.000            0.000
  66           0.000            0.000
  67           0.000            0.000
  68           0.000            0.000
  69           0.000            0.000
  70           0.000            0.000
  71           0.000            0.000
  72           0.000            0.000
  73           0.000            0.000
  74           0.000            0.000
  75           0.000            0.000
  76           0.000            0.000
  77           0.000            0.000
  78           0.000            0.000

 ======================================================================
 LAI Output for month           10
 ======================================================================

 ......................................................................
 PFT input grid area output grid area
         10**6 km**2      10**6 km**2
 ......................................................................

   0           0.000            0.000
   1           1.666            1.666
   2           0.968            0.968
   3           0.051            0.051
   4           2.662            2.662
   5           2.195            2.195
   6           1.421            1.421
   7           0.896            0.896
   8           0.030            0.030
   9           0.156            0.156
  10           0.416            0.416
  11           0.166            0.166
  12           0.160            0.160
  13           0.722            0.722
  14           1.005            1.005
  15           1.482            1.482
  16           0.000            0.000
  17           0.000            0.000
  18           0.000            0.000
  19           0.000            0.000
  20           0.000            0.000
  21           0.000            0.000
  22           0.000            0.000
  23           0.000            0.000
  24           0.000            0.000
  25           0.000            0.000
  26           0.000            0.000
  27           0.000            0.000
  28           0.000            0.000
  29           0.000            0.000
  30           0.000            0.000
  31           0.000            0.000
  32           0.000            0.000
  33           0.000            0.000
  34           0.000            0.000
  35           0.000            0.000
  36           0.000            0.000
  37           0.000            0.000
  38           0.000            0.000
  39           0.000            0.000
  40           0.000            0.000
  41           0.000            0.000
  42           0.000            0.000
  43           0.000            0.000
  44           0.000            0.000
  45           0.000            0.000
  46           0.000            0.000
  47           0.000            0.000
  48           0.000            0.000
  49           0.000            0.000
  50           0.000            0.000
  51           0.000            0.000
  52           0.000            0.000
  53           0.000            0.000
  54           0.000            0.000
  55           0.000            0.000
  56           0.000            0.000
  57           0.000            0.000
  58           0.000            0.000
  59           0.000            0.000
  60           0.000            0.000
  61           0.000            0.000
  62           0.000            0.000
  63           0.000            0.000
  64           0.000            0.000
  65           0.000            0.000
  66           0.000            0.000
  67           0.000            0.000
  68           0.000            0.000
  69           0.000            0.000
  70           0.000            0.000
  71           0.000            0.000
  72           0.000            0.000
  73           0.000            0.000
  74           0.000            0.000
  75           0.000            0.000
  76           0.000            0.000
  77           0.000            0.000
  78           0.000            0.000

 ======================================================================
 LAI Output for month           11
 ======================================================================

 ......................................................................
 PFT input grid area output grid area
         10**6 km**2      10**6 km**2
 ......................................................................

   0           0.000            0.000
   1           1.619            1.619
   2           0.957            0.957
   3           0.073            0.073
   4           2.576            2.576
   5           2.103            2.103
   6           1.274            1.274
   7           0.694            0.694
   8           0.098            0.098
   9           0.172            0.172
  10           0.366            0.366
  11           0.085            0.085
  12           0.101            0.101
  13           0.655            0.655
  14           0.931            0.931
  15           1.362            1.362
  16           0.000            0.000
  17           0.000            0.000
  18           0.000            0.000
  19           0.000            0.000
  20           0.000            0.000
  21           0.000            0.000
  22           0.000            0.000
  23           0.000            0.000
  24           0.000            0.000
  25           0.000            0.000
  26           0.000            0.000
  27           0.000            0.000
  28           0.000            0.000
  29           0.000            0.000
  30           0.000            0.000
  31           0.000            0.000
  32           0.000            0.000
  33           0.000            0.000
  34           0.000            0.000
  35           0.000            0.000
  36           0.000            0.000
  37           0.000            0.000
  38           0.000            0.000
  39           0.000            0.000
  40           0.000            0.000
  41           0.000            0.000
  42           0.000            0.000
  43           0.000            0.000
  44           0.000            0.000
  45           0.000            0.000
  46           0.000            0.000
  47           0.000            0.000
  48           0.000            0.000
  49           0.000            0.000
  50           0.000            0.000
  51           0.000            0.000
  52           0.000            0.000
  53           0.000            0.000
  54           0.000            0.000
  55           0.000            0.000
  56           0.000            0.000
  57           0.000            0.000
  58           0.000            0.000
  59           0.000            0.000
  60           0.000            0.000
  61           0.000            0.000
  62           0.000            0.000
  63           0.000            0.000
  64           0.000            0.000
  65           0.000            0.000
  66           0.000            0.000
  67           0.000            0.000
  68           0.000            0.000
  69           0.000            0.000
  70           0.000            0.000
  71           0.000            0.000
  72           0.000            0.000
  73           0.000            0.000
  74           0.000            0.000
  75           0.000            0.000
  76           0.000            0.000
  77           0.000            0.000
  78           0.000            0.000

 ======================================================================
 LAI Output for month           12
 ======================================================================

 ......................................................................
 PFT input grid area output grid area
         10**6 km**2      10**6 km**2
 ......................................................................

   0           0.000            0.000
   1           1.616            1.616
   2           0.961            0.961
   3           0.089            0.089
   4           2.500            2.500
   5           2.041            2.041
   6           1.108            1.108
   7           0.678            0.678
   8           0.113            0.113
   9           0.183            0.183
  10           0.350            0.350
  11           0.068            0.068
  12           0.100            0.100
  13           0.614            0.614
  14           0.879            0.879
  15           1.298            1.298
  16           0.000            0.000
  17           0.000            0.000
  18           0.000            0.000
  19           0.000            0.000
  20           0.000            0.000
  21           0.000            0.000
  22           0.000            0.000
  23           0.000            0.000
  24           0.000            0.000
  25           0.000            0.000
  26           0.000            0.000
  27           0.000            0.000
  28           0.000            0.000
  29           0.000            0.000
  30           0.000            0.000
  31           0.000            0.000
  32           0.000            0.000
  33           0.000            0.000
  34           0.000            0.000
  35           0.000            0.000
  36           0.000            0.000
  37           0.000            0.000
  38           0.000            0.000
  39           0.000            0.000
  40           0.000            0.000
  41           0.000            0.000
  42           0.000            0.000
  43           0.000            0.000
  44           0.000            0.000
  45           0.000            0.000
  46           0.000            0.000
  47           0.000            0.000
  48           0.000            0.000
  49           0.000            0.000
  50           0.000            0.000
  51           0.000            0.000
  52           0.000            0.000
  53           0.000            0.000
  54           0.000            0.000
  55           0.000            0.000
  56           0.000            0.000
  57           0.000            0.000
  58           0.000            0.000
  59           0.000            0.000
  60           0.000            0.000
  61           0.000            0.000
  62           0.000            0.000
  63           0.000            0.000
  64           0.000            0.000
  65           0.000            0.000
  66           0.000            0.000
  67           0.000            0.000
  68           0.000            0.000
  69           0.000            0.000
  70           0.000            0.000
  71           0.000            0.000
  72           0.000            0.000
  73           0.000            0.000
  74           0.000            0.000
  75           0.000            0.000
  76           0.000            0.000
  77           0.000            0.000
  78           0.000            0.000

 ======================================================================
 PFTs Output
 ======================================================================

 ......................................................................
 plant type                          input grid area output grid area
                                       10**6 km**2      10**6 km**2
 ......................................................................

 not vegetated                                 0.000           43.115
 needleleaf evergreen temperate tree           0.000            5.679
 needleleaf evergreen boreal tree              0.000            6.563
 needleleaf deciduous boreal tree              0.000            2.122
 broadleaf evergreen tropical tree             0.000           16.225
 broadleaf evergreen temperate tree            0.000            1.492
 broadleaf deciduous tropical tree             0.000            2.115
 broadleaf deciduous temperate tree            0.000            3.358
 broadleaf deciduous boreal tree               0.000            1.178
 broadleaf evergreen shrub                     0.000            0.042
 broadleaf deciduous temperate shrub           0.000            4.801
 broadleaf deciduous boreal shrub              0.000            5.176
 c3 arctic grass                               0.000            9.970
 c3 non-arctic grass                           0.000           17.287
 c4 grass                                      0.000           21.786
 c3_crop                                       0.000            0.012
 c3_irrigated                                  0.000            0.000
 temperate_corn                                0.000            0.841
 irrigated_temperate_corn                      0.000            0.196
 spring_wheat                                  0.000            2.270
 irrigated_spring_wheat                        0.000            0.614
 winter_wheat                                  0.000            0.000
 irrigated_winter_wheat                        0.000            0.000
 temperate_soybean                             0.000            0.551
 irrigated_temperate_soybean                   0.000            0.065
 barley                                        0.000            0.777
 irrigated_barley                              0.000            0.073
 winter_barley                                 0.000            0.000
 irrigated_winter_barley                       0.000            0.000
 rye                                           0.000            0.129
 irrigated_rye                                 0.000            0.006
 winter_rye                                    0.000            0.000
 irrigated_winter_rye                          0.000            0.000
 cassava                                       0.000            0.212
 irrigated_cassava                             0.000            0.019
 citrus                                        0.000            0.129
 irrigated citrus                              0.000            0.049
 cocoa                                         0.000            0.130
 irrigated_cocoa                               0.000            0.005
 coffee                                        0.000            0.253
 irrigated_coffee                              0.000            0.028
 cotton                                        0.000            0.138
 irrigated_cotton                              0.000            0.072
 datepalm                                      0.000            0.019
 irrigated_datepalm                            0.000            0.008
 foddergrass                                   0.000            1.474
 irrigated_foddergrass                         0.000            0.157
 grapes                                        0.000            0.145
 irrigated_grapes                              0.000            0.038
 groundnuts                                    0.000            0.292
 irrigated_groundnuts                          0.000            0.049
 millet                                        0.000            0.449
 irrigated_millet                              0.000            0.042
 oilpalm                                       0.000            0.217
 irrigated_oilpalm                             0.000            0.012
 potatoes                                      0.000            0.279
 irrigated_potatoes                            0.000            0.046
 pulses                                        0.000            0.881
 irrigated_pulses                              0.000            0.175
 rapeseed                                      0.000            0.225
 irrigated_rapeseed                            0.000            0.068
 rice                                          0.000            1.410
 irrigated_rice                                0.000            0.703
 sorghum                                       0.000            0.562
 irrigated_sorghum                             0.000            0.049
 sugarbeet                                     0.000            0.067
 irrigated_sugarbeet                           0.000            0.012
 sugarcane                                     0.000            0.196
 irrigated_sugarcane                           0.000            0.067
 sunflower                                     0.000            0.286
 irrigated_sunflower                           0.000            0.024
 miscanthus                                    0.000            0.000
 irrigated_miscanthus                          0.000            0.000
 switchgrass                                   0.000            0.000
 irrigated_switchgrass                         0.000            0.000
 tropical_corn                                 0.000            0.899
 irrigated_tropical_corn                       0.000            0.096
 tropical_soybean                              0.000            0.327
 irrigated_tropical_soybean                    0.000            0.042

 ======================================================================
 Harvesting Output
 ======================================================================

 ......................................................................
 harvest type                        input grid area output grid area
                                       10**6 km**2      10**6 km**2
 ......................................................................

           HARVEST_VH1                        13.001           13.001
           HARVEST_VH2                        21.066           21.066
           HARVEST_SH1                         6.185            6.185
           HARVEST_SH2                        15.509           15.509
           HARVEST_SH3                        36.235           36.235
           GRAZING                        -15678.115       -15678.115

 ======================================================================
 Urban Output -- class 1
 ======================================================================

 ......................................................................
 surface type   input grid area  output grid area
                  10**6 km**2      10**6 km**2   
 ......................................................................

 urban                0.001            0.00051095
 all surface        510.100          510.100

 ======================================================================
 Urban Output -- class 2
 ======================================================================

 ......................................................................
 surface type   input grid area  output grid area
                  10**6 km**2      10**6 km**2   
 ......................................................................

 urban                0.137            0.13461163
 all surface        510.100          510.100

 ======================================================================
 Urban Output -- class 3
 ======================================================================

 ......................................................................
 surface type   input grid area  output grid area
                  10**6 km**2      10**6 km**2   
 ......................................................................

 urban                0.576            0.56528440
 all surface        510.100          510.100

 ======================================================================
 Urban Region ID Output
 ======================================================================

 ......................................................................
 index      input grid area  output grid area
                10**6 km**2       10**6 km**2
 ......................................................................

         1            1.582             1.599
         2            7.809             7.809
         3            8.559             8.539
         4            6.609             6.567
         5            5.680             5.711
         6           10.158            10.140
         7            0.295             0.291
         8            9.436             9.440
         9            5.824             5.810
        10            0.712             0.717
        11            2.181             2.156
        12            2.251             2.250
        13            3.194             3.223
        14            2.548             2.557
        15            6.032             6.035
        16            9.509             9.583
        17            1.240             1.293
        18            0.842             0.862
        19            1.774             1.776
        20            1.281             1.185
        21            1.025             1.051
        22           17.019            17.021
        23            3.087             3.117
        24            1.943             1.908
        25            1.405             1.368
        26            1.296             1.281
        27            4.844             4.809
        28            1.122             1.111
        29            1.801             1.873
        30            4.210             4.219
        31            5.183             5.194
        32            5.043             4.986
        33            1.118             1.129

 ======================================================================
 PFTs Output
 ======================================================================

 ......................................................................
 plant type                          input grid area output grid area
                                       10**6 km**2      10**6 km**2
 ......................................................................

 not vegetated                                 0.000           43.092
 needleleaf evergreen temperate tree           0.000            5.678
 needleleaf evergreen boreal tree              0.000            6.561
 needleleaf deciduous boreal tree              0.000            2.122
 broadleaf evergreen tropical tree             0.000           16.187
 broadleaf evergreen temperate tree            0.000            1.488
 broadleaf deciduous tropical tree             0.000            2.103
 broadleaf deciduous temperate tree            0.000            3.354
 broadleaf deciduous boreal tree               0.000            1.178
 broadleaf evergreen shrub                     0.000            0.042
 broadleaf deciduous temperate shrub           0.000            4.794
 broadleaf deciduous boreal shrub              0.000            5.176
 c3 arctic grass                               0.000            9.970
 c3 non-arctic grass                           0.000           17.277
 c4 grass                                      0.000           21.795
 c3_crop                                       0.000            0.013
 c3_irrigated                                  0.000            0.000
 temperate_corn                                0.000            0.843
 irrigated_temperate_corn                      0.000            0.197
 spring_wheat                                  0.000            2.270
 irrigated_spring_wheat                        0.000            0.618
 winter_wheat                                  0.000            0.000
 irrigated_winter_wheat                        0.000            0.000
 temperate_soybean                             0.000            0.552
 irrigated_temperate_soybean                   0.000            0.065
 barley                                        0.000            0.779
 irrigated_barley                              0.000            0.073
 winter_barley                                 0.000            0.000
 irrigated_winter_barley                       0.000            0.000
 rye                                           0.000            0.130
 irrigated_rye                                 0.000            0.006
 winter_rye                                    0.000            0.000
 irrigated_winter_rye                          0.000            0.000
 cassava                                       0.000            0.214
 irrigated_cassava                             0.000            0.020
 citrus                                        0.000            0.130
 irrigated citrus                              0.000            0.050
 cocoa                                         0.000            0.130
 irrigated_cocoa                               0.000            0.005
 coffee                                        0.000            0.255
 irrigated_coffee                              0.000            0.029
 cotton                                        0.000            0.139
 irrigated_cotton                              0.000            0.072
 datepalm                                      0.000            0.019
 irrigated_datepalm                            0.000            0.008
 foddergrass                                   0.000            1.485
 irrigated_foddergrass                         0.000            0.165
 grapes                                        0.000            0.146
 irrigated_grapes                              0.000            0.038
 groundnuts                                    0.000            0.295
 irrigated_groundnuts                          0.000            0.050
 millet                                        0.000            0.454
 irrigated_millet                              0.000            0.044
 oilpalm                                       0.000            0.219
 irrigated_oilpalm                             0.000            0.012
 potatoes                                      0.000            0.279
 irrigated_potatoes                            0.000            0.047
 pulses                                        0.000            0.885
 irrigated_pulses                              0.000            0.177
 rapeseed                                      0.000            0.225
 irrigated_rapeseed                            0.000            0.068
 rice                                          0.000            1.417
 irrigated_rice                                0.000            0.705
 sorghum                                       0.000            0.564
 irrigated_sorghum                             0.000            0.051
 sugarbeet                                     0.000            0.067
 irrigated_sugarbeet                           0.000            0.012
 sugarcane                                     0.000            0.197
 irrigated_sugarcane                           0.000            0.068
 sunflower                                     0.000            0.285
 irrigated_sunflower                           0.000            0.026
 miscanthus                                    0.000            0.000
 irrigated_miscanthus                          0.000            0.000
 switchgrass                                   0.000            0.000
 irrigated_switchgrass                         0.000            0.000
 tropical_corn                                 0.000            0.905
 irrigated_tropical_corn                       0.000            0.106
 tropical_soybean                              0.000            0.328
 irrigated_tropical_soybean                    0.000            0.042

 ======================================================================
 Harvesting Output
 ======================================================================

 ......................................................................
 harvest type                        input grid area output grid area
                                       10**6 km**2      10**6 km**2
 ......................................................................

           HARVEST_VH1                        13.601           13.601
           HARVEST_VH2                        12.453           12.453
           HARVEST_SH1                         7.994            7.994
           HARVEST_SH2                        12.593           12.593
           HARVEST_SH3                        35.558           35.558
           GRAZING                        -15678.115       -15678.115

 ======================================================================
 Urban Output -- class 1
 ======================================================================

 ......................................................................
 surface type   input grid area  output grid area
                  10**6 km**2      10**6 km**2   
 ......................................................................

 urban                0.001            0.00051275
 all surface        510.100          510.100

 ======================================================================
 Urban Output -- class 2
 ======================================================================

 ......................................................................
 surface type   input grid area  output grid area
                  10**6 km**2      10**6 km**2   
 ......................................................................

 urban                0.138            0.13579498
 all surface        510.100          510.100

 ======================================================================
 Urban Output -- class 3
 ======================================================================

 ......................................................................
 surface type   input grid area  output grid area
                  10**6 km**2      10**6 km**2   
 ......................................................................

 urban                0.581            0.57030213
 all surface        510.100          510.100

 ======================================================================
 Urban Region ID Output
 ======================================================================

 ......................................................................
 index      input grid area  output grid area
                10**6 km**2       10**6 km**2
 ......................................................................

         1            1.582             1.599
         2            7.809             7.809
         3            8.559             8.539
         4            6.609             6.567
         5            5.680             5.711
         6           10.158            10.140
         7            0.295             0.291
         8            9.436             9.440
         9            5.824             5.810
        10            0.712             0.717
        11            2.181             2.156
        12            2.251             2.250
        13            3.194             3.223
        14            2.548             2.557
        15            6.032             6.035
        16            9.509             9.583
        17            1.240             1.293
        18            0.842             0.862
        19            1.774             1.776
        20            1.281             1.185
        21            1.025             1.051
        22           17.019            17.021
        23            3.087             3.117
        24            1.943             1.908
        25            1.405             1.368
        26            1.296             1.281
        27            4.844             4.809
        28            1.122             1.111
        29            1.801             1.873
        30            4.210             4.219
        31            5.183             5.194
        32            5.043             4.986
        33            1.118             1.129

 ======================================================================
 PFTs Output
 ======================================================================

 ......................................................................
 plant type                          input grid area output grid area
                                       10**6 km**2      10**6 km**2
 ......................................................................

 not vegetated                                 0.000           43.069
 needleleaf evergreen temperate tree           0.000            5.677
 needleleaf evergreen boreal tree              0.000            6.559
 needleleaf deciduous boreal tree              0.000            2.122
 broadleaf evergreen tropical tree             0.000           16.149
 broadleaf evergreen temperate tree            0.000            1.483
 broadleaf deciduous tropical tree             0.000            2.091
 broadleaf deciduous temperate tree            0.000            3.349
 broadleaf deciduous boreal tree               0.000            1.178
 broadleaf evergreen shrub                     0.000            0.041
 broadleaf deciduous temperate shrub           0.000            4.786
 broadleaf deciduous boreal shrub              0.000            5.176
 c3 arctic grass                               0.000            9.969
 c3 non-arctic grass                           0.000           17.267
 c4 grass                                      0.000           21.805
 c3_crop                                       0.000            0.014
 c3_irrigated                                  0.000            0.000
 temperate_corn                                0.000            0.846
 irrigated_temperate_corn                      0.000            0.198
 spring_wheat                                  0.000            2.270
 irrigated_spring_wheat                        0.000            0.623
 winter_wheat                                  0.000            0.000
 irrigated_winter_wheat                        0.000            0.000
 temperate_soybean                             0.000            0.553
 irrigated_temperate_soybean                   0.000            0.066
 barley                                        0.000            0.781
 irrigated_barley                              0.000            0.074
 winter_barley                                 0.000            0.000
 irrigated_winter_barley                       0.000            0.000
 rye                                           0.000            0.130
 irrigated_rye                                 0.000            0.006
 winter_rye                                    0.000            0.000
 irrigated_winter_rye                          0.000            0.000
 cassava                                       0.000            0.215
 irrigated_cassava                             0.000            0.020
 citrus                                        0.000            0.131
 irrigated citrus                              0.000            0.051
 cocoa                                         0.000            0.131
 irrigated_cocoa                               0.000            0.005
 coffee                                        0.000            0.256
 irrigated_coffee                              0.000            0.029
 cotton                                        0.000            0.140
 irrigated_cotton                              0.000            0.073
 datepalm                                      0.000            0.019
 irrigated_datepalm                            0.000            0.009
 foddergrass                                   0.000            1.496
 irrigated_foddergrass                         0.000            0.173
 grapes                                        0.000            0.147
 irrigated_grapes                              0.000            0.039
 groundnuts                                    0.000            0.298
 irrigated_groundnuts                          0.000            0.051
 millet                                        0.000            0.458
 irrigated_millet                              0.000            0.045
 oilpalm                                       0.000            0.221
 irrigated_oilpalm                             0.000            0.012
 potatoes                                      0.000            0.280
 irrigated_potatoes                            0.000            0.047
 pulses                                        0.000            0.889
 irrigated_pulses                              0.000            0.180
 rapeseed                                      0.000            0.226
 irrigated_rapeseed                            0.000            0.068
 rice                                          0.000            1.423
 irrigated_rice                                0.000            0.707
 sorghum                                       0.000            0.566
 irrigated_sorghum                             0.000            0.053
 sugarbeet                                     0.000            0.067
 irrigated_sugarbeet                           0.000            0.012
 sugarcane                                     0.000            0.198
 irrigated_sugarcane                           0.000            0.068
 sunflower                                     0.000            0.285
 irrigated_sunflower                           0.000            0.028
 miscanthus                                    0.000            0.000
 irrigated_miscanthus                          0.000            0.000
 switchgrass                                   0.000            0.000
 irrigated_switchgrass                         0.000            0.000
 tropical_corn                                 0.000            0.912
 irrigated_tropical_corn                       0.000            0.114
 tropical_soybean                              0.000            0.329
 irrigated_tropical_soybean                    0.000            0.043

 ======================================================================
 Harvesting Output
 ======================================================================

 ......................................................................
 harvest type                        input grid area output grid area
                                       10**6 km**2      10**6 km**2
 ......................................................................

           HARVEST_VH1                        14.987           14.987
           HARVEST_VH2                        12.343           12.343
           HARVEST_SH1                         8.016            8.016
           HARVEST_SH2                        13.292           13.292
           HARVEST_SH3                        36.955           36.955
           GRAZING                        -15678.115       -15678.115

 ======================================================================
 Urban Output -- class 1
 ======================================================================

 ......................................................................
 surface type   input grid area  output grid area
                  10**6 km**2      10**6 km**2   
 ......................................................................

 urban                0.001            0.00051454
 all surface        510.100          510.100

 ======================================================================
 Urban Output -- class 2
 ======================================================================

 ......................................................................
 surface type   input grid area  output grid area
                  10**6 km**2      10**6 km**2   
 ......................................................................

 urban                0.139            0.13700935
 all surface        510.100          510.100

 ======================================================================
 Urban Output -- class 3
 ======================================================================

 ......................................................................
 surface type   input grid area  output grid area
                  10**6 km**2      10**6 km**2   
 ......................................................................

 urban                0.586            0.57541190
 all surface        510.100          510.100

 ======================================================================
 Urban Region ID Output
 ======================================================================

 ......................................................................
 index      input grid area  output grid area
                10**6 km**2       10**6 km**2
 ......................................................................

         1            1.582             1.599
         2            7.809             7.809
         3            8.559             8.539
         4            6.609             6.567
         5            5.680             5.711
         6           10.158            10.140
         7            0.295             0.291
         8            9.436             9.440
         9            5.824             5.810
        10            0.712             0.717
        11            2.181             2.156
        12            2.251             2.250
        13            3.194             3.223
        14            2.548             2.557
        15            6.032             6.035
        16            9.509             9.583
        17            1.240             1.293
        18            0.842             0.862
        19            1.774             1.776
        20            1.281             1.185
        21            1.025             1.051
        22           17.019            17.021
        23            3.087             3.117
        24            1.943             1.908
        25            1.405             1.368
        26            1.296             1.281
        27            4.844             4.809
        28            1.122             1.111
        29            1.801             1.873
        30            4.210             4.219
        31            5.183             5.194
        32            5.043             4.986
        33            1.118             1.129

 ======================================================================
 PFTs Output
 ======================================================================

 ......................................................................
 plant type                          input grid area output grid area
                                       10**6 km**2      10**6 km**2
 ......................................................................

 not vegetated                                 0.000           43.045
 needleleaf evergreen temperate tree           0.000            5.675
 needleleaf evergreen boreal tree              0.000            6.557
 needleleaf deciduous boreal tree              0.000            2.122
 broadleaf evergreen tropical tree             0.000           16.110
 broadleaf evergreen temperate tree            0.000            1.479
 broadleaf deciduous tropical tree             0.000            2.079
 broadleaf deciduous temperate tree            0.000            3.344
 broadleaf deciduous boreal tree               0.000            1.179
 broadleaf evergreen shrub                     0.000            0.041
 broadleaf deciduous temperate shrub           0.000            4.779
 broadleaf deciduous boreal shrub              0.000            5.176
 c3 arctic grass                               0.000            9.969
 c3 non-arctic grass                           0.000           17.256
 c4 grass                                      0.000           21.816
 c3_crop                                       0.000            0.015
 c3_irrigated                                  0.000            0.000
 temperate_corn                                0.000            0.848
 irrigated_temperate_corn                      0.000            0.200
 spring_wheat                                  0.000            2.270
 irrigated_spring_wheat                        0.000            0.627
 winter_wheat                                  0.000            0.000
 irrigated_winter_wheat                        0.000            0.000
 temperate_soybean                             0.000            0.554
 irrigated_temperate_soybean                   0.000            0.066
 barley                                        0.000            0.783
 irrigated_barley                              0.000            0.075
 winter_barley                                 0.000            0.000
 irrigated_winter_barley                       0.000            0.000
 rye                                           0.000            0.130
 irrigated_rye                                 0.000            0.006
 winter_rye                                    0.000            0.000
 irrigated_winter_rye                          0.000            0.000
 cassava                                       0.000            0.216
 irrigated_cassava                             0.000            0.020
 citrus                                        0.000            0.131
 irrigated citrus                              0.000            0.052
 cocoa                                         0.000            0.132
 irrigated_cocoa                               0.000            0.005
 coffee                                        0.000            0.258
 irrigated_coffee                              0.000            0.029
 cotton                                        0.000            0.140
 irrigated_cotton                              0.000            0.073
 datepalm                                      0.000            0.020
 irrigated_datepalm                            0.000            0.009
 foddergrass                                   0.000            1.508
 irrigated_foddergrass                         0.000            0.181
 grapes                                        0.000            0.147
 irrigated_grapes                              0.000            0.039
 groundnuts                                    0.000            0.300
 irrigated_groundnuts                          0.000            0.052
 millet                                        0.000            0.462
 irrigated_millet                              0.000            0.046
 oilpalm                                       0.000            0.223
 irrigated_oilpalm                             0.000            0.012
 potatoes                                      0.000            0.281
 irrigated_potatoes                            0.000            0.048
 pulses                                        0.000            0.893
 irrigated_pulses                              0.000            0.183
 rapeseed                                      0.000            0.226
 irrigated_rapeseed                            0.000            0.068
 rice                                          0.000            1.429
 irrigated_rice                                0.000            0.709
 sorghum                                       0.000            0.568
 irrigated_sorghum                             0.000            0.056
 sugarbeet                                     0.000            0.067
 irrigated_sugarbeet                           0.000            0.012
 sugarcane                                     0.000            0.199
 irrigated_sugarcane                           0.000            0.068
 sunflower                                     0.000            0.284
 irrigated_sunflower                           0.000            0.031
 miscanthus                                    0.000            0.000
 irrigated_miscanthus                          0.000            0.000
 switchgrass                                   0.000            0.000
 irrigated_switchgrass                         0.000            0.000
 tropical_corn                                 0.000            0.919
 irrigated_tropical_corn                       0.000            0.122
 tropical_soybean                              0.000            0.330
 irrigated_tropical_soybean                    0.000            0.043

 ======================================================================
 Harvesting Output
 ======================================================================

 ......................................................................
 harvest type                        input grid area output grid area
                                       10**6 km**2      10**6 km**2
 ......................................................................

           HARVEST_VH1                        15.233           15.233
           HARVEST_VH2                        12.204           12.204
           HARVEST_SH1                         7.958            7.958
           HARVEST_SH2                        13.833           13.833
           HARVEST_SH3                        38.462           38.462
           GRAZING                        -15678.115       -15678.115

 ======================================================================
 Urban Output -- class 1
 ======================================================================

 ......................................................................
 surface type   input grid area  output grid area
                  10**6 km**2      10**6 km**2   
 ......................................................................

 urban                0.001            0.00051634
 all surface        510.100          510.100

 ======================================================================
 Urban Output -- class 2
 ======================================================================

 ......................................................................
 surface type   input grid area  output grid area
                  10**6 km**2      10**6 km**2   
 ......................................................................

 urban                0.141            0.13819344
 all surface        510.100          510.100

 ======================================================================
 Urban Output -- class 3
 ======================================================================

 ......................................................................
 surface type   input grid area  output grid area
                  10**6 km**2      10**6 km**2   
 ......................................................................

 urban                0.591            0.58044652
 all surface        510.100          510.100

 ======================================================================
 Urban Region ID Output
 ======================================================================

 ......................................................................
 index      input grid area  output grid area
                10**6 km**2       10**6 km**2
 ......................................................................

         1            1.582             1.599
         2            7.809             7.809
         3            8.559             8.539
         4            6.609             6.567
         5            5.680             5.711
         6           10.158            10.140
         7            0.295             0.291
         8            9.436             9.440
         9            5.824             5.810
        10            0.712             0.717
        11            2.181             2.156
        12            2.251             2.250
        13            3.194             3.223
        14            2.548             2.557
        15            6.032             6.035
        16            9.509             9.583
        17            1.240             1.293
        18            0.842             0.862
        19            1.774             1.776
        20            1.281             1.185
        21            1.025             1.051
        22           17.019            17.021
        23            3.087             3.117
        24            1.943             1.908
        25            1.405             1.368
        26            1.296             1.281
        27            4.844             4.809
        28            1.122             1.111
        29            1.801             1.873
        30            4.210             4.219
        31            5.183             5.194
        32            5.043             4.986
        33            1.118             1.129

 ======================================================================
 PFTs Output
 ======================================================================

 ......................................................................
 plant type                          input grid area output grid area
                                       10**6 km**2      10**6 km**2
 ......................................................................

 not vegetated                                 0.000           43.021
 needleleaf evergreen temperate tree           0.000            5.674
 needleleaf evergreen boreal tree              0.000            6.554
 needleleaf deciduous boreal tree              0.000            2.122
 broadleaf evergreen tropical tree             0.000           16.072
 broadleaf evergreen temperate tree            0.000            1.475
 broadleaf deciduous tropical tree             0.000            2.067
 broadleaf deciduous temperate tree            0.000            3.340
 broadleaf deciduous boreal tree               0.000            1.179
 broadleaf evergreen shrub                     0.000            0.041
 broadleaf deciduous temperate shrub           0.000            4.772
 broadleaf deciduous boreal shrub              0.000            5.176
 c3 arctic grass                               0.000            9.969
 c3 non-arctic grass                           0.000           17.246
 c4 grass                                      0.000           21.826
 c3_crop                                       0.000            0.016
 c3_irrigated                                  0.000            0.000
 temperate_corn                                0.000            0.851
 irrigated_temperate_corn                      0.000            0.201
 spring_wheat                                  0.000            2.271
 irrigated_spring_wheat                        0.000            0.631
 winter_wheat                                  0.000            0.000
 irrigated_winter_wheat                        0.000            0.000
 temperate_soybean                             0.000            0.555
 irrigated_temperate_soybean                   0.000            0.067
 barley                                        0.000            0.784
 irrigated_barley                              0.000            0.076
 winter_barley                                 0.000            0.000
 irrigated_winter_barley                       0.000            0.000
 rye                                           0.000            0.130
 irrigated_rye                                 0.000            0.006
 winter_rye                                    0.000            0.000
 irrigated_winter_rye                          0.000            0.000
 cassava                                       0.000            0.218
 irrigated_cassava                             0.000            0.020
 citrus                                        0.000            0.132
 irrigated citrus                              0.000            0.053
 cocoa                                         0.000            0.133
 irrigated_cocoa                               0.000            0.005
 coffee                                        0.000            0.259
 irrigated_coffee                              0.000            0.029
 cotton                                        0.000            0.141
 irrigated_cotton                              0.000            0.074
 datepalm                                      0.000            0.020
 irrigated_datepalm                            0.000            0.009
 foddergrass                                   0.000            1.519
 irrigated_foddergrass                         0.000            0.189
 grapes                                        0.000            0.148
 irrigated_grapes                              0.000            0.040
 groundnuts                                    0.000            0.303
 irrigated_groundnuts                          0.000            0.053
 millet                                        0.000            0.466
 irrigated_millet                              0.000            0.048
 oilpalm                                       0.000            0.225
 irrigated_oilpalm                             0.000            0.012
 potatoes                                      0.000            0.282
 irrigated_potatoes                            0.000            0.048
 pulses                                        0.000            0.897
 irrigated_pulses                              0.000            0.185
 rapeseed                                      0.000            0.226
 irrigated_rapeseed                            0.000            0.068
 rice                                          0.000            1.436
 irrigated_rice                                0.000            0.711
 sorghum                                       0.000            0.570
 irrigated_sorghum                             0.000            0.058
 sugarbeet                                     0.000            0.067
 irrigated_sugarbeet                           0.000            0.012
 sugarcane                                     0.000            0.200
 irrigated_sugarcane                           0.000            0.069
 sunflower                                     0.000            0.284
 irrigated_sunflower                           0.000            0.033
 miscanthus                                    0.000            0.000
 irrigated_miscanthus                          0.000            0.000
 switchgrass                                   0.000            0.000
 irrigated_switchgrass                         0.000            0.000
 tropical_corn                                 0.000            0.926
 irrigated_tropical_corn                       0.000            0.130
 tropical_soybean                              0.000            0.331
 irrigated_tropical_soybean                    0.000            0.044

 ======================================================================
 Harvesting Output
 ======================================================================

 ......................................................................
 harvest type                        input grid area output grid area
                                       10**6 km**2      10**6 km**2
 ......................................................................

           HARVEST_VH1                        15.442           15.442
           HARVEST_VH2                        12.037           12.037
           HARVEST_SH1                         7.873            7.873
           HARVEST_SH2                        14.431           14.431
           HARVEST_SH3                        39.963           39.963
           GRAZING                        -15678.115       -15678.115

 ======================================================================
 Urban Output -- class 1
 ======================================================================

 ......................................................................
 surface type   input grid area  output grid area
                  10**6 km**2      10**6 km**2   
 ......................................................................

 urban                0.001            0.00051813
 all surface        510.100          510.100

 ======================================================================
 Urban Output -- class 2
 ======================================================================

 ......................................................................
 surface type   input grid area  output grid area
                  10**6 km**2      10**6 km**2   
 ......................................................................

 urban                0.142            0.13942222
 all surface        510.100          510.100

 ======================================================================
 Urban Output -- class 3
 ======================================================================

 ......................................................................
 surface type   input grid area  output grid area
                  10**6 km**2      10**6 km**2   
 ......................................................................

 urban                0.597            0.58561606
 all surface        510.100          510.100

 ======================================================================
 Urban Region ID Output
 ======================================================================

 ......................................................................
 index      input grid area  output grid area
                10**6 km**2       10**6 km**2
 ......................................................................

         1            1.582             1.599
         2            7.809             7.809
         3            8.559             8.539
         4            6.609             6.567
         5            5.680             5.711
         6           10.158            10.140
         7            0.295             0.291
         8            9.436             9.440
         9            5.824             5.810
        10            0.712             0.717
        11            2.181             2.156
        12            2.251             2.250
        13            3.194             3.223
        14            2.548             2.557
        15            6.032             6.035
        16            9.509             9.583
        17            1.240             1.293
        18            0.842             0.862
        19            1.774             1.776
        20            1.281             1.185
        21            1.025             1.051
        22           17.019            17.021
        23            3.087             3.117
        24            1.943             1.908
        25            1.405             1.368
        26            1.296             1.281
        27            4.844             4.809
        28            1.122             1.111
        29            1.801             1.873
        30            4.210             4.219
        31            5.183             5.194
        32            5.043             4.986
        33            1.118             1.129

 ======================================================================
 PFTs Output
 ======================================================================

 ......................................................................
 plant type                          input grid area output grid area
                                       10**6 km**2      10**6 km**2
 ......................................................................

 not vegetated                                 0.000           42.997
 needleleaf evergreen temperate tree           0.000            5.673
 needleleaf evergreen boreal tree              0.000            6.552
 needleleaf deciduous boreal tree              0.000            2.122
 broadleaf evergreen tropical tree             0.000           16.034
 broadleaf evergreen temperate tree            0.000            1.470
 broadleaf deciduous tropical tree             0.000            2.055
 broadleaf deciduous temperate tree            0.000            3.336
 broadleaf deciduous boreal tree               0.000            1.179
 broadleaf evergreen shrub                     0.000            0.041
 broadleaf deciduous temperate shrub           0.000            4.764
 broadleaf deciduous boreal shrub              0.000            5.176
 c3 arctic grass                               0.000            9.969
 c3 non-arctic grass                           0.000           17.236
 c4 grass                                      0.000           21.837
 c3_crop                                       0.000            0.018
 c3_irrigated                                  0.000            0.000
 temperate_corn                                0.000            0.853
 irrigated_temperate_corn                      0.000            0.202
 spring_wheat                                  0.000            2.271
 irrigated_spring_wheat                        0.000            0.635
 winter_wheat                                  0.000            0.000
 irrigated_winter_wheat                        0.000            0.000
 temperate_soybean                             0.000            0.556
 irrigated_temperate_soybean                   0.000            0.067
 barley                                        0.000            0.786
 irrigated_barley                              0.000            0.077
 winter_barley                                 0.000            0.000
 irrigated_winter_barley                       0.000            0.000
 rye                                           0.000            0.130
 irrigated_rye                                 0.000            0.006
 winter_rye                                    0.000            0.000
 irrigated_winter_rye                          0.000            0.000
 cassava                                       0.000            0.219
 irrigated_cassava                             0.000            0.020
 citrus                                        0.000            0.133
 irrigated citrus                              0.000            0.055
 cocoa                                         0.000            0.134
 irrigated_cocoa                               0.000            0.005
 coffee                                        0.000            0.261
 irrigated_coffee                              0.000            0.029
 cotton                                        0.000            0.141
 irrigated_cotton                              0.000            0.074
 datepalm                                      0.000            0.020
 irrigated_datepalm                            0.000            0.010
 foddergrass                                   0.000            1.530
 irrigated_foddergrass                         0.000            0.197
 grapes                                        0.000            0.148
 irrigated_grapes                              0.000            0.041
 groundnuts                                    0.000            0.305
 irrigated_groundnuts                          0.000            0.055
 millet                                        0.000            0.470
 irrigated_millet                              0.000            0.049
 oilpalm                                       0.000            0.227
 irrigated_oilpalm                             0.000            0.012
 potatoes                                      0.000            0.282
 irrigated_potatoes                            0.000            0.049
 pulses                                        0.000            0.901
 irrigated_pulses                              0.000            0.188
 rapeseed                                      0.000            0.226
 irrigated_rapeseed                            0.000            0.068
 rice                                          0.000            1.442
 irrigated_rice                                0.000            0.713
 sorghum                                       0.000            0.572
 irrigated_sorghum                             0.000            0.061
 sugarbeet                                     0.000            0.067
 irrigated_sugarbeet                           0.000            0.012
 sugarcane                                     0.000            0.201
 irrigated_sugarcane                           0.000            0.069
 sunflower                                     0.000            0.284
 irrigated_sunflower                           0.000            0.035
 miscanthus                                    0.000            0.000
 irrigated_miscanthus                          0.000            0.000
 switchgrass                                   0.000            0.000
 irrigated_switchgrass                         0.000            0.000
 tropical_corn                                 0.000            0.934
 irrigated_tropical_corn                       0.000            0.137
 tropical_soybean                              0.000            0.332
 irrigated_tropical_soybean                    0.000            0.044

 ======================================================================
 Harvesting Output
 ======================================================================

 ......................................................................
 harvest type                        input grid area output grid area
                                       10**6 km**2      10**6 km**2
 ......................................................................

           HARVEST_VH1                        15.804           15.804
           HARVEST_VH2                        11.845           11.845
           HARVEST_SH1                         7.801            7.801
           HARVEST_SH2                        14.747           14.747
           HARVEST_SH3                        41.504           41.504
           GRAZING                        -15678.115       -15678.115

 ======================================================================
 Urban Output -- class 1
 ======================================================================

 ......................................................................
 surface type   input grid area  output grid area
                  10**6 km**2      10**6 km**2   
 ......................................................................

 urban                0.001            0.00051993
 all surface        510.100          510.100

 ======================================================================
 Urban Output -- class 2
 ======================================================================

 ......................................................................
 surface type   input grid area  output grid area
                  10**6 km**2      10**6 km**2   
 ......................................................................

 urban                0.143            0.14061869
 all surface        510.100          510.100

 ======================================================================
 Urban Output -- class 3
 ======================================================================

 ......................................................................
 surface type   input grid area  output grid area
                  10**6 km**2      10**6 km**2   
 ......................................................................

 urban                0.602            0.59068013
 all surface        510.100          510.100

 ======================================================================
 Urban Region ID Output
 ======================================================================

 ......................................................................
 index      input grid area  output grid area
                10**6 km**2       10**6 km**2
 ......................................................................

         1            1.582             1.599
         2            7.809             7.809
         3            8.559             8.539
         4            6.609             6.567
         5            5.680             5.711
         6           10.158            10.140
         7            0.295             0.291
         8            9.436             9.440
         9            5.824             5.810
        10            0.712             0.717
        11            2.181             2.156
        12            2.251             2.250
        13            3.194             3.223
        14            2.548             2.557
        15            6.032             6.035
        16            9.509             9.583
        17            1.240             1.293
        18            0.842             0.862
        19            1.774             1.776
        20            1.281             1.185
        21            1.025             1.051
        22           17.019            17.021
        23            3.087             3.117
        24            1.943             1.908
        25            1.405             1.368
        26            1.296             1.281
        27            4.844             4.809
        28            1.122             1.111
        29            1.801             1.873
        30            4.210             4.219
        31            5.183             5.194
        32            5.043             4.986
        33            1.118             1.129

 ======================================================================
 PFTs Output
 ======================================================================

 ......................................................................
 plant type                          input grid area output grid area
                                       10**6 km**2      10**6 km**2
 ......................................................................

 not vegetated                                 0.000           42.971
 needleleaf evergreen temperate tree           0.000            5.676
 needleleaf evergreen boreal tree              0.000            6.551
 needleleaf deciduous boreal tree              0.000            2.122
 broadleaf evergreen tropical tree             0.000           15.998
 broadleaf evergreen temperate tree            0.000            1.467
 broadleaf deciduous tropical tree             0.000            2.043
 broadleaf deciduous temperate tree            0.000            3.333
 broadleaf deciduous boreal tree               0.000            1.180
 broadleaf evergreen shrub                     0.000            0.041
 broadleaf deciduous temperate shrub           0.000            4.758
 broadleaf deciduous boreal shrub              0.000            5.176
 c3 arctic grass                               0.000            9.969
 c3 non-arctic grass                           0.000           17.226
 c4 grass                                      0.000           21.844
 c3_crop                                       0.000            0.019
 c3_irrigated                                  0.000            0.000
 temperate_corn                                0.000            0.854
 irrigated_temperate_corn                      0.000            0.204
 spring_wheat                                  0.000            2.269
 irrigated_spring_wheat                        0.000            0.640
 winter_wheat                                  0.000            0.000
 irrigated_winter_wheat                        0.000            0.000
 temperate_soybean                             0.000            0.558
 irrigated_temperate_soybean                   0.000            0.068
 barley                                        0.000            0.787
 irrigated_barley                              0.000            0.078
 winter_barley                                 0.000            0.000
 irrigated_winter_barley                       0.000            0.000
 rye                                           0.000            0.129
 irrigated_rye                                 0.000            0.006
 winter_rye                                    0.000            0.000
 irrigated_winter_rye                          0.000            0.000
 cassava                                       0.000            0.220
 irrigated_cassava                             0.000            0.020
 citrus                                        0.000            0.133
 irrigated citrus                              0.000            0.056
 cocoa                                         0.000            0.134
 irrigated_cocoa                               0.000            0.005
 coffee                                        0.000            0.263
 irrigated_coffee                              0.000            0.029
 cotton                                        0.000            0.141
 irrigated_cotton                              0.000            0.075
 datepalm                                      0.000            0.020
 irrigated_datepalm                            0.000            0.010
 foddergrass                                   0.000            1.540
 irrigated_foddergrass                         0.000            0.206
 grapes                                        0.000            0.149
 irrigated_grapes                              0.000            0.041
 groundnuts                                    0.000            0.308
 irrigated_groundnuts                          0.000            0.056
 millet                                        0.000            0.475
 irrigated_millet                              0.000            0.050
 oilpalm                                       0.000            0.228
 irrigated_oilpalm                             0.000            0.012
 potatoes                                      0.000            0.283
 irrigated_potatoes                            0.000            0.049
 pulses                                        0.000            0.904
 irrigated_pulses                              0.000            0.191
 rapeseed                                      0.000            0.226
 irrigated_rapeseed                            0.000            0.068
 rice                                          0.000            1.446
 irrigated_rice                                0.000            0.715
 sorghum                                       0.000            0.575
 irrigated_sorghum                             0.000            0.064
 sugarbeet                                     0.000            0.067
 irrigated_sugarbeet                           0.000            0.012
 sugarcane                                     0.000            0.202
 irrigated_sugarcane                           0.000            0.070
 sunflower                                     0.000            0.284
 irrigated_sunflower                           0.000            0.037
 miscanthus                                    0.000            0.000
 irrigated_miscanthus                          0.000            0.000
 switchgrass                                   0.000            0.000
 irrigated_switchgrass                         0.000            0.000
 tropical_corn                                 0.000            0.943
 irrigated_tropical_corn                       0.000            0.141
 tropical_soybean                              0.000            0.333
 irrigated_tropical_soybean                    0.000            0.045

 ======================================================================
 Harvesting Output
 ======================================================================

 ......................................................................
 harvest type                        input grid area output grid area
                                       10**6 km**2      10**6 km**2
 ......................................................................

           HARVEST_VH1                        15.934           15.934
           HARVEST_VH2                        11.598           11.598
           HARVEST_SH1                         7.789            7.789
           HARVEST_SH2                        15.271           15.271
           HARVEST_SH3                        43.109           43.109
           GRAZING                        -15678.115       -15678.115

 ======================================================================
 Urban Output -- class 1
 ======================================================================

 ......................................................................
 surface type   input grid area  output grid area
                  10**6 km**2      10**6 km**2   
 ......................................................................

 urban                0.001            0.00052149
 all surface        510.100          510.100

 ======================================================================
 Urban Output -- class 2
 ======================================================================

 ......................................................................
 surface type   input grid area  output grid area
                  10**6 km**2      10**6 km**2   
 ......................................................................

 urban                0.144            0.14186372
 all surface        510.100          510.100

 ======================================================================
 Urban Output -- class 3
 ======================================================================

 ......................................................................
 surface type   input grid area  output grid area
                  10**6 km**2      10**6 km**2   
 ......................................................................

 urban                0.607            0.59601357
 all surface        510.100          510.100

 ======================================================================
 Urban Region ID Output
 ======================================================================

 ......................................................................
 index      input grid area  output grid area
                10**6 km**2       10**6 km**2
 ......................................................................

         1            1.582             1.599
         2            7.809             7.809
         3            8.559             8.539
         4            6.609             6.567
         5            5.680             5.711
         6           10.158            10.140
         7            0.295             0.291
         8            9.436             9.440
         9            5.824             5.810
        10            0.712             0.717
        11            2.181             2.156
        12            2.251             2.250
        13            3.194             3.223
        14            2.548             2.557
        15            6.032             6.035
        16            9.509             9.583
        17            1.240             1.293
        18            0.842             0.862
        19            1.774             1.776
        20            1.281             1.185
        21            1.025             1.051
        22           17.019            17.021
        23            3.087             3.117
        24            1.943             1.908
        25            1.405             1.368
        26            1.296             1.281
        27            4.844             4.809
        28            1.122             1.111
        29            1.801             1.873
        30            4.210             4.219
        31            5.183             5.194
        32            5.043             4.986
        33            1.118             1.129

 ======================================================================
 PFTs Output
 ======================================================================

 ......................................................................
 plant type                          input grid area output grid area
                                       10**6 km**2      10**6 km**2
 ......................................................................

 not vegetated                                 0.000           42.945
 needleleaf evergreen temperate tree           0.000            5.679
 needleleaf evergreen boreal tree              0.000            6.549
 needleleaf deciduous boreal tree              0.000            2.122
 broadleaf evergreen tropical tree             0.000           15.962
 broadleaf evergreen temperate tree            0.000            1.463
 broadleaf deciduous tropical tree             0.000            2.032
 broadleaf deciduous temperate tree            0.000            3.330
 broadleaf deciduous boreal tree               0.000            1.181
 broadleaf evergreen shrub                     0.000            0.041
 broadleaf deciduous temperate shrub           0.000            4.752
 broadleaf deciduous boreal shrub              0.000            5.176
 c3 arctic grass                               0.000            9.969
 c3 non-arctic grass                           0.000           17.216
 c4 grass                                      0.000           21.850
 c3_crop                                       0.000            0.021
 c3_irrigated                                  0.000            0.000
 temperate_corn                                0.000            0.856
 irrigated_temperate_corn                      0.000            0.205
 spring_wheat                                  0.000            2.267
 irrigated_spring_wheat                        0.000            0.644
 winter_wheat                                  0.000            0.000
 irrigated_winter_wheat                        0.000            0.000
 temperate_soybean                             0.000            0.559
 irrigated_temperate_soybean                   0.000            0.069
 barley                                        0.000            0.788
 irrigated_barley                              0.000            0.078
 winter_barley                                 0.000            0.000
 irrigated_winter_barley                       0.000            0.000
 rye                                           0.000            0.129
 irrigated_rye                                 0.000            0.006
 winter_rye                                    0.000            0.000
 irrigated_winter_rye                          0.000            0.000
 cassava                                       0.000            0.221
 irrigated_cassava                             0.000            0.020
 citrus                                        0.000            0.134
 irrigated citrus                              0.000            0.058
 cocoa                                         0.000            0.135
 irrigated_cocoa                               0.000            0.005
 coffee                                        0.000            0.264
 irrigated_coffee                              0.000            0.029
 cotton                                        0.000            0.142
 irrigated_cotton                              0.000            0.075
 datepalm                                      0.000            0.020
 irrigated_datepalm                            0.000            0.011
 foddergrass                                   0.000            1.550
 irrigated_foddergrass                         0.000            0.214
 grapes                                        0.000            0.149
 irrigated_grapes                              0.000            0.042
 groundnuts                                    0.000            0.310
 irrigated_groundnuts                          0.000            0.056
 millet                                        0.000            0.480
 irrigated_millet                              0.000            0.051
 oilpalm                                       0.000            0.230
 irrigated_oilpalm                             0.000            0.012
 potatoes                                      0.000            0.283
 irrigated_potatoes                            0.000            0.050
 pulses                                        0.000            0.908
 irrigated_pulses                              0.000            0.194
 rapeseed                                      0.000            0.226
 irrigated_rapeseed                            0.000            0.068
 rice                                          0.000            1.451
 irrigated_rice                                0.000            0.716
 sorghum                                       0.000            0.578
 irrigated_sorghum                             0.000            0.068
 sugarbeet                                     0.000            0.067
 irrigated_sugarbeet                           0.000            0.012
 sugarcane                                     0.000            0.204
 irrigated_sugarcane                           0.000            0.071
 sunflower                                     0.000            0.285
 irrigated_sunflower                           0.000            0.039
 miscanthus                                    0.000            0.000
 irrigated_miscanthus                          0.000            0.000
 switchgrass                                   0.000            0.000
 irrigated_switchgrass                         0.000            0.000
 tropical_corn                                 0.000            0.953
 irrigated_tropical_corn                       0.000            0.145
 tropical_soybean                              0.000            0.335
 irrigated_tropical_soybean                    0.000            0.045

 ======================================================================
 Harvesting Output
 ======================================================================

 ......................................................................
 harvest type                        input grid area output grid area
                                       10**6 km**2      10**6 km**2
 ......................................................................

           HARVEST_VH1                        16.017           16.017
           HARVEST_VH2                        11.308           11.308
           HARVEST_SH1                         7.769            7.769
           HARVEST_SH2                        15.722           15.722
           HARVEST_SH3                        44.918           44.918
           GRAZING                        -15678.115       -15678.115

 ======================================================================
 Urban Output -- class 1
 ======================================================================

 ......................................................................
 surface type   input grid area  output grid area
                  10**6 km**2      10**6 km**2   
 ......................................................................

 urban                0.001            0.00052305
 all surface        510.100          510.100

 ======================================================================
 Urban Output -- class 2
 ======================================================================

 ......................................................................
 surface type   input grid area  output grid area
                  10**6 km**2      10**6 km**2   
 ......................................................................

 urban                0.146            0.14311086
 all surface        510.100          510.100

 ======================================================================
 Urban Output -- class 3
 ======================================================================

 ......................................................................
 surface type   input grid area  output grid area
                  10**6 km**2      10**6 km**2   
 ......................................................................

 urban                0.613            0.60134293
 all surface        510.100          510.100

 ======================================================================
 Urban Region ID Output
 ======================================================================

 ......................................................................
 index      input grid area  output grid area
                10**6 km**2       10**6 km**2
 ......................................................................

         1            1.582             1.599
         2            7.809             7.809
         3            8.559             8.539
         4            6.609             6.567
         5            5.680             5.711
         6           10.158            10.140
         7            0.295             0.291
         8            9.436             9.440
         9            5.824             5.810
        10            0.712             0.717
        11            2.181             2.156
        12            2.251             2.250
        13            3.194             3.223
        14            2.548             2.557
        15            6.032             6.035
        16            9.509             9.583
        17            1.240             1.293
        18            0.842             0.862
        19            1.774             1.776
        20            1.281             1.185
        21            1.025             1.051
        22           17.019            17.021
        23            3.087             3.117
        24            1.943             1.908
        25            1.405             1.368
        26            1.296             1.281
        27            4.844             4.809
        28            1.122             1.111
        29            1.801             1.873
        30            4.210             4.219
        31            5.183             5.194
        32            5.043             4.986
        33            1.118             1.129

 ======================================================================
 PFTs Output
 ======================================================================

 ......................................................................
 plant type                          input grid area output grid area
                                       10**6 km**2      10**6 km**2
 ......................................................................

 not vegetated                                 0.000           42.919
 needleleaf evergreen temperate tree           0.000            5.682
 needleleaf evergreen boreal tree              0.000            6.547
 needleleaf deciduous boreal tree              0.000            2.122
 broadleaf evergreen tropical tree             0.000           15.925
 broadleaf evergreen temperate tree            0.000            1.459
 broadleaf deciduous tropical tree             0.000            2.021
 broadleaf deciduous temperate tree            0.000            3.327
 broadleaf deciduous boreal tree               0.000            1.181
 broadleaf evergreen shrub                     0.000            0.041
 broadleaf deciduous temperate shrub           0.000            4.745
 broadleaf deciduous boreal shrub              0.000            5.176
 c3 arctic grass                               0.000            9.970
 c3 non-arctic grass                           0.000           17.207
 c4 grass                                      0.000           21.857
 c3_crop                                       0.000            0.022
 c3_irrigated                                  0.000            0.000
 temperate_corn                                0.000            0.857
 irrigated_temperate_corn                      0.000            0.207
 spring_wheat                                  0.000            2.266
 irrigated_spring_wheat                        0.000            0.649
 winter_wheat                                  0.000            0.000
 irrigated_winter_wheat                        0.000            0.000
 temperate_soybean                             0.000            0.560
 irrigated_temperate_soybean                   0.000            0.069
 barley                                        0.000            0.789
 irrigated_barley                              0.000            0.079
 winter_barley                                 0.000            0.000
 irrigated_winter_barley                       0.000            0.000
 rye                                           0.000            0.129
 irrigated_rye                                 0.000            0.006
 winter_rye                                    0.000            0.000
 irrigated_winter_rye                          0.000            0.000
 cassava                                       0.000            0.222
 irrigated_cassava                             0.000            0.020
 citrus                                        0.000            0.134
 irrigated citrus                              0.000            0.059
 cocoa                                         0.000            0.135
 irrigated_cocoa                               0.000            0.005
 coffee                                        0.000            0.266
 irrigated_coffee                              0.000            0.029
 cotton                                        0.000            0.142
 irrigated_cotton                              0.000            0.076
 datepalm                                      0.000            0.020
 irrigated_datepalm                            0.000            0.011
 foddergrass                                   0.000            1.559
 irrigated_foddergrass                         0.000            0.223
 grapes                                        0.000            0.150
 irrigated_grapes                              0.000            0.043
 groundnuts                                    0.000            0.312
 irrigated_groundnuts                          0.000            0.057
 millet                                        0.000            0.486
 irrigated_millet                              0.000            0.052
 oilpalm                                       0.000            0.231
 irrigated_oilpalm                             0.000            0.012
 potatoes                                      0.000            0.283
 irrigated_potatoes                            0.000            0.051
 pulses                                        0.000            0.911
 irrigated_pulses                              0.000            0.197
 rapeseed                                      0.000            0.226
 irrigated_rapeseed                            0.000            0.068
 rice                                          0.000            1.455
 irrigated_rice                                0.000            0.717
 sorghum                                       0.000            0.580
 irrigated_sorghum                             0.000            0.071
 sugarbeet                                     0.000            0.067
 irrigated_sugarbeet                           0.000            0.012
 sugarcane                                     0.000            0.206
 irrigated_sugarcane                           0.000            0.072
 sunflower                                     0.000            0.285
 irrigated_sunflower                           0.000            0.041
 miscanthus                                    0.000            0.000
 irrigated_miscanthus                          0.000            0.000
 switchgrass                                   0.000            0.000
 irrigated_switchgrass                         0.000            0.000
 tropical_corn                                 0.000            0.963
 irrigated_tropical_corn                       0.000            0.149
 tropical_soybean                              0.000            0.336
 irrigated_tropical_soybean                    0.000            0.046

 ======================================================================
 Harvesting Output
 ======================================================================

 ......................................................................
 harvest type                        input grid area output grid area
                                       10**6 km**2      10**6 km**2
 ......................................................................

           HARVEST_VH1                        16.159           16.159
           HARVEST_VH2                        24.772           24.772
           HARVEST_SH1                         7.813            7.813
           HARVEST_SH2                        14.158           14.158
           HARVEST_SH3                        50.049           50.049
           GRAZING                        -15678.115       -15678.115

 ======================================================================
 Urban Output -- class 1
 ======================================================================

 ......................................................................
 surface type   input grid area  output grid area
                  10**6 km**2      10**6 km**2   
 ......................................................................

 urban                0.001            0.00052461
 all surface        510.100          510.100

 ======================================================================
 Urban Output -- class 2
 ======================================================================

 ......................................................................
 surface type   input grid area  output grid area
                  10**6 km**2      10**6 km**2   
 ......................................................................

 urban                0.147            0.14434861
 all surface        510.100          510.100

 ======================================================================
 Urban Output -- class 3
 ======================================================================

 ......................................................................
 surface type   input grid area  output grid area
                  10**6 km**2      10**6 km**2   
 ......................................................................

 urban                0.618            0.60663788
 all surface        510.100          510.100

 ======================================================================
 Urban Region ID Output
 ======================================================================

 ......................................................................
 index      input grid area  output grid area
                10**6 km**2       10**6 km**2
 ......................................................................

         1            1.582             1.599
         2            7.809             7.809
         3            8.559             8.539
         4            6.609             6.567
         5            5.680             5.711
         6           10.158            10.140
         7            0.295             0.291
         8            9.436             9.440
         9            5.824             5.810
        10            0.712             0.717
        11            2.181             2.156
        12            2.251             2.250
        13            3.194             3.223
        14            2.548             2.557
        15            6.032             6.035
        16            9.509             9.583
        17            1.240             1.293
        18            0.842             0.862
        19            1.774             1.776
        20            1.281             1.185
        21            1.025             1.051
        22           17.019            17.021
        23            3.087             3.117
        24            1.943             1.908
        25            1.405             1.368
        26            1.296             1.281
        27            4.844             4.809
        28            1.122             1.111
        29            1.801             1.873
        30            4.210             4.219
        31            5.183             5.194
        32            5.043             4.986
        33            1.118             1.129

 ======================================================================
 PFTs Output
 ======================================================================

 ......................................................................
 plant type                          input grid area output grid area
                                       10**6 km**2      10**6 km**2
 ......................................................................

 not vegetated                                 0.000           42.893
 needleleaf evergreen temperate tree           0.000            5.685
 needleleaf evergreen boreal tree              0.000            6.546
 needleleaf deciduous boreal tree              0.000            2.122
 broadleaf evergreen tropical tree             0.000           15.889
 broadleaf evergreen temperate tree            0.000            1.456
 broadleaf deciduous tropical tree             0.000            2.009
 broadleaf deciduous temperate tree            0.000            3.325
 broadleaf deciduous boreal tree               0.000            1.182
 broadleaf evergreen shrub                     0.000            0.041
 broadleaf deciduous temperate shrub           0.000            4.739
 broadleaf deciduous boreal shrub              0.000            5.176
 c3 arctic grass                               0.000            9.970
 c3 non-arctic grass                           0.000           17.197
 c4 grass                                      0.000           21.864
 c3_crop                                       0.000            0.023
 c3_irrigated                                  0.000            0.000
 temperate_corn                                0.000            0.859
 irrigated_temperate_corn                      0.000            0.208
 spring_wheat                                  0.000            2.264
 irrigated_spring_wheat                        0.000            0.653
 winter_wheat                                  0.000            0.000
 irrigated_winter_wheat                        0.000            0.000
 temperate_soybean                             0.000            0.561
 irrigated_temperate_soybean                   0.000            0.070
 barley                                        0.000            0.789
 irrigated_barley                              0.000            0.080
 winter_barley                                 0.000            0.000
 irrigated_winter_barley                       0.000            0.000
 rye                                           0.000            0.129
 irrigated_rye                                 0.000            0.006
 winter_rye                                    0.000            0.000
 irrigated_winter_rye                          0.000            0.000
 cassava                                       0.000            0.223
 irrigated_cassava                             0.000            0.020
 citrus                                        0.000            0.135
 irrigated citrus                              0.000            0.060
 cocoa                                         0.000            0.136
 irrigated_cocoa                               0.000            0.005
 coffee                                        0.000            0.268
 irrigated_coffee                              0.000            0.029
 cotton                                        0.000            0.142
 irrigated_cotton                              0.000            0.076
 datepalm                                      0.000            0.019
 irrigated_datepalm                            0.000            0.011
 foddergrass                                   0.000            1.569
 irrigated_foddergrass                         0.000            0.231
 grapes                                        0.000            0.150
 irrigated_grapes                              0.000            0.043
 groundnuts                                    0.000            0.314
 irrigated_groundnuts                          0.000            0.058
 millet                                        0.000            0.491
 irrigated_millet                              0.000            0.054
 oilpalm                                       0.000            0.233
 irrigated_oilpalm                             0.000            0.012
 potatoes                                      0.000            0.284
 irrigated_potatoes                            0.000            0.051
 pulses                                        0.000            0.914
 irrigated_pulses                              0.000            0.201
 rapeseed                                      0.000            0.226
 irrigated_rapeseed                            0.000            0.068
 rice                                          0.000            1.460
 irrigated_rice                                0.000            0.717
 sorghum                                       0.000            0.583
 irrigated_sorghum                             0.000            0.075
 sugarbeet                                     0.000            0.067
 irrigated_sugarbeet                           0.000            0.012
 sugarcane                                     0.000            0.207
 irrigated_sugarcane                           0.000            0.073
 sunflower                                     0.000            0.286
 irrigated_sunflower                           0.000            0.043
 miscanthus                                    0.000            0.000
 irrigated_miscanthus                          0.000            0.000
 switchgrass                                   0.000            0.000
 irrigated_switchgrass                         0.000            0.000
 tropical_corn                                 0.000            0.973
 irrigated_tropical_corn                       0.000            0.153
 tropical_soybean                              0.000            0.338
 irrigated_tropical_soybean                    0.000            0.046

 ======================================================================
 Harvesting Output
 ======================================================================

 ......................................................................
 harvest type                        input grid area output grid area
                                       10**6 km**2      10**6 km**2
 ......................................................................

           HARVEST_VH1                        16.238           16.238
           HARVEST_VH2                        27.658           27.658
           HARVEST_SH1                         7.858            7.858
           HARVEST_SH2                        13.536           13.536
           HARVEST_SH3                        54.197           54.197
           GRAZING                        -15678.115       -15678.115

 ======================================================================
 Urban Output -- class 1
 ======================================================================

 ......................................................................
 surface type   input grid area  output grid area
                  10**6 km**2      10**6 km**2   
 ......................................................................

 urban                0.001            0.00052616
 all surface        510.100          510.100

 ======================================================================
 Urban Output -- class 2
 ======================================================================

 ......................................................................
 surface type   input grid area  output grid area
                  10**6 km**2      10**6 km**2   
 ......................................................................

 urban                0.148            0.14557111
 all surface        510.100          510.100

 ======================================================================
 Urban Output -- class 3
 ======================================================================

 ......................................................................
 surface type   input grid area  output grid area
                  10**6 km**2      10**6 km**2   
 ......................................................................

 urban                0.624            0.61192124
 all surface        510.100          510.100

 ======================================================================
 Urban Region ID Output
 ======================================================================

 ......................................................................
 index      input grid area  output grid area
                10**6 km**2       10**6 km**2
 ......................................................................

         1            1.582             1.599
         2            7.809             7.809
         3            8.559             8.539
         4            6.609             6.567
         5            5.680             5.711
         6           10.158            10.140
         7            0.295             0.291
         8            9.436             9.440
         9            5.824             5.810
        10            0.712             0.717
        11            2.181             2.156
        12            2.251             2.250
        13            3.194             3.223
        14            2.548             2.557
        15            6.032             6.035
        16            9.509             9.583
        17            1.240             1.293
        18            0.842             0.862
        19            1.774             1.776
        20            1.281             1.185
        21            1.025             1.051
        22           17.019            17.021
        23            3.087             3.117
        24            1.943             1.908
        25            1.405             1.368
        26            1.296             1.281
        27            4.844             4.809
        28            1.122             1.111
        29            1.801             1.873
        30            4.210             4.219
        31            5.183             5.194
        32            5.043             4.986
        33            1.118             1.129

 ======================================================================
 PFTs Output
 ======================================================================

 ......................................................................
 plant type                          input grid area output grid area
                                       10**6 km**2      10**6 km**2
 ......................................................................

 not vegetated                                 0.000           42.867
 needleleaf evergreen temperate tree           0.000            5.688
 needleleaf evergreen boreal tree              0.000            6.544
 needleleaf deciduous boreal tree              0.000            2.122
 broadleaf evergreen tropical tree             0.000           15.853
 broadleaf evergreen temperate tree            0.000            1.453
 broadleaf deciduous tropical tree             0.000            1.998
 broadleaf deciduous temperate tree            0.000            3.322
 broadleaf deciduous boreal tree               0.000            1.183
 broadleaf evergreen shrub                     0.000            0.041
 broadleaf deciduous temperate shrub           0.000            4.733
 broadleaf deciduous boreal shrub              0.000            5.176
 c3 arctic grass                               0.000            9.970
 c3 non-arctic grass                           0.000           17.188
 c4 grass                                      0.000           21.870
 c3_crop                                       0.000            0.025
 c3_irrigated                                  0.000            0.000
 temperate_corn                                0.000            0.860
 irrigated_temperate_corn                      0.000            0.210
 spring_wheat                                  0.000            2.262
 irrigated_spring_wheat                        0.000            0.657
 winter_wheat                                  0.000            0.000
 irrigated_winter_wheat                        0.000            0.000
 temperate_soybean                             0.000            0.562
 irrigated_temperate_soybean                   0.000            0.071
 barley                                        0.000            0.790
 irrigated_barley                              0.000            0.081
 winter_barley                                 0.000            0.000
 irrigated_winter_barley                       0.000            0.000
 rye                                           0.000            0.129
 irrigated_rye                                 0.000            0.006
 winter_rye                                    0.000            0.000
 irrigated_winter_rye                          0.000            0.000
 cassava                                       0.000            0.225
 irrigated_cassava                             0.000            0.021
 citrus                                        0.000            0.136
 irrigated citrus                              0.000            0.062
 cocoa                                         0.000            0.136
 irrigated_cocoa                               0.000            0.005
 coffee                                        0.000            0.270
 irrigated_coffee                              0.000            0.029
 cotton                                        0.000            0.142
 irrigated_cotton                              0.000            0.077
 datepalm                                      0.000            0.019
 irrigated_datepalm                            0.000            0.012
 foddergrass                                   0.000            1.578
 irrigated_foddergrass                         0.000            0.240
 grapes                                        0.000            0.151
 irrigated_grapes                              0.000            0.044
 groundnuts                                    0.000            0.317
 irrigated_groundnuts                          0.000            0.059
 millet                                        0.000            0.496
 irrigated_millet                              0.000            0.055
 oilpalm                                       0.000            0.234
 irrigated_oilpalm                             0.000            0.012
 potatoes                                      0.000            0.284
 irrigated_potatoes                            0.000            0.052
 pulses                                        0.000            0.917
 irrigated_pulses                              0.000            0.204
 rapeseed                                      0.000            0.226
 irrigated_rapeseed                            0.000            0.068
 rice                                          0.000            1.464
 irrigated_rice                                0.000            0.718
 sorghum                                       0.000            0.586
 irrigated_sorghum                             0.000            0.078
 sugarbeet                                     0.000            0.067
 irrigated_sugarbeet                           0.000            0.013
 sugarcane                                     0.000            0.209
 irrigated_sugarcane                           0.000            0.073
 sunflower                                     0.000            0.287
 irrigated_sunflower                           0.000            0.045
 miscanthus                                    0.000            0.000
 irrigated_miscanthus                          0.000            0.000
 switchgrass                                   0.000            0.000
 irrigated_switchgrass                         0.000            0.000
 tropical_corn                                 0.000            0.983
 irrigated_tropical_corn                       0.000            0.157
 tropical_soybean                              0.000            0.339
 irrigated_tropical_soybean                    0.000            0.047

 ======================================================================
 Harvesting Output
 ======================================================================

 ......................................................................
 harvest type                        input grid area output grid area
                                       10**6 km**2      10**6 km**2
 ......................................................................

           HARVEST_VH1                        16.444           16.444
           HARVEST_VH2                        26.503           26.503
           HARVEST_SH1                         8.019            8.019
           HARVEST_SH2                        13.565           13.565
           HARVEST_SH3                        57.003           57.003
           GRAZING                        -15678.115       -15678.115

 ======================================================================
 Urban Output -- class 1
 ======================================================================

 ......................................................................
 surface type   input grid area  output grid area
                  10**6 km**2      10**6 km**2   
 ......................................................................

 urban                0.001            0.00052772
 all surface        510.100          510.100

 ======================================================================
 Urban Output -- class 2
 ======================================================================

 ......................................................................
 surface type   input grid area  output grid area
                  10**6 km**2      10**6 km**2   
 ......................................................................

 urban                0.149            0.14680511
 all surface        510.100          510.100

 ======================================================================
 Urban Output -- class 3
 ======================================================================

 ......................................................................
 surface type   input grid area  output grid area
                  10**6 km**2      10**6 km**2   
 ......................................................................

 urban                0.629            0.61725132
 all surface        510.100          510.100

 ======================================================================
 Urban Region ID Output
 ======================================================================

 ......................................................................
 index      input grid area  output grid area
                10**6 km**2       10**6 km**2
 ......................................................................

         1            1.582             1.599
         2            7.809             7.809
         3            8.559             8.539
         4            6.609             6.567
         5            5.680             5.711
         6           10.158            10.140
         7            0.295             0.291
         8            9.436             9.440
         9            5.824             5.810
        10            0.712             0.717
        11            2.181             2.156
        12            2.251             2.250
        13            3.194             3.223
        14            2.548             2.557
        15            6.032             6.035
        16            9.509             9.583
        17            1.240             1.293
        18            0.842             0.862
        19            1.774             1.776
        20            1.281             1.185
        21            1.025             1.051
        22           17.019            17.021
        23            3.087             3.117
        24            1.943             1.908
        25            1.405             1.368
        26            1.296             1.281
        27            4.844             4.809
        28            1.122             1.111
        29            1.801             1.873
        30            4.210             4.219
        31            5.183             5.194
        32            5.043             4.986
        33            1.118             1.129

 ======================================================================
 PFTs Output
 ======================================================================

 ......................................................................
 plant type                          input grid area output grid area
                                       10**6 km**2      10**6 km**2
 ......................................................................

 not vegetated                                 0.000           42.847
 needleleaf evergreen temperate tree           0.000            5.692
 needleleaf evergreen boreal tree              0.000            6.544
 needleleaf deciduous boreal tree              0.000            2.122
 broadleaf evergreen tropical tree             0.000           15.824
 broadleaf evergreen temperate tree            0.000            1.450
 broadleaf deciduous tropical tree             0.000            1.988
 broadleaf deciduous temperate tree            0.000            3.321
 broadleaf deciduous boreal tree               0.000            1.183
 broadleaf evergreen shrub                     0.000            0.041
 broadleaf deciduous temperate shrub           0.000            4.727
 broadleaf deciduous boreal shrub              0.000            5.176
 c3 arctic grass                               0.000            9.972
 c3 non-arctic grass                           0.000           17.182
 c4 grass                                      0.000           21.861
 c3_crop                                       0.000            0.025
 c3_irrigated                                  0.000            0.000
 temperate_corn                                0.000            0.861
 irrigated_temperate_corn                      0.000            0.210
 spring_wheat                                  0.000            2.262
 irrigated_spring_wheat                        0.000            0.661
 winter_wheat                                  0.000            0.000
 irrigated_winter_wheat                        0.000            0.000
 temperate_soybean                             0.000            0.564
 irrigated_temperate_soybean                   0.000            0.071
 barley                                        0.000            0.793
 irrigated_barley                              0.000            0.082
 winter_barley                                 0.000            0.000
 irrigated_winter_barley                       0.000            0.000
 rye                                           0.000            0.129
 irrigated_rye                                 0.000            0.006
 winter_rye                                    0.000            0.000
 irrigated_winter_rye                          0.000            0.000
 cassava                                       0.000            0.225
 irrigated_cassava                             0.000            0.021
 citrus                                        0.000            0.136
 irrigated citrus                              0.000            0.063
 cocoa                                         0.000            0.137
 irrigated_cocoa                               0.000            0.005
 coffee                                        0.000            0.272
 irrigated_coffee                              0.000            0.030
 cotton                                        0.000            0.143
 irrigated_cotton                              0.000            0.077
 datepalm                                      0.000            0.019
 irrigated_datepalm                            0.000            0.012
 foddergrass                                   0.000            1.585
 irrigated_foddergrass                         0.000            0.245
 grapes                                        0.000            0.151
 irrigated_grapes                              0.000            0.044
 groundnuts                                    0.000            0.318
 irrigated_groundnuts                          0.000            0.060
 millet                                        0.000            0.501
 irrigated_millet                              0.000            0.056
 oilpalm                                       0.000            0.235
 irrigated_oilpalm                             0.000            0.012
 potatoes                                      0.000            0.285
 irrigated_potatoes                            0.000            0.052
 pulses                                        0.000            0.922
 irrigated_pulses                              0.000            0.207
 rapeseed                                      0.000            0.226
 irrigated_rapeseed                            0.000            0.068
 rice                                          0.000            1.467
 irrigated_rice                                0.000            0.719
 sorghum                                       0.000            0.590
 irrigated_sorghum                             0.000            0.082
 sugarbeet                                     0.000            0.067
 irrigated_sugarbeet                           0.000            0.013
 sugarcane                                     0.000            0.210
 irrigated_sugarcane                           0.000            0.074
 sunflower                                     0.000            0.287
 irrigated_sunflower                           0.000            0.047
 miscanthus                                    0.000            0.000
 irrigated_miscanthus                          0.000            0.000
 switchgrass                                   0.000            0.000
 irrigated_switchgrass                         0.000            0.000
 tropical_corn                                 0.000            0.994
 irrigated_tropical_corn                       0.000            0.159
 tropical_soybean                              0.000            0.341
 irrigated_tropical_soybean                    0.000            0.047

 ======================================================================
 Harvesting Output
 ======================================================================

 ......................................................................
 harvest type                        input grid area output grid area
                                       10**6 km**2      10**6 km**2
 ......................................................................

           HARVEST_VH1                        16.688           16.688
           HARVEST_VH2                        25.277           25.277
           HARVEST_SH1                         7.977            7.977
           HARVEST_SH2                        13.513           13.513
           HARVEST_SH3                        60.513           60.513
           GRAZING                        -15678.115       -15678.115

 ======================================================================
 Urban Output -- class 1
 ======================================================================

 ......................................................................
 surface type   input grid area  output grid area
                  10**6 km**2      10**6 km**2   
 ......................................................................

 urban                0.001            0.00052928
 all surface        510.100          510.100

 ======================================================================
 Urban Output -- class 2
 ======================================================================

 ......................................................................
 surface type   input grid area  output grid area
                  10**6 km**2      10**6 km**2   
 ......................................................................

 urban                0.151            0.14806220
 all surface        510.100          510.100

 ======================================================================
 Urban Output -- class 3
 ======================================================================

 ......................................................................
 surface type   input grid area  output grid area
                  10**6 km**2      10**6 km**2   
 ......................................................................

 urban                0.634            0.62260508
 all surface        510.100          510.100

 ======================================================================
 Urban Region ID Output
 ======================================================================

 ......................................................................
 index      input grid area  output grid area
                10**6 km**2       10**6 km**2
 ......................................................................

         1            1.582             1.599
         2            7.809             7.809
         3            8.559             8.539
         4            6.609             6.567
         5            5.680             5.711
         6           10.158            10.140
         7            0.295             0.291
         8            9.436             9.440
         9            5.824             5.810
        10            0.712             0.717
        11            2.181             2.156
        12            2.251             2.250
        13            3.194             3.223
        14            2.548             2.557
        15            6.032             6.035
        16            9.509             9.583
        17            1.240             1.293
        18            0.842             0.862
        19            1.774             1.776
        20            1.281             1.185
        21            1.025             1.051
        22           17.019            17.021
        23            3.087             3.117
        24            1.943             1.908
        25            1.405             1.368
        26            1.296             1.281
        27            4.844             4.809
        28            1.122             1.111
        29            1.801             1.873
        30            4.210             4.219
        31            5.183             5.194
        32            5.043             4.986
        33            1.118             1.129

 ======================================================================
 PFTs Output
 ======================================================================

 ......................................................................
 plant type                          input grid area output grid area
                                       10**6 km**2      10**6 km**2
 ......................................................................

 not vegetated                                 0.000           42.827
 needleleaf evergreen temperate tree           0.000            5.696
 needleleaf evergreen boreal tree              0.000            6.543
 needleleaf deciduous boreal tree              0.000            2.122
 broadleaf evergreen tropical tree             0.000           15.794
 broadleaf evergreen temperate tree            0.000            1.448
 broadleaf deciduous tropical tree             0.000            1.979
 broadleaf deciduous temperate tree            0.000            3.320
 broadleaf deciduous boreal tree               0.000            1.184
 broadleaf evergreen shrub                     0.000            0.041
 broadleaf deciduous temperate shrub           0.000            4.722
 broadleaf deciduous boreal shrub              0.000            5.176
 c3 arctic grass                               0.000            9.974
 c3 non-arctic grass                           0.000           17.176
 c4 grass                                      0.000           21.852
 c3_crop                                       0.000            0.026
 c3_irrigated                                  0.000            0.000
 temperate_corn                                0.000            0.861
 irrigated_temperate_corn                      0.000            0.211
 spring_wheat                                  0.000            2.262
 irrigated_spring_wheat                        0.000            0.664
 winter_wheat                                  0.000            0.000
 irrigated_winter_wheat                        0.000            0.000
 temperate_soybean                             0.000            0.566
 irrigated_temperate_soybean                   0.000            0.071
 barley                                        0.000            0.795
 irrigated_barley                              0.000            0.083
 winter_barley                                 0.000            0.000
 irrigated_winter_barley                       0.000            0.000
 rye                                           0.000            0.128
 irrigated_rye                                 0.000            0.006
 winter_rye                                    0.000            0.000
 irrigated_winter_rye                          0.000            0.000
 cassava                                       0.000            0.226
 irrigated_cassava                             0.000            0.021
 citrus                                        0.000            0.136
 irrigated citrus                              0.000            0.064
 cocoa                                         0.000            0.137
 irrigated_cocoa                               0.000            0.005
 coffee                                        0.000            0.275
 irrigated_coffee                              0.000            0.030
 cotton                                        0.000            0.143
 irrigated_cotton                              0.000            0.077
 datepalm                                      0.000            0.019
 irrigated_datepalm                            0.000            0.012
 foddergrass                                   0.000            1.592
 irrigated_foddergrass                         0.000            0.250
 grapes                                        0.000            0.151
 irrigated_grapes                              0.000            0.044
 groundnuts                                    0.000            0.319
 irrigated_groundnuts                          0.000            0.060
 millet                                        0.000            0.505
 irrigated_millet                              0.000            0.057
 oilpalm                                       0.000            0.237
 irrigated_oilpalm                             0.000            0.012
 potatoes                                      0.000            0.285
 irrigated_potatoes                            0.000            0.053
 pulses                                        0.000            0.927
 irrigated_pulses                              0.000            0.210
 rapeseed                                      0.000            0.226
 irrigated_rapeseed                            0.000            0.068
 rice                                          0.000            1.470
 irrigated_rice                                0.000            0.720
 sorghum                                       0.000            0.595
 irrigated_sorghum                             0.000            0.086
 sugarbeet                                     0.000            0.067
 irrigated_sugarbeet                           0.000            0.013
 sugarcane                                     0.000            0.211
 irrigated_sugarcane                           0.000            0.074
 sunflower                                     0.000            0.288
 irrigated_sunflower                           0.000            0.048
 miscanthus                                    0.000            0.000
 irrigated_miscanthus                          0.000            0.000
 switchgrass                                   0.000            0.000
 irrigated_switchgrass                         0.000            0.000
 tropical_corn                                 0.000            1.006
 irrigated_tropical_corn                       0.000            0.161
 tropical_soybean                              0.000            0.342
 irrigated_tropical_soybean                    0.000            0.047

 ======================================================================
 Harvesting Output
 ======================================================================

 ......................................................................
 harvest type                        input grid area output grid area
                                       10**6 km**2      10**6 km**2
 ......................................................................

           HARVEST_VH1                        16.838           16.838
           HARVEST_VH2                        24.976           24.976
           HARVEST_SH1                         8.110            8.110
           HARVEST_SH2                        13.020           13.020
           HARVEST_SH3                        64.488           64.488
           GRAZING                        -15678.115       -15678.115

 ======================================================================
 Urban Output -- class 1
 ======================================================================

 ......................................................................
 surface type   input grid area  output grid area
                  10**6 km**2      10**6 km**2   
 ......................................................................

 urban                0.001            0.00053084
 all surface        510.100          510.100

 ======================================================================
 Urban Output -- class 2
 ======================================================================

 ......................................................................
 surface type   input grid area  output grid area
                  10**6 km**2      10**6 km**2   
 ......................................................................

 urban                0.152            0.14932073
 all surface        510.100          510.100

 ======================================================================
 Urban Output -- class 3
 ======================================================================

 ......................................................................
 surface type   input grid area  output grid area
                  10**6 km**2      10**6 km**2   
 ......................................................................

 urban                0.640            0.62801133
 all surface        510.100          510.100

 ======================================================================
 Urban Region ID Output
 ======================================================================

 ......................................................................
 index      input grid area  output grid area
                10**6 km**2       10**6 km**2
 ......................................................................

         1            1.582             1.599
         2            7.809             7.809
         3            8.559             8.539
         4            6.609             6.567
         5            5.680             5.711
         6           10.158            10.140
         7            0.295             0.291
         8            9.436             9.440
         9            5.824             5.810
        10            0.712             0.717
        11            2.181             2.156
        12            2.251             2.250
        13            3.194             3.223
        14            2.548             2.557
        15            6.032             6.035
        16            9.509             9.583
        17            1.240             1.293
        18            0.842             0.862
        19            1.774             1.776
        20            1.281             1.185
        21            1.025             1.051
        22           17.019            17.021
        23            3.087             3.117
        24            1.943             1.908
        25            1.405             1.368
        26            1.296             1.281
        27            4.844             4.809
        28            1.122             1.111
        29            1.801             1.873
        30            4.210             4.219
        31            5.183             5.194
        32            5.043             4.986
        33            1.118             1.129

 ======================================================================
 PFTs Output
 ======================================================================

 ......................................................................
 plant type                          input grid area output grid area
                                       10**6 km**2      10**6 km**2
 ......................................................................

 not vegetated                                 0.000           42.808
 needleleaf evergreen temperate tree           0.000            5.700
 needleleaf evergreen boreal tree              0.000            6.543
 needleleaf deciduous boreal tree              0.000            2.122
 broadleaf evergreen tropical tree             0.000           15.764
 broadleaf evergreen temperate tree            0.000            1.445
 broadleaf deciduous tropical tree             0.000            1.969
 broadleaf deciduous temperate tree            0.000            3.318
 broadleaf deciduous boreal tree               0.000            1.184
 broadleaf evergreen shrub                     0.000            0.041
 broadleaf deciduous temperate shrub           0.000            4.717
 broadleaf deciduous boreal shrub              0.000            5.176
 c3 arctic grass                               0.000            9.977
 c3 non-arctic grass                           0.000           17.171
 c4 grass                                      0.000           21.843
 c3_crop                                       0.000            0.026
 c3_irrigated                                  0.000            0.000
 temperate_corn                                0.000            0.862
 irrigated_temperate_corn                      0.000            0.212
 spring_wheat                                  0.000            2.262
 irrigated_spring_wheat                        0.000            0.667
 winter_wheat                                  0.000            0.000
 irrigated_winter_wheat                        0.000            0.000
 temperate_soybean                             0.000            0.567
 irrigated_temperate_soybean                   0.000            0.072
 barley                                        0.000            0.798
 irrigated_barley                              0.000            0.083
 winter_barley                                 0.000            0.000
 irrigated_winter_barley                       0.000            0.000
 rye                                           0.000            0.128
 irrigated_rye                                 0.000            0.006
 winter_rye                                    0.000            0.000
 irrigated_winter_rye                          0.000            0.000
 cassava                                       0.000            0.227
 irrigated_cassava                             0.000            0.021
 citrus                                        0.000            0.137
 irrigated citrus                              0.000            0.065
 cocoa                                         0.000            0.138
 irrigated_cocoa                               0.000            0.005
 coffee                                        0.000            0.277
 irrigated_coffee                              0.000            0.030
 cotton                                        0.000            0.143
 irrigated_cotton                              0.000            0.078
 datepalm                                      0.000            0.019
 irrigated_datepalm                            0.000            0.012
 foddergrass                                   0.000            1.598
 irrigated_foddergrass                         0.000            0.254
 grapes                                        0.000            0.151
 irrigated_grapes                              0.000            0.045
 groundnuts                                    0.000            0.321
 irrigated_groundnuts                          0.000            0.061
 millet                                        0.000            0.510
 irrigated_millet                              0.000            0.058
 oilpalm                                       0.000            0.238
 irrigated_oilpalm                             0.000            0.013
 potatoes                                      0.000            0.286
 irrigated_potatoes                            0.000            0.053
 pulses                                        0.000            0.932
 irrigated_pulses                              0.000            0.213
 rapeseed                                      0.000            0.226
 irrigated_rapeseed                            0.000            0.068
 rice                                          0.000            1.474
 irrigated_rice                                0.000            0.721
 sorghum                                       0.000            0.599
 irrigated_sorghum                             0.000            0.089
 sugarbeet                                     0.000            0.067
 irrigated_sugarbeet                           0.000            0.013
 sugarcane                                     0.000            0.212
 irrigated_sugarcane                           0.000            0.075
 sunflower                                     0.000            0.288
 irrigated_sunflower                           0.000            0.049
 miscanthus                                    0.000            0.000
 irrigated_miscanthus                          0.000            0.000
 switchgrass                                   0.000            0.000
 irrigated_switchgrass                         0.000            0.000
 tropical_corn                                 0.000            1.018
 irrigated_tropical_corn                       0.000            0.163
 tropical_soybean                              0.000            0.344
 irrigated_tropical_soybean                    0.000            0.048

 ======================================================================
 Harvesting Output
 ======================================================================

 ......................................................................
 harvest type                        input grid area output grid area
                                       10**6 km**2      10**6 km**2
 ......................................................................

           HARVEST_VH1                        16.955           16.955
           HARVEST_VH2                        24.143           24.143
           HARVEST_SH1                         8.178            8.178
           HARVEST_SH2                        12.377           12.377
           HARVEST_SH3                        68.024           68.024
           GRAZING                        -15678.115       -15678.115

 ======================================================================
 Urban Output -- class 1
 ======================================================================

 ......................................................................
 surface type   input grid area  output grid area
                  10**6 km**2      10**6 km**2   
 ......................................................................

 urban                0.001            0.00053240
 all surface        510.100          510.100

 ======================================================================
 Urban Output -- class 2
 ======================================================================

 ......................................................................
 surface type   input grid area  output grid area
                  10**6 km**2      10**6 km**2   
 ......................................................................

 urban                0.153            0.15056788
 all surface        510.100          510.100

 ======================================================================
 Urban Output -- class 3
 ======================================================================

 ......................................................................
 surface type   input grid area  output grid area
                  10**6 km**2      10**6 km**2   
 ......................................................................

 urban                0.645            0.63333417
 all surface        510.100          510.100

 ======================================================================
 Urban Region ID Output
 ======================================================================

 ......................................................................
 index      input grid area  output grid area
                10**6 km**2       10**6 km**2
 ......................................................................

         1            1.582             1.599
         2            7.809             7.809
         3            8.559             8.539
         4            6.609             6.567
         5            5.680             5.711
         6           10.158            10.140
         7            0.295             0.291
         8            9.436             9.440
         9            5.824             5.810
        10            0.712             0.717
        11            2.181             2.156
        12            2.251             2.250
        13            3.194             3.223
        14            2.548             2.557
        15            6.032             6.035
        16            9.509             9.583
        17            1.240             1.293
        18            0.842             0.862
        19            1.774             1.776
        20            1.281             1.185
        21            1.025             1.051
        22           17.019            17.021
        23            3.087             3.117
        24            1.943             1.908
        25            1.405             1.368
        26            1.296             1.281
        27            4.844             4.809
        28            1.122             1.111
        29            1.801             1.873
        30            4.210             4.219
        31            5.183             5.194
        32            5.043             4.986
        33            1.118             1.129

 ======================================================================
 PFTs Output
 ======================================================================

 ......................................................................
 plant type                          input grid area output grid area
                                       10**6 km**2      10**6 km**2
 ......................................................................

 not vegetated                                 0.000           42.788
 needleleaf evergreen temperate tree           0.000            5.704
 needleleaf evergreen boreal tree              0.000            6.542
 needleleaf deciduous boreal tree              0.000            2.122
 broadleaf evergreen tropical tree             0.000           15.735
 broadleaf evergreen temperate tree            0.000            1.443
 broadleaf deciduous tropical tree             0.000            1.959
 broadleaf deciduous temperate tree            0.000            3.317
 broadleaf deciduous boreal tree               0.000            1.185
 broadleaf evergreen shrub                     0.000            0.041
 broadleaf deciduous temperate shrub           0.000            4.711
 broadleaf deciduous boreal shrub              0.000            5.176
 c3 arctic grass                               0.000            9.979
 c3 non-arctic grass                           0.000           17.165
 c4 grass                                      0.000           21.834
 c3_crop                                       0.000            0.027
 c3_irrigated                                  0.000            0.000
 temperate_corn                                0.000            0.862
 irrigated_temperate_corn                      0.000            0.213
 spring_wheat                                  0.000            2.262
 irrigated_spring_wheat                        0.000            0.671
 winter_wheat                                  0.000            0.000
 irrigated_winter_wheat                        0.000            0.000
 temperate_soybean                             0.000            0.569
 irrigated_temperate_soybean                   0.000            0.072
 barley                                        0.000            0.800
 irrigated_barley                              0.000            0.084
 winter_barley                                 0.000            0.000
 irrigated_winter_barley                       0.000            0.000
 rye                                           0.000            0.128
 irrigated_rye                                 0.000            0.006
 winter_rye                                    0.000            0.000
 irrigated_winter_rye                          0.000            0.000
 cassava                                       0.000            0.227
 irrigated_cassava                             0.000            0.021
 citrus                                        0.000            0.137
 irrigated citrus                              0.000            0.066
 cocoa                                         0.000            0.138
 irrigated_cocoa                               0.000            0.005
 coffee                                        0.000            0.279
 irrigated_coffee                              0.000            0.030
 cotton                                        0.000            0.144
 irrigated_cotton                              0.000            0.078
 datepalm                                      0.000            0.019
 irrigated_datepalm                            0.000            0.013
 foddergrass                                   0.000            1.605
 irrigated_foddergrass                         0.000            0.259
 grapes                                        0.000            0.151
 irrigated_grapes                              0.000            0.045
 groundnuts                                    0.000            0.322
 irrigated_groundnuts                          0.000            0.061
 millet                                        0.000            0.515
 irrigated_millet                              0.000            0.059
 oilpalm                                       0.000            0.239
 irrigated_oilpalm                             0.000            0.013
 potatoes                                      0.000            0.286
 irrigated_potatoes                            0.000            0.053
 pulses                                        0.000            0.937
 irrigated_pulses                              0.000            0.216
 rapeseed                                      0.000            0.226
 irrigated_rapeseed                            0.000            0.068
 rice                                          0.000            1.477
 irrigated_rice                                0.000            0.721
 sorghum                                       0.000            0.604
 irrigated_sorghum                             0.000            0.093
 sugarbeet                                     0.000            0.067
 irrigated_sugarbeet                           0.000            0.013
 sugarcane                                     0.000            0.213
 irrigated_sugarcane                           0.000            0.075
 sunflower                                     0.000            0.289
 irrigated_sunflower                           0.000            0.050
 miscanthus                                    0.000            0.000
 irrigated_miscanthus                          0.000            0.000
 switchgrass                                   0.000            0.000
 irrigated_switchgrass                         0.000            0.000
 tropical_corn                                 0.000            1.030
 irrigated_tropical_corn                       0.000            0.165
 tropical_soybean                              0.000            0.346
 irrigated_tropical_soybean                    0.000            0.048

 ======================================================================
 Harvesting Output
 ======================================================================

 ......................................................................
 harvest type                        input grid area output grid area
                                       10**6 km**2      10**6 km**2
 ......................................................................

           HARVEST_VH1                        17.191           17.191
           HARVEST_VH2                        22.712           22.712
           HARVEST_SH1                         8.246            8.246
           HARVEST_SH2                        12.272           12.272
           HARVEST_SH3                        71.454           71.454
           GRAZING                        -15678.115       -15678.115

 ======================================================================
 Urban Output -- class 1
 ======================================================================

 ......................................................................
 surface type   input grid area  output grid area
                  10**6 km**2      10**6 km**2   
 ......................................................................

 urban                0.001            0.00053395
 all surface        510.100          510.100

 ======================================================================
 Urban Output -- class 2
 ======================================================================

 ......................................................................
 surface type   input grid area  output grid area
                  10**6 km**2      10**6 km**2   
 ......................................................................

 urban                0.155            0.15180056
 all surface        510.100          510.100

 ======================================================================
 Urban Output -- class 3
 ======================================================================

 ......................................................................
 surface type   input grid area  output grid area
                  10**6 km**2      10**6 km**2   
 ......................................................................

 urban                0.651            0.63861913
 all surface        510.100          510.100

 ======================================================================
 Urban Region ID Output
 ======================================================================

 ......................................................................
 index      input grid area  output grid area
                10**6 km**2       10**6 km**2
 ......................................................................

         1            1.582             1.599
         2            7.809             7.809
         3            8.559             8.539
         4            6.609             6.567
         5            5.680             5.711
         6           10.158            10.140
         7            0.295             0.291
         8            9.436             9.440
         9            5.824             5.810
        10            0.712             0.717
        11            2.181             2.156
        12            2.251             2.250
        13            3.194             3.223
        14            2.548             2.557
        15            6.032             6.035
        16            9.509             9.583
        17            1.240             1.293
        18            0.842             0.862
        19            1.774             1.776
        20            1.281             1.185
        21            1.025             1.051
        22           17.019            17.021
        23            3.087             3.117
        24            1.943             1.908
        25            1.405             1.368
        26            1.296             1.281
        27            4.844             4.809
        28            1.122             1.111
        29            1.801             1.873
        30            4.210             4.219
        31            5.183             5.194
        32            5.043             4.986
        33            1.118             1.129

 ======================================================================
 PFTs Output
 ======================================================================

 ......................................................................
 plant type                          input grid area output grid area
                                       10**6 km**2      10**6 km**2
 ......................................................................

 not vegetated                                 0.000           42.768
 needleleaf evergreen temperate tree           0.000            5.708
 needleleaf evergreen boreal tree              0.000            6.541
 needleleaf deciduous boreal tree              0.000            2.122
 broadleaf evergreen tropical tree             0.000           15.705
 broadleaf evergreen temperate tree            0.000            1.440
 broadleaf deciduous tropical tree             0.000            1.950
 broadleaf deciduous temperate tree            0.000            3.316
 broadleaf deciduous boreal tree               0.000            1.185
 broadleaf evergreen shrub                     0.000            0.041
 broadleaf deciduous temperate shrub           0.000            4.706
 broadleaf deciduous boreal shrub              0.000            5.177
 c3 arctic grass                               0.000            9.981
 c3 non-arctic grass                           0.000           17.160
 c4 grass                                      0.000           21.825
 c3_crop                                       0.000            0.027
 c3_irrigated                                  0.000            0.000
 temperate_corn                                0.000            0.862
 irrigated_temperate_corn                      0.000            0.214
 spring_wheat                                  0.000            2.262
 irrigated_spring_wheat                        0.000            0.674
 winter_wheat                                  0.000            0.000
 irrigated_winter_wheat                        0.000            0.000
 temperate_soybean                             0.000            0.570
 irrigated_temperate_soybean                   0.000            0.072
 barley                                        0.000            0.802
 irrigated_barley                              0.000            0.085
 winter_barley                                 0.000            0.000
 irrigated_winter_barley                       0.000            0.000
 rye                                           0.000            0.128
 irrigated_rye                                 0.000            0.006
 winter_rye                                    0.000            0.000
 irrigated_winter_rye                          0.000            0.000
 cassava                                       0.000            0.228
 irrigated_cassava                             0.000            0.021
 citrus                                        0.000            0.137
 irrigated citrus                              0.000            0.067
 cocoa                                         0.000            0.139
 irrigated_cocoa                               0.000            0.005
 coffee                                        0.000            0.282
 irrigated_coffee                              0.000            0.030
 cotton                                        0.000            0.144
 irrigated_cotton                              0.000            0.078
 datepalm                                      0.000            0.019
 irrigated_datepalm                            0.000            0.013
 foddergrass                                   0.000            1.612
 irrigated_foddergrass                         0.000            0.264
 grapes                                        0.000            0.151
 irrigated_grapes                              0.000            0.045
 groundnuts                                    0.000            0.323
 irrigated_groundnuts                          0.000            0.062
 millet                                        0.000            0.520
 irrigated_millet                              0.000            0.061
 oilpalm                                       0.000            0.241
 irrigated_oilpalm                             0.000            0.013
 potatoes                                      0.000            0.287
 irrigated_potatoes                            0.000            0.054
 pulses                                        0.000            0.941
 irrigated_pulses                              0.000            0.219
 rapeseed                                      0.000            0.226
 irrigated_rapeseed                            0.000            0.068
 rice                                          0.000            1.480
 irrigated_rice                                0.000            0.722
 sorghum                                       0.000            0.608
 irrigated_sorghum                             0.000            0.097
 sugarbeet                                     0.000            0.067
 irrigated_sugarbeet                           0.000            0.013
 sugarcane                                     0.000            0.213
 irrigated_sugarcane                           0.000            0.076
 sunflower                                     0.000            0.289
 irrigated_sunflower                           0.000            0.052
 miscanthus                                    0.000            0.000
 irrigated_miscanthus                          0.000            0.000
 switchgrass                                   0.000            0.000
 irrigated_switchgrass                         0.000            0.000
 tropical_corn                                 0.000            1.042
 irrigated_tropical_corn                       0.000            0.168
 tropical_soybean                              0.000            0.347
 irrigated_tropical_soybean                    0.000            0.048

 ======================================================================
 Harvesting Output
 ======================================================================

 ......................................................................
 harvest type                        input grid area output grid area
                                       10**6 km**2      10**6 km**2
 ......................................................................

           HARVEST_VH1                        17.328           17.328
           HARVEST_VH2                        21.199           21.199
           HARVEST_SH1                         8.331            8.331
           HARVEST_SH2                        12.240           12.240
           HARVEST_SH3                        74.755           74.755
           GRAZING                        -15678.115       -15678.115

 ======================================================================
 Urban Output -- class 1
 ======================================================================

 ......................................................................
 surface type   input grid area  output grid area
                  10**6 km**2      10**6 km**2   
 ......................................................................

 urban                0.001            0.00053551
 all surface        510.100          510.100

 ======================================================================
 Urban Output -- class 2
 ======================================================================

 ......................................................................
 surface type   input grid area  output grid area
                  10**6 km**2      10**6 km**2   
 ......................................................................

 urban                0.156            0.15306741
 all surface        510.100          510.100

 ======================================================================
 Urban Output -- class 3
 ======================================================================

 ......................................................................
 surface type   input grid area  output grid area
                  10**6 km**2      10**6 km**2   
 ......................................................................

 urban                0.656            0.64405955
 all surface        510.100          510.100

 ======================================================================
 Urban Region ID Output
 ======================================================================

 ......................................................................
 index      input grid area  output grid area
                10**6 km**2       10**6 km**2
 ......................................................................

         1            1.582             1.599
         2            7.809             7.809
         3            8.559             8.539
         4            6.609             6.567
         5            5.680             5.711
         6           10.158            10.140
         7            0.295             0.291
         8            9.436             9.440
         9            5.824             5.810
        10            0.712             0.717
        11            2.181             2.156
        12            2.251             2.250
        13            3.194             3.223
        14            2.548             2.557
        15            6.032             6.035
        16            9.509             9.583
        17            1.240             1.293
        18            0.842             0.862
        19            1.774             1.776
        20            1.281             1.185
        21            1.025             1.051
        22           17.019            17.021
        23            3.087             3.117
        24            1.943             1.908
        25            1.405             1.368
        26            1.296             1.281
        27            4.844             4.809
        28            1.122             1.111
        29            1.801             1.873
        30            4.210             4.219
        31            5.183             5.194
        32            5.043             4.986
        33            1.118             1.129

 ======================================================================
 PFTs Output
 ======================================================================

 ......................................................................
 plant type                          input grid area output grid area
                                       10**6 km**2      10**6 km**2
 ......................................................................

 not vegetated                                 0.000           42.751
 needleleaf evergreen temperate tree           0.000            5.713
 needleleaf evergreen boreal tree              0.000            6.541
 needleleaf deciduous boreal tree              0.000            2.122
 broadleaf evergreen tropical tree             0.000           15.678
 broadleaf evergreen temperate tree            0.000            1.439
 broadleaf deciduous tropical tree             0.000            1.942
 broadleaf deciduous temperate tree            0.000            3.318
 broadleaf deciduous boreal tree               0.000            1.186
 broadleaf evergreen shrub                     0.000            0.041
 broadleaf deciduous temperate shrub           0.000            4.702
 broadleaf deciduous boreal shrub              0.000            5.177
 c3 arctic grass                               0.000            9.982
 c3 non-arctic grass                           0.000           17.156
 c4 grass                                      0.000           21.811
 c3_crop                                       0.000            0.027
 c3_irrigated                                  0.000            0.000
 temperate_corn                                0.000            0.862
 irrigated_temperate_corn                      0.000            0.214
 spring_wheat                                  0.000            2.262
 irrigated_spring_wheat                        0.000            0.677
 winter_wheat                                  0.000            0.000
 irrigated_winter_wheat                        0.000            0.000
 temperate_soybean                             0.000            0.571
 irrigated_temperate_soybean                   0.000            0.073
 barley                                        0.000            0.804
 irrigated_barley                              0.000            0.085
 winter_barley                                 0.000            0.000
 irrigated_winter_barley                       0.000            0.000
 rye                                           0.000            0.128
 irrigated_rye                                 0.000            0.006
 winter_rye                                    0.000            0.000
 irrigated_winter_rye                          0.000            0.000
 cassava                                       0.000            0.229
 irrigated_cassava                             0.000            0.021
 citrus                                        0.000            0.138
 irrigated citrus                              0.000            0.068
 cocoa                                         0.000            0.139
 irrigated_cocoa                               0.000            0.005
 coffee                                        0.000            0.284
 irrigated_coffee                              0.000            0.030
 cotton                                        0.000            0.144
 irrigated_cotton                              0.000            0.078
 datepalm                                      0.000            0.019
 irrigated_datepalm                            0.000            0.013
 foddergrass                                   0.000            1.615
 irrigated_foddergrass                         0.000            0.266
 grapes                                        0.000            0.151
 irrigated_grapes                              0.000            0.045
 groundnuts                                    0.000            0.325
 irrigated_groundnuts                          0.000            0.062
 millet                                        0.000            0.525
 irrigated_millet                              0.000            0.062
 oilpalm                                       0.000            0.242
 irrigated_oilpalm                             0.000            0.013
 potatoes                                      0.000            0.288
 irrigated_potatoes                            0.000            0.054
 pulses                                        0.000            0.947
 irrigated_pulses                              0.000            0.221
 rapeseed                                      0.000            0.226
 irrigated_rapeseed                            0.000            0.068
 rice                                          0.000            1.482
 irrigated_rice                                0.000            0.723
 sorghum                                       0.000            0.613
 irrigated_sorghum                             0.000            0.100
 sugarbeet                                     0.000            0.067
 irrigated_sugarbeet                           0.000            0.013
 sugarcane                                     0.000            0.214
 irrigated_sugarcane                           0.000            0.076
 sunflower                                     0.000            0.289
 irrigated_sunflower                           0.000            0.052
 miscanthus                                    0.000            0.000
 irrigated_miscanthus                          0.000            0.000
 switchgrass                                   0.000            0.000
 irrigated_switchgrass                         0.000            0.000
 tropical_corn                                 0.000            1.055
 irrigated_tropical_corn                       0.000            0.169
 tropical_soybean                              0.000            0.349
 irrigated_tropical_soybean                    0.000            0.049

 ======================================================================
 Harvesting Output
 ======================================================================

 ......................................................................
 harvest type                        input grid area output grid area
                                       10**6 km**2      10**6 km**2
 ......................................................................

           HARVEST_VH1                        17.570           17.570
           HARVEST_VH2                        19.653           19.653
           HARVEST_SH1                         8.406            8.406
           HARVEST_SH2                        12.294           12.294
           HARVEST_SH3                        77.852           77.852
           GRAZING                        -15678.115       -15678.115

 ======================================================================
 Urban Output -- class 1
 ======================================================================

 ......................................................................
 surface type   input grid area  output grid area
                  10**6 km**2      10**6 km**2   
 ......................................................................

 urban                0.001            0.00053696
 all surface        510.100          510.100

 ======================================================================
 Urban Output -- class 2
 ======================================================================

 ......................................................................
 surface type   input grid area  output grid area
                  10**6 km**2      10**6 km**2   
 ......................................................................

 urban                0.157            0.15442359
 all surface        510.100          510.100

 ======================================================================
 Urban Output -- class 3
 ======================================================================

 ......................................................................
 surface type   input grid area  output grid area
                  10**6 km**2      10**6 km**2   
 ......................................................................

 urban                0.662            0.64986088
 all surface        510.100          510.100

 ======================================================================
 Urban Region ID Output
 ======================================================================

 ......................................................................
 index      input grid area  output grid area
                10**6 km**2       10**6 km**2
 ......................................................................

         1            1.582             1.599
         2            7.809             7.809
         3            8.559             8.539
         4            6.609             6.567
         5            5.680             5.711
         6           10.158            10.140
         7            0.295             0.291
         8            9.436             9.440
         9            5.824             5.810
        10            0.712             0.717
        11            2.181             2.156
        12            2.251             2.250
        13            3.194             3.223
        14            2.548             2.557
        15            6.032             6.035
        16            9.509             9.583
        17            1.240             1.293
        18            0.842             0.862
        19            1.774             1.776
        20            1.281             1.185
        21            1.025             1.051
        22           17.019            17.021
        23            3.087             3.117
        24            1.943             1.908
        25            1.405             1.368
        26            1.296             1.281
        27            4.844             4.809
        28            1.122             1.111
        29            1.801             1.873
        30            4.210             4.219
        31            5.183             5.194
        32            5.043             4.986
        33            1.118             1.129

 ======================================================================
 PFTs Output
 ======================================================================

 ......................................................................
 plant type                          input grid area output grid area
                                       10**6 km**2      10**6 km**2
 ......................................................................

 not vegetated                                 0.000           42.735
 needleleaf evergreen temperate tree           0.000            5.719
 needleleaf evergreen boreal tree              0.000            6.541
 needleleaf deciduous boreal tree              0.000            2.122
 broadleaf evergreen tropical tree             0.000           15.652
 broadleaf evergreen temperate tree            0.000            1.438
 broadleaf deciduous tropical tree             0.000            1.934
 broadleaf deciduous temperate tree            0.000            3.320
 broadleaf deciduous boreal tree               0.000            1.187
 broadleaf evergreen shrub                     0.000            0.041
 broadleaf deciduous temperate shrub           0.000            4.698
 broadleaf deciduous boreal shrub              0.000            5.177
 c3 arctic grass                               0.000            9.983
 c3 non-arctic grass                           0.000           17.153
 c4 grass                                      0.000           21.798
 c3_crop                                       0.000            0.028
 c3_irrigated                                  0.000            0.000
 temperate_corn                                0.000            0.861
 irrigated_temperate_corn                      0.000            0.214
 spring_wheat                                  0.000            2.262
 irrigated_spring_wheat                        0.000            0.679
 winter_wheat                                  0.000            0.000
 irrigated_winter_wheat                        0.000            0.000
 temperate_soybean                             0.000            0.572
 irrigated_temperate_soybean                   0.000            0.073
 barley                                        0.000            0.805
 irrigated_barley                              0.000            0.086
 winter_barley                                 0.000            0.000
 irrigated_winter_barley                       0.000            0.000
 rye                                           0.000            0.127
 irrigated_rye                                 0.000            0.006
 winter_rye                                    0.000            0.000
 irrigated_winter_rye                          0.000            0.000
 cassava                                       0.000            0.230
 irrigated_cassava                             0.000            0.021
 citrus                                        0.000            0.138
 irrigated citrus                              0.000            0.068
 cocoa                                         0.000            0.139
 irrigated_cocoa                               0.000            0.005
 coffee                                        0.000            0.287
 irrigated_coffee                              0.000            0.030
 cotton                                        0.000            0.145
 irrigated_cotton                              0.000            0.079
 datepalm                                      0.000            0.019
 irrigated_datepalm                            0.000            0.014
 foddergrass                                   0.000            1.618
 irrigated_foddergrass                         0.000            0.268
 grapes                                        0.000            0.151
 irrigated_grapes                              0.000            0.046
 groundnuts                                    0.000            0.327
 irrigated_groundnuts                          0.000            0.063
 millet                                        0.000            0.531
 irrigated_millet                              0.000            0.063
 oilpalm                                       0.000            0.243
 irrigated_oilpalm                             0.000            0.013
 potatoes                                      0.000            0.288
 irrigated_potatoes                            0.000            0.055
 pulses                                        0.000            0.952
 irrigated_pulses                              0.000            0.224
 rapeseed                                      0.000            0.225
 irrigated_rapeseed                            0.000            0.068
 rice                                          0.000            1.485
 irrigated_rice                                0.000            0.724
 sorghum                                       0.000            0.618
 irrigated_sorghum                             0.000            0.104
 sugarbeet                                     0.000            0.067
 irrigated_sugarbeet                           0.000            0.013
 sugarcane                                     0.000            0.214
 irrigated_sugarcane                           0.000            0.076
 sunflower                                     0.000            0.289
 irrigated_sunflower                           0.000            0.053
 miscanthus                                    0.000            0.000
 irrigated_miscanthus                          0.000            0.000
 switchgrass                                   0.000            0.000
 irrigated_switchgrass                         0.000            0.000
 tropical_corn                                 0.000            1.068
 irrigated_tropical_corn                       0.000            0.171
 tropical_soybean                              0.000            0.351
 irrigated_tropical_soybean                    0.000            0.049

 ======================================================================
 Harvesting Output
 ======================================================================

 ......................................................................
 harvest type                        input grid area output grid area
                                       10**6 km**2      10**6 km**2
 ......................................................................

           HARVEST_VH1                        17.657           17.657
           HARVEST_VH2                        17.953           17.953
           HARVEST_SH1                         8.479            8.479
           HARVEST_SH2                        12.282           12.282
           HARVEST_SH3                        80.393           80.393
           GRAZING                        -15678.115       -15678.115

 ======================================================================
 Urban Output -- class 1
 ======================================================================

 ......................................................................
 surface type   input grid area  output grid area
                  10**6 km**2      10**6 km**2   
 ......................................................................

 urban                0.001            0.00053841
 all surface        510.100          510.100

 ======================================================================
 Urban Output -- class 2
 ======================================================================

 ......................................................................
 surface type   input grid area  output grid area
                  10**6 km**2      10**6 km**2   
 ......................................................................

 urban                0.159            0.15578752
 all surface        510.100          510.100

 ======================================================================
 Urban Output -- class 3
 ======================================================================

 ......................................................................
 surface type   input grid area  output grid area
                  10**6 km**2      10**6 km**2   
 ......................................................................

 urban                0.668            0.65569915
 all surface        510.100          510.100

 ======================================================================
 Urban Region ID Output
 ======================================================================

 ......................................................................
 index      input grid area  output grid area
                10**6 km**2       10**6 km**2
 ......................................................................

         1            1.582             1.599
         2            7.809             7.809
         3            8.559             8.539
         4            6.609             6.567
         5            5.680             5.711
         6           10.158            10.140
         7            0.295             0.291
         8            9.436             9.440
         9            5.824             5.810
        10            0.712             0.717
        11            2.181             2.156
        12            2.251             2.250
        13            3.194             3.223
        14            2.548             2.557
        15            6.032             6.035
        16            9.509             9.583
        17            1.240             1.293
        18            0.842             0.862
        19            1.774             1.776
        20            1.281             1.185
        21            1.025             1.051
        22           17.019            17.021
        23            3.087             3.117
        24            1.943             1.908
        25            1.405             1.368
        26            1.296             1.281
        27            4.844             4.809
        28            1.122             1.111
        29            1.801             1.873
        30            4.210             4.219
        31            5.183             5.194
        32            5.043             4.986
        33            1.118             1.129

 ======================================================================
 PFTs Output
 ======================================================================

 ......................................................................
 plant type                          input grid area output grid area
                                       10**6 km**2      10**6 km**2
 ......................................................................

 not vegetated                                 0.000           42.718
 needleleaf evergreen temperate tree           0.000            5.724
 needleleaf evergreen boreal tree              0.000            6.541
 needleleaf deciduous boreal tree              0.000            2.123
 broadleaf evergreen tropical tree             0.000           15.626
 broadleaf evergreen temperate tree            0.000            1.437
 broadleaf deciduous tropical tree             0.000            1.925
 broadleaf deciduous temperate tree            0.000            3.321
 broadleaf deciduous boreal tree               0.000            1.187
 broadleaf evergreen shrub                     0.000            0.041
 broadleaf deciduous temperate shrub           0.000            4.693
 broadleaf deciduous boreal shrub              0.000            5.177
 c3 arctic grass                               0.000            9.983
 c3 non-arctic grass                           0.000           17.149
 c4 grass                                      0.000           21.784
 c3_crop                                       0.000            0.028
 c3_irrigated                                  0.000            0.000
 temperate_corn                                0.000            0.860
 irrigated_temperate_corn                      0.000            0.214
 spring_wheat                                  0.000            2.263
 irrigated_spring_wheat                        0.000            0.682
 winter_wheat                                  0.000            0.000
 irrigated_winter_wheat                        0.000            0.000
 temperate_soybean                             0.000            0.573
 irrigated_temperate_soybean                   0.000            0.073
 barley                                        0.000            0.806
 irrigated_barley                              0.000            0.086
 winter_barley                                 0.000            0.000
 irrigated_winter_barley                       0.000            0.000
 rye                                           0.000            0.127
 irrigated_rye                                 0.000            0.006
 winter_rye                                    0.000            0.000
 irrigated_winter_rye                          0.000            0.000
 cassava                                       0.000            0.231
 irrigated_cassava                             0.000            0.021
 citrus                                        0.000            0.139
 irrigated citrus                              0.000            0.069
 cocoa                                         0.000            0.140
 irrigated_cocoa                               0.000            0.005
 coffee                                        0.000            0.289
 irrigated_coffee                              0.000            0.030
 cotton                                        0.000            0.145
 irrigated_cotton                              0.000            0.079
 datepalm                                      0.000            0.018
 irrigated_datepalm                            0.000            0.014
 foddergrass                                   0.000            1.621
 irrigated_foddergrass                         0.000            0.270
 grapes                                        0.000            0.150
 irrigated_grapes                              0.000            0.046
 groundnuts                                    0.000            0.329
 irrigated_groundnuts                          0.000            0.063
 millet                                        0.000            0.536
 irrigated_millet                              0.000            0.064
 oilpalm                                       0.000            0.244
 irrigated_oilpalm                             0.000            0.013
 potatoes                                      0.000            0.289
 irrigated_potatoes                            0.000            0.055
 pulses                                        0.000            0.958
 irrigated_pulses                              0.000            0.227
 rapeseed                                      0.000            0.225
 irrigated_rapeseed                            0.000            0.068
 rice                                          0.000            1.487
 irrigated_rice                                0.000            0.725
 sorghum                                       0.000            0.623
 irrigated_sorghum                             0.000            0.107
 sugarbeet                                     0.000            0.066
 irrigated_sugarbeet                           0.000            0.013
 sugarcane                                     0.000            0.215
 irrigated_sugarcane                           0.000            0.076
 sunflower                                     0.000            0.289
 irrigated_sunflower                           0.000            0.053
 miscanthus                                    0.000            0.000
 irrigated_miscanthus                          0.000            0.000
 switchgrass                                   0.000            0.000
 irrigated_switchgrass                         0.000            0.000
 tropical_corn                                 0.000            1.081
 irrigated_tropical_corn                       0.000            0.173
 tropical_soybean                              0.000            0.352
 irrigated_tropical_soybean                    0.000            0.049

 ======================================================================
 Harvesting Output
 ======================================================================

 ......................................................................
 harvest type                        input grid area output grid area
                                       10**6 km**2      10**6 km**2
 ......................................................................

           HARVEST_VH1                        17.551           17.551
           HARVEST_VH2                        16.326           16.326
           HARVEST_SH1                         8.525            8.525
           HARVEST_SH2                        12.271           12.271
           HARVEST_SH3                        82.894           82.894
           GRAZING                        -15678.115       -15678.115

 ======================================================================
 Urban Output -- class 1
 ======================================================================

 ......................................................................
 surface type   input grid area  output grid area
                  10**6 km**2      10**6 km**2   
 ......................................................................

 urban                0.001            0.00053987
 all surface        510.100          510.100

 ======================================================================
 Urban Output -- class 2
 ======================================================================

 ......................................................................
 surface type   input grid area  output grid area
                  10**6 km**2      10**6 km**2   
 ......................................................................

 urban                0.160            0.15713758
 all surface        510.100          510.100

 ======================================================================
 Urban Output -- class 3
 ======================================================================

 ......................................................................
 surface type   input grid area  output grid area
                  10**6 km**2      10**6 km**2   
 ......................................................................

 urban                0.674            0.66145862
 all surface        510.100          510.100

 ======================================================================
 Urban Region ID Output
 ======================================================================

 ......................................................................
 index      input grid area  output grid area
                10**6 km**2       10**6 km**2
 ......................................................................

         1            1.582             1.599
         2            7.809             7.809
         3            8.559             8.539
         4            6.609             6.567
         5            5.680             5.711
         6           10.158            10.140
         7            0.295             0.291
         8            9.436             9.440
         9            5.824             5.810
        10            0.712             0.717
        11            2.181             2.156
        12            2.251             2.250
        13            3.194             3.223
        14            2.548             2.557
        15            6.032             6.035
        16            9.509             9.583
        17            1.240             1.293
        18            0.842             0.862
        19            1.774             1.776
        20            1.281             1.185
        21            1.025             1.051
        22           17.019            17.021
        23            3.087             3.117
        24            1.943             1.908
        25            1.405             1.368
        26            1.296             1.281
        27            4.844             4.809
        28            1.122             1.111
        29            1.801             1.873
        30            4.210             4.219
        31            5.183             5.194
        32            5.043             4.986
        33            1.118             1.129

 ======================================================================
 PFTs Output
 ======================================================================

 ......................................................................
 plant type                          input grid area output grid area
                                       10**6 km**2      10**6 km**2
 ......................................................................

 not vegetated                                 0.000           42.701
 needleleaf evergreen temperate tree           0.000            5.729
 needleleaf evergreen boreal tree              0.000            6.541
 needleleaf deciduous boreal tree              0.000            2.123
 broadleaf evergreen tropical tree             0.000           15.599
 broadleaf evergreen temperate tree            0.000            1.436
 broadleaf deciduous tropical tree             0.000            1.917
 broadleaf deciduous temperate tree            0.000            3.323
 broadleaf deciduous boreal tree               0.000            1.188
 broadleaf evergreen shrub                     0.000            0.041
 broadleaf deciduous temperate shrub           0.000            4.689
 broadleaf deciduous boreal shrub              0.000            5.177
 c3 arctic grass                               0.000            9.984
 c3 non-arctic grass                           0.000           17.146
 c4 grass                                      0.000           21.771
 c3_crop                                       0.000            0.028
 c3_irrigated                                  0.000            0.000
 temperate_corn                                0.000            0.860
 irrigated_temperate_corn                      0.000            0.215
 spring_wheat                                  0.000            2.263
 irrigated_spring_wheat                        0.000            0.685
 winter_wheat                                  0.000            0.000
 irrigated_winter_wheat                        0.000            0.000
 temperate_soybean                             0.000            0.573
 irrigated_temperate_soybean                   0.000            0.073
 barley                                        0.000            0.807
 irrigated_barley                              0.000            0.087
 winter_barley                                 0.000            0.000
 irrigated_winter_barley                       0.000            0.000
 rye                                           0.000            0.127
 irrigated_rye                                 0.000            0.006
 winter_rye                                    0.000            0.000
 irrigated_winter_rye                          0.000            0.000
 cassava                                       0.000            0.232
 irrigated_cassava                             0.000            0.021
 citrus                                        0.000            0.139
 irrigated citrus                              0.000            0.069
 cocoa                                         0.000            0.140
 irrigated_cocoa                               0.000            0.005
 coffee                                        0.000            0.292
 irrigated_coffee                              0.000            0.030
 cotton                                        0.000            0.146
 irrigated_cotton                              0.000            0.079
 datepalm                                      0.000            0.018
 irrigated_datepalm                            0.000            0.014
 foddergrass                                   0.000            1.624
 irrigated_foddergrass                         0.000            0.272
 grapes                                        0.000            0.150
 irrigated_grapes                              0.000            0.046
 groundnuts                                    0.000            0.331
 irrigated_groundnuts                          0.000            0.063
 millet                                        0.000            0.542
 irrigated_millet                              0.000            0.066
 oilpalm                                       0.000            0.245
 irrigated_oilpalm                             0.000            0.014
 potatoes                                      0.000            0.289
 irrigated_potatoes                            0.000            0.055
 pulses                                        0.000            0.963
 irrigated_pulses                              0.000            0.229
 rapeseed                                      0.000            0.225
 irrigated_rapeseed                            0.000            0.068
 rice                                          0.000            1.489
 irrigated_rice                                0.000            0.726
 sorghum                                       0.000            0.628
 irrigated_sorghum                             0.000            0.110
 sugarbeet                                     0.000            0.066
 irrigated_sugarbeet                           0.000            0.013
 sugarcane                                     0.000            0.215
 irrigated_sugarcane                           0.000            0.077
 sunflower                                     0.000            0.290
 irrigated_sunflower                           0.000            0.053
 miscanthus                                    0.000            0.000
 irrigated_miscanthus                          0.000            0.000
 switchgrass                                   0.000            0.000
 irrigated_switchgrass                         0.000            0.000
 tropical_corn                                 0.000            1.094
 irrigated_tropical_corn                       0.000            0.174
 tropical_soybean                              0.000            0.354
 irrigated_tropical_soybean                    0.000            0.049

 ======================================================================
 Harvesting Output
 ======================================================================

 ......................................................................
 harvest type                        input grid area output grid area
                                       10**6 km**2      10**6 km**2
 ......................................................................

           HARVEST_VH1                        17.499           17.499
           HARVEST_VH2                        14.737           14.737
           HARVEST_SH1                         8.617            8.617
           HARVEST_SH2                        12.246           12.246
           HARVEST_SH3                        85.243           85.243
           GRAZING                        -15678.115       -15678.115

 ======================================================================
 Urban Output -- class 1
 ======================================================================

 ......................................................................
 surface type   input grid area  output grid area
                  10**6 km**2      10**6 km**2   
 ......................................................................

 urban                0.001            0.00054132
 all surface        510.100          510.100

 ======================================================================
 Urban Output -- class 2
 ======================================================================

 ......................................................................
 surface type   input grid area  output grid area
                  10**6 km**2      10**6 km**2   
 ......................................................................

 urban                0.161            0.15851351
 all surface        510.100          510.100

 ======================================================================
 Urban Output -- class 3
 ======================================================================

 ......................................................................
 surface type   input grid area  output grid area
                  10**6 km**2      10**6 km**2   
 ......................................................................

 urban                0.680            0.66738349
 all surface        510.100          510.100

 ======================================================================
 Urban Region ID Output
 ======================================================================

 ......................................................................
 index      input grid area  output grid area
                10**6 km**2       10**6 km**2
 ......................................................................

         1            1.582             1.599
         2            7.809             7.809
         3            8.559             8.539
         4            6.609             6.567
         5            5.680             5.711
         6           10.158            10.140
         7            0.295             0.291
         8            9.436             9.440
         9            5.824             5.810
        10            0.712             0.717
        11            2.181             2.156
        12            2.251             2.250
        13            3.194             3.223
        14            2.548             2.557
        15            6.032             6.035
        16            9.509             9.583
        17            1.240             1.293
        18            0.842             0.862
        19            1.774             1.776
        20            1.281             1.185
        21            1.025             1.051
        22           17.019            17.021
        23            3.087             3.117
        24            1.943             1.908
        25            1.405             1.368
        26            1.296             1.281
        27            4.844             4.809
        28            1.122             1.111
        29            1.801             1.873
        30            4.210             4.219
        31            5.183             5.194
        32            5.043             4.986
        33            1.118             1.129

 ======================================================================
 PFTs Output
 ======================================================================

 ......................................................................
 plant type                          input grid area output grid area
                                       10**6 km**2      10**6 km**2
 ......................................................................

 not vegetated                                 0.000           42.685
 needleleaf evergreen temperate tree           0.000            5.734
 needleleaf evergreen boreal tree              0.000            6.541
 needleleaf deciduous boreal tree              0.000            2.123
 broadleaf evergreen tropical tree             0.000           15.572
 broadleaf evergreen temperate tree            0.000            1.435
 broadleaf deciduous tropical tree             0.000            1.909
 broadleaf deciduous temperate tree            0.000            3.324
 broadleaf deciduous boreal tree               0.000            1.189
 broadleaf evergreen shrub                     0.000            0.041
 broadleaf deciduous temperate shrub           0.000            4.685
 broadleaf deciduous boreal shrub              0.000            5.177
 c3 arctic grass                               0.000            9.985
 c3 non-arctic grass                           0.000           17.142
 c4 grass                                      0.000           21.757
 c3_crop                                       0.000            0.029
 c3_irrigated                                  0.000            0.000
 temperate_corn                                0.000            0.859
 irrigated_temperate_corn                      0.000            0.215
 spring_wheat                                  0.000            2.264
 irrigated_spring_wheat                        0.000            0.688
 winter_wheat                                  0.000            0.000
 irrigated_winter_wheat                        0.000            0.000
 temperate_soybean                             0.000            0.574
 irrigated_temperate_soybean                   0.000            0.073
 barley                                        0.000            0.808
 irrigated_barley                              0.000            0.087
 winter_barley                                 0.000            0.000
 irrigated_winter_barley                       0.000            0.000
 rye                                           0.000            0.127
 irrigated_rye                                 0.000            0.006
 winter_rye                                    0.000            0.000
 irrigated_winter_rye                          0.000            0.000
 cassava                                       0.000            0.233
 irrigated_cassava                             0.000            0.021
 citrus                                        0.000            0.139
 irrigated citrus                              0.000            0.070
 cocoa                                         0.000            0.140
 irrigated_cocoa                               0.000            0.005
 coffee                                        0.000            0.294
 irrigated_coffee                              0.000            0.030
 cotton                                        0.000            0.146
 irrigated_cotton                              0.000            0.079
 datepalm                                      0.000            0.018
 irrigated_datepalm                            0.000            0.015
 foddergrass                                   0.000            1.627
 irrigated_foddergrass                         0.000            0.274
 grapes                                        0.000            0.150
 irrigated_grapes                              0.000            0.046
 groundnuts                                    0.000            0.333
 irrigated_groundnuts                          0.000            0.064
 millet                                        0.000            0.547
 irrigated_millet                              0.000            0.067
 oilpalm                                       0.000            0.246
 irrigated_oilpalm                             0.000            0.014
 potatoes                                      0.000            0.290
 irrigated_potatoes                            0.000            0.056
 pulses                                        0.000            0.969
 irrigated_pulses                              0.000            0.232
 rapeseed                                      0.000            0.225
 irrigated_rapeseed                            0.000            0.068
 rice                                          0.000            1.491
 irrigated_rice                                0.000            0.727
 sorghum                                       0.000            0.633
 irrigated_sorghum                             0.000            0.114
 sugarbeet                                     0.000            0.066
 irrigated_sugarbeet                           0.000            0.013
 sugarcane                                     0.000            0.216
 irrigated_sugarcane                           0.000            0.077
 sunflower                                     0.000            0.290
 irrigated_sunflower                           0.000            0.054
 miscanthus                                    0.000            0.000
 irrigated_miscanthus                          0.000            0.000
 switchgrass                                   0.000            0.000
 irrigated_switchgrass                         0.000            0.000
 tropical_corn                                 0.000            1.107
 irrigated_tropical_corn                       0.000            0.176
 tropical_soybean                              0.000            0.355
 irrigated_tropical_soybean                    0.000            0.049

 ======================================================================
 Harvesting Output
 ======================================================================

 ......................................................................
 harvest type                        input grid area output grid area
                                       10**6 km**2      10**6 km**2
 ......................................................................

           HARVEST_VH1                        17.163           17.163
           HARVEST_VH2                        13.279           13.279
           HARVEST_SH1                         8.755            8.755
           HARVEST_SH2                        12.396           12.396
           HARVEST_SH3                        87.386           87.386
           GRAZING                        -15678.115       -15678.115

 ======================================================================
 Urban Output -- class 1
 ======================================================================

 ......................................................................
 surface type   input grid area  output grid area
                  10**6 km**2      10**6 km**2   
 ......................................................................

 urban                0.001            0.00054277
 all surface        510.100          510.100

 ======================================================================
 Urban Output -- class 2
 ======================================================================

 ......................................................................
 surface type   input grid area  output grid area
                  10**6 km**2      10**6 km**2   
 ......................................................................

 urban                0.163            0.15988663
 all surface        510.100          510.100

 ======================================================================
 Urban Output -- class 3
 ======================================================================

 ......................................................................
 surface type   input grid area  output grid area
                  10**6 km**2      10**6 km**2   
 ......................................................................

 urban                0.686            0.67323468
 all surface        510.100          510.100

 ======================================================================
 Urban Region ID Output
 ======================================================================

 ......................................................................
 index      input grid area  output grid area
                10**6 km**2       10**6 km**2
 ......................................................................

         1            1.582             1.599
         2            7.809             7.809
         3            8.559             8.539
         4            6.609             6.567
         5            5.680             5.711
         6           10.158            10.140
         7            0.295             0.291
         8            9.436             9.440
         9            5.824             5.810
        10            0.712             0.717
        11            2.181             2.156
        12            2.251             2.250
        13            3.194             3.223
        14            2.548             2.557
        15            6.032             6.035
        16            9.509             9.583
        17            1.240             1.293
        18            0.842             0.862
        19            1.774             1.776
        20            1.281             1.185
        21            1.025             1.051
        22           17.019            17.021
        23            3.087             3.117
        24            1.943             1.908
        25            1.405             1.368
        26            1.296             1.281
        27            4.844             4.809
        28            1.122             1.111
        29            1.801             1.873
        30            4.210             4.219
        31            5.183             5.194
        32            5.043             4.986
        33            1.118             1.129

 ======================================================================
 PFTs Output
 ======================================================================

 ......................................................................
 plant type                          input grid area output grid area
                                       10**6 km**2      10**6 km**2
 ......................................................................

 not vegetated                                 0.000           42.668
 needleleaf evergreen temperate tree           0.000            5.740
 needleleaf evergreen boreal tree              0.000            6.541
 needleleaf deciduous boreal tree              0.000            2.123
 broadleaf evergreen tropical tree             0.000           15.547
 broadleaf evergreen temperate tree            0.000            1.435
 broadleaf deciduous tropical tree             0.000            1.901
 broadleaf deciduous temperate tree            0.000            3.326
 broadleaf deciduous boreal tree               0.000            1.190
 broadleaf evergreen shrub                     0.000            0.041
 broadleaf deciduous temperate shrub           0.000            4.681
 broadleaf deciduous boreal shrub              0.000            5.177
 c3 arctic grass                               0.000            9.986
 c3 non-arctic grass                           0.000           17.139
 c4 grass                                      0.000           21.744
 c3_crop                                       0.000            0.029
 c3_irrigated                                  0.000            0.000
 temperate_corn                                0.000            0.858
 irrigated_temperate_corn                      0.000            0.215
 spring_wheat                                  0.000            2.264
 irrigated_spring_wheat                        0.000            0.690
 winter_wheat                                  0.000            0.000
 irrigated_winter_wheat                        0.000            0.000
 temperate_soybean                             0.000            0.575
 irrigated_temperate_soybean                   0.000            0.073
 barley                                        0.000            0.809
 irrigated_barley                              0.000            0.088
 winter_barley                                 0.000            0.000
 irrigated_winter_barley                       0.000            0.000
 rye                                           0.000            0.127
 irrigated_rye                                 0.000            0.006
 winter_rye                                    0.000            0.000
 irrigated_winter_rye                          0.000            0.000
 cassava                                       0.000            0.234
 irrigated_cassava                             0.000            0.021
 citrus                                        0.000            0.139
 irrigated citrus                              0.000            0.071
 cocoa                                         0.000            0.140
 irrigated_cocoa                               0.000            0.005
 coffee                                        0.000            0.296
 irrigated_coffee                              0.000            0.030
 cotton                                        0.000            0.147
 irrigated_cotton                              0.000            0.080
 datepalm                                      0.000            0.018
 irrigated_datepalm                            0.000            0.015
 foddergrass                                   0.000            1.629
 irrigated_foddergrass                         0.000            0.276
 grapes                                        0.000            0.150
 irrigated_grapes                              0.000            0.047
 groundnuts                                    0.000            0.335
 irrigated_groundnuts                          0.000            0.064
 millet                                        0.000            0.553
 irrigated_millet                              0.000            0.068
 oilpalm                                       0.000            0.247
 irrigated_oilpalm                             0.000            0.014
 potatoes                                      0.000            0.290
 irrigated_potatoes                            0.000            0.056
 pulses                                        0.000            0.973
 irrigated_pulses                              0.000            0.235
 rapeseed                                      0.000            0.225
 irrigated_rapeseed                            0.000            0.068
 rice                                          0.000            1.494
 irrigated_rice                                0.000            0.728
 sorghum                                       0.000            0.640
 irrigated_sorghum                             0.000            0.116
 sugarbeet                                     0.000            0.066
 irrigated_sugarbeet                           0.000            0.013
 sugarcane                                     0.000            0.216
 irrigated_sugarcane                           0.000            0.077
 sunflower                                     0.000            0.290
 irrigated_sunflower                           0.000            0.054
 miscanthus                                    0.000            0.000
 irrigated_miscanthus                          0.000            0.000
 switchgrass                                   0.000            0.000
 irrigated_switchgrass                         0.000            0.000
 tropical_corn                                 0.000            1.120
 irrigated_tropical_corn                       0.000            0.178
 tropical_soybean                              0.000            0.357
 irrigated_tropical_soybean                    0.000            0.050

 ======================================================================
 Harvesting Output
 ======================================================================

 ......................................................................
 harvest type                        input grid area output grid area
                                       10**6 km**2      10**6 km**2
 ......................................................................

           HARVEST_VH1                        16.987           16.987
           HARVEST_VH2                        12.067           12.067
           HARVEST_SH1                         8.897            8.897
           HARVEST_SH2                        12.211           12.211
           HARVEST_SH3                        89.577           89.577
           GRAZING                        -15678.115       -15678.115

 ======================================================================
 Urban Output -- class 1
 ======================================================================

 ......................................................................
 surface type   input grid area  output grid area
                  10**6 km**2      10**6 km**2   
 ......................................................................

 urban                0.001            0.00054422
 all surface        510.100          510.100

 ======================================================================
 Urban Output -- class 2
 ======================================================================

 ......................................................................
 surface type   input grid area  output grid area
                  10**6 km**2      10**6 km**2   
 ......................................................................

 urban                0.164            0.16126822
 all surface        510.100          510.100

 ======================================================================
 Urban Output -- class 3
 ======================================================================

 ......................................................................
 surface type   input grid area  output grid area
                  10**6 km**2      10**6 km**2   
 ......................................................................

 urban                0.692            0.67913806
 all surface        510.100          510.100

 ======================================================================
 Urban Region ID Output
 ======================================================================

 ......................................................................
 index      input grid area  output grid area
                10**6 km**2       10**6 km**2
 ......................................................................

         1            1.582             1.599
         2            7.809             7.809
         3            8.559             8.539
         4            6.609             6.567
         5            5.680             5.711
         6           10.158            10.140
         7            0.295             0.291
         8            9.436             9.440
         9            5.824             5.810
        10            0.712             0.717
        11            2.181             2.156
        12            2.251             2.250
        13            3.194             3.223
        14            2.548             2.557
        15            6.032             6.035
        16            9.509             9.583
        17            1.240             1.293
        18            0.842             0.862
        19            1.774             1.776
        20            1.281             1.185
        21            1.025             1.051
        22           17.019            17.021
        23            3.087             3.117
        24            1.943             1.908
        25            1.405             1.368
        26            1.296             1.281
        27            4.844             4.809
        28            1.122             1.111
        29            1.801             1.873
        30            4.210             4.219
        31            5.183             5.194
        32            5.043             4.986
        33            1.118             1.129

 ======================================================================
 PFTs Output
 ======================================================================

 ......................................................................
 plant type                          input grid area output grid area
                                       10**6 km**2      10**6 km**2
 ......................................................................

 not vegetated                                 0.000           42.651
 needleleaf evergreen temperate tree           0.000            5.747
 needleleaf evergreen boreal tree              0.000            6.542
 needleleaf deciduous boreal tree              0.000            2.123
 broadleaf evergreen tropical tree             0.000           15.522
 broadleaf evergreen temperate tree            0.000            1.435
 broadleaf deciduous tropical tree             0.000            1.893
 broadleaf deciduous temperate tree            0.000            3.328
 broadleaf deciduous boreal tree               0.000            1.191
 broadleaf evergreen shrub                     0.000            0.041
 broadleaf deciduous temperate shrub           0.000            4.677
 broadleaf deciduous boreal shrub              0.000            5.177
 c3 arctic grass                               0.000            9.986
 c3 non-arctic grass                           0.000           17.135
 c4 grass                                      0.000           21.731
 c3_crop                                       0.000            0.029
 c3_irrigated                                  0.000            0.000
 temperate_corn                                0.000            0.857
 irrigated_temperate_corn                      0.000            0.216
 spring_wheat                                  0.000            2.265
 irrigated_spring_wheat                        0.000            0.693
 winter_wheat                                  0.000            0.000
 irrigated_winter_wheat                        0.000            0.000
 temperate_soybean                             0.000            0.576
 irrigated_temperate_soybean                   0.000            0.073
 barley                                        0.000            0.809
 irrigated_barley                              0.000            0.088
 winter_barley                                 0.000            0.000
 irrigated_winter_barley                       0.000            0.000
 rye                                           0.000            0.126
 irrigated_rye                                 0.000            0.006
 winter_rye                                    0.000            0.000
 irrigated_winter_rye                          0.000            0.000
 cassava                                       0.000            0.235
 irrigated_cassava                             0.000            0.021
 citrus                                        0.000            0.139
 irrigated citrus                              0.000            0.071
 cocoa                                         0.000            0.141
 irrigated_cocoa                               0.000            0.005
 coffee                                        0.000            0.298
 irrigated_coffee                              0.000            0.030
 cotton                                        0.000            0.147
 irrigated_cotton                              0.000            0.080
 datepalm                                      0.000            0.018
 irrigated_datepalm                            0.000            0.015
 foddergrass                                   0.000            1.631
 irrigated_foddergrass                         0.000            0.278
 grapes                                        0.000            0.149
 irrigated_grapes                              0.000            0.047
 groundnuts                                    0.000            0.337
 irrigated_groundnuts                          0.000            0.064
 millet                                        0.000            0.558
 irrigated_millet                              0.000            0.070
 oilpalm                                       0.000            0.248
 irrigated_oilpalm                             0.000            0.014
 potatoes                                      0.000            0.290
 irrigated_potatoes                            0.000            0.056
 pulses                                        0.000            0.978
 irrigated_pulses                              0.000            0.237
 rapeseed                                      0.000            0.224
 irrigated_rapeseed                            0.000            0.068
 rice                                          0.000            1.497
 irrigated_rice                                0.000            0.728
 sorghum                                       0.000            0.648
 irrigated_sorghum                             0.000            0.118
 sugarbeet                                     0.000            0.066
 irrigated_sugarbeet                           0.000            0.013
 sugarcane                                     0.000            0.216
 irrigated_sugarcane                           0.000            0.077
 sunflower                                     0.000            0.291
 irrigated_sunflower                           0.000            0.054
 miscanthus                                    0.000            0.000
 irrigated_miscanthus                          0.000            0.000
 switchgrass                                   0.000            0.000
 irrigated_switchgrass                         0.000            0.000
 tropical_corn                                 0.000            1.133
 irrigated_tropical_corn                       0.000            0.179
 tropical_soybean                              0.000            0.359
 irrigated_tropical_soybean                    0.000            0.050

 ======================================================================
 Harvesting Output
 ======================================================================

 ......................................................................
 harvest type                        input grid area output grid area
                                       10**6 km**2      10**6 km**2
 ......................................................................

           HARVEST_VH1                        16.873           16.873
           HARVEST_VH2                        10.728           10.728
           HARVEST_SH1                         8.974            8.974
           HARVEST_SH2                        11.824           11.824
           HARVEST_SH3                        91.562           91.562
           GRAZING                        -15678.115       -15678.115

 ======================================================================
 Urban Output -- class 1
 ======================================================================

 ......................................................................
 surface type   input grid area  output grid area
                  10**6 km**2      10**6 km**2   
 ......................................................................

 urban                0.001            0.00054567
 all surface        510.100          510.100

 ======================================================================
 Urban Output -- class 2
 ======================================================================

 ......................................................................
 surface type   input grid area  output grid area
                  10**6 km**2      10**6 km**2   
 ......................................................................

 urban                0.166            0.16265082
 all surface        510.100          510.100

 ======================================================================
 Urban Output -- class 3
 ======================================================================

 ......................................................................
 surface type   input grid area  output grid area
                  10**6 km**2      10**6 km**2   
 ......................................................................

 urban                0.698            0.68505529
 all surface        510.100          510.100

 ======================================================================
 Urban Region ID Output
 ======================================================================

 ......................................................................
 index      input grid area  output grid area
                10**6 km**2       10**6 km**2
 ......................................................................

         1            1.582             1.599
         2            7.809             7.809
         3            8.559             8.539
         4            6.609             6.567
         5            5.680             5.711
         6           10.158            10.140
         7            0.295             0.291
         8            9.436             9.440
         9            5.824             5.810
        10            0.712             0.717
        11            2.181             2.156
        12            2.251             2.250
        13            3.194             3.223
        14            2.548             2.557
        15            6.032             6.035
        16            9.509             9.583
        17            1.240             1.293
        18            0.842             0.862
        19            1.774             1.776
        20            1.281             1.185
        21            1.025             1.051
        22           17.019            17.021
        23            3.087             3.117
        24            1.943             1.908
        25            1.405             1.368
        26            1.296             1.281
        27            4.844             4.809
        28            1.122             1.111
        29            1.801             1.873
        30            4.210             4.219
        31            5.183             5.194
        32            5.043             4.986
        33            1.118             1.129

 ======================================================================
 PFTs Output
 ======================================================================

 ......................................................................
 plant type                          input grid area output grid area
                                       10**6 km**2      10**6 km**2
 ......................................................................

 not vegetated                                 0.000           42.633
 needleleaf evergreen temperate tree           0.000            5.753
 needleleaf evergreen boreal tree              0.000            6.542
 needleleaf deciduous boreal tree              0.000            2.123
 broadleaf evergreen tropical tree             0.000           15.497
 broadleaf evergreen temperate tree            0.000            1.435
 broadleaf deciduous tropical tree             0.000            1.885
 broadleaf deciduous temperate tree            0.000            3.329
 broadleaf deciduous boreal tree               0.000            1.192
 broadleaf evergreen shrub                     0.000            0.041
 broadleaf deciduous temperate shrub           0.000            4.673
 broadleaf deciduous boreal shrub              0.000            5.177
 c3 arctic grass                               0.000            9.987
 c3 non-arctic grass                           0.000           17.132
 c4 grass                                      0.000           21.719
 c3_crop                                       0.000            0.029
 c3_irrigated                                  0.000            0.000
 temperate_corn                                0.000            0.856
 irrigated_temperate_corn                      0.000            0.216
 spring_wheat                                  0.000            2.265
 irrigated_spring_wheat                        0.000            0.696
 winter_wheat                                  0.000            0.000
 irrigated_winter_wheat                        0.000            0.000
 temperate_soybean                             0.000            0.577
 irrigated_temperate_soybean                   0.000            0.073
 barley                                        0.000            0.810
 irrigated_barley                              0.000            0.089
 winter_barley                                 0.000            0.000
 irrigated_winter_barley                       0.000            0.000
 rye                                           0.000            0.126
 irrigated_rye                                 0.000            0.006
 winter_rye                                    0.000            0.000
 irrigated_winter_rye                          0.000            0.000
 cassava                                       0.000            0.237
 irrigated_cassava                             0.000            0.021
 citrus                                        0.000            0.139
 irrigated citrus                              0.000            0.072
 cocoa                                         0.000            0.141
 irrigated_cocoa                               0.000            0.005
 coffee                                        0.000            0.300
 irrigated_coffee                              0.000            0.030
 cotton                                        0.000            0.148
 irrigated_cotton                              0.000            0.080
 datepalm                                      0.000            0.018
 irrigated_datepalm                            0.000            0.015
 foddergrass                                   0.000            1.633
 irrigated_foddergrass                         0.000            0.280
 grapes                                        0.000            0.149
 irrigated_grapes                              0.000            0.047
 groundnuts                                    0.000            0.339
 irrigated_groundnuts                          0.000            0.065
 millet                                        0.000            0.563
 irrigated_millet                              0.000            0.071
 oilpalm                                       0.000            0.250
 irrigated_oilpalm                             0.000            0.014
 potatoes                                      0.000            0.290
 irrigated_potatoes                            0.000            0.057
 pulses                                        0.000            0.984
 irrigated_pulses                              0.000            0.240
 rapeseed                                      0.000            0.224
 irrigated_rapeseed                            0.000            0.068
 rice                                          0.000            1.501
 irrigated_rice                                0.000            0.728
 sorghum                                       0.000            0.654
 irrigated_sorghum                             0.000            0.120
 sugarbeet                                     0.000            0.066
 irrigated_sugarbeet                           0.000            0.013
 sugarcane                                     0.000            0.217
 irrigated_sugarcane                           0.000            0.077
 sunflower                                     0.000            0.292
 irrigated_sunflower                           0.000            0.055
 miscanthus                                    0.000            0.000
 irrigated_miscanthus                          0.000            0.000
 switchgrass                                   0.000            0.000
 irrigated_switchgrass                         0.000            0.000
 tropical_corn                                 0.000            1.146
 irrigated_tropical_corn                       0.000            0.181
 tropical_soybean                              0.000            0.360
 irrigated_tropical_soybean                    0.000            0.050

 ======================================================================
 Harvesting Output
 ======================================================================

 ......................................................................
 harvest type                        input grid area output grid area
                                       10**6 km**2      10**6 km**2
 ......................................................................

           HARVEST_VH1                        17.035           17.035
           HARVEST_VH2                         9.496            9.496
           HARVEST_SH1                         9.043            9.043
           HARVEST_SH2                        11.718           11.718
           HARVEST_SH3                        93.357           93.357
           GRAZING                        -15678.115       -15678.115

 ======================================================================
 Urban Output -- class 1
 ======================================================================

 ......................................................................
 surface type   input grid area  output grid area
                  10**6 km**2      10**6 km**2   
 ......................................................................

 urban                0.001            0.00054712
 all surface        510.100          510.100

 ======================================================================
 Urban Output -- class 2
 ======================================================================

 ......................................................................
 surface type   input grid area  output grid area
                  10**6 km**2      10**6 km**2   
 ......................................................................

 urban                0.167            0.16401900
 all surface        510.100          510.100

 ======================================================================
 Urban Output -- class 3
 ======================================================================

 ......................................................................
 surface type   input grid area  output grid area
                  10**6 km**2      10**6 km**2   
 ......................................................................

 urban                0.704            0.69090523
 all surface        510.100          510.100

 ======================================================================
 Urban Region ID Output
 ======================================================================

 ......................................................................
 index      input grid area  output grid area
                10**6 km**2       10**6 km**2
 ......................................................................

         1            1.582             1.599
         2            7.809             7.809
         3            8.559             8.539
         4            6.609             6.567
         5            5.680             5.711
         6           10.158            10.140
         7            0.295             0.291
         8            9.436             9.440
         9            5.824             5.810
        10            0.712             0.717
        11            2.181             2.156
        12            2.251             2.250
        13            3.194             3.223
        14            2.548             2.557
        15            6.032             6.035
        16            9.509             9.583
        17            1.240             1.293
        18            0.842             0.862
        19            1.774             1.776
        20            1.281             1.185
        21            1.025             1.051
        22           17.019            17.021
        23            3.087             3.117
        24            1.943             1.908
        25            1.405             1.368
        26            1.296             1.281
        27            4.844             4.809
        28            1.122             1.111
        29            1.801             1.873
        30            4.210             4.219
        31            5.183             5.194
        32            5.043             4.986
        33            1.118             1.129

 ======================================================================
 PFTs Output
 ======================================================================

 ......................................................................
 plant type                          input grid area output grid area
                                       10**6 km**2      10**6 km**2
 ......................................................................

 not vegetated                                 0.000           42.615
 needleleaf evergreen temperate tree           0.000            5.759
 needleleaf evergreen boreal tree              0.000            6.542
 needleleaf deciduous boreal tree              0.000            2.123
 broadleaf evergreen tropical tree             0.000           15.472
 broadleaf evergreen temperate tree            0.000            1.435
 broadleaf deciduous tropical tree             0.000            1.877
 broadleaf deciduous temperate tree            0.000            3.331
 broadleaf deciduous boreal tree               0.000            1.193
 broadleaf evergreen shrub                     0.000            0.041
 broadleaf deciduous temperate shrub           0.000            4.669
 broadleaf deciduous boreal shrub              0.000            5.177
 c3 arctic grass                               0.000            9.987
 c3 non-arctic grass                           0.000           17.129
 c4 grass                                      0.000           21.707
 c3_crop                                       0.000            0.029
 c3_irrigated                                  0.000            0.000
 temperate_corn                                0.000            0.855
 irrigated_temperate_corn                      0.000            0.216
 spring_wheat                                  0.000            2.266
 irrigated_spring_wheat                        0.000            0.699
 winter_wheat                                  0.000            0.000
 irrigated_winter_wheat                        0.000            0.000
 temperate_soybean                             0.000            0.578
 irrigated_temperate_soybean                   0.000            0.073
 barley                                        0.000            0.810
 irrigated_barley                              0.000            0.090
 winter_barley                                 0.000            0.000
 irrigated_winter_barley                       0.000            0.000
 rye                                           0.000            0.126
 irrigated_rye                                 0.000            0.006
 winter_rye                                    0.000            0.000
 irrigated_winter_rye                          0.000            0.000
 cassava                                       0.000            0.238
 irrigated_cassava                             0.000            0.021
 citrus                                        0.000            0.139
 irrigated citrus                              0.000            0.073
 cocoa                                         0.000            0.141
 irrigated_cocoa                               0.000            0.005
 coffee                                        0.000            0.302
 irrigated_coffee                              0.000            0.030
 cotton                                        0.000            0.148
 irrigated_cotton                              0.000            0.080
 datepalm                                      0.000            0.018
 irrigated_datepalm                            0.000            0.016
 foddergrass                                   0.000            1.635
 irrigated_foddergrass                         0.000            0.281
 grapes                                        0.000            0.149
 irrigated_grapes                              0.000            0.048
 groundnuts                                    0.000            0.341
 irrigated_groundnuts                          0.000            0.065
 millet                                        0.000            0.569
 irrigated_millet                              0.000            0.073
 oilpalm                                       0.000            0.251
 irrigated_oilpalm                             0.000            0.014
 potatoes                                      0.000            0.290
 irrigated_potatoes                            0.000            0.057
 pulses                                        0.000            0.989
 irrigated_pulses                              0.000            0.242
 rapeseed                                      0.000            0.224
 irrigated_rapeseed                            0.000            0.068
 rice                                          0.000            1.504
 irrigated_rice                                0.000            0.728
 sorghum                                       0.000            0.661
 irrigated_sorghum                             0.000            0.123
 sugarbeet                                     0.000            0.065
 irrigated_sugarbeet                           0.000            0.013
 sugarcane                                     0.000            0.217
 irrigated_sugarcane                           0.000            0.077
 sunflower                                     0.000            0.292
 irrigated_sunflower                           0.000            0.055
 miscanthus                                    0.000            0.000
 irrigated_miscanthus                          0.000            0.000
 switchgrass                                   0.000            0.000
 irrigated_switchgrass                         0.000            0.000
 tropical_corn                                 0.000            1.160
 irrigated_tropical_corn                       0.000            0.182
 tropical_soybean                              0.000            0.362
 irrigated_tropical_soybean                    0.000            0.050

 ======================================================================
 Harvesting Output
 ======================================================================

 ......................................................................
 harvest type                        input grid area output grid area
                                       10**6 km**2      10**6 km**2
 ......................................................................

           HARVEST_VH1                        17.161           17.161
           HARVEST_VH2                         8.347            8.347
           HARVEST_SH1                         9.172            9.172
           HARVEST_SH2                        11.656           11.656
           HARVEST_SH3                        94.895           94.895
           GRAZING                        -15678.115       -15678.115

 ======================================================================
 Urban Output -- class 1
 ======================================================================

 ......................................................................
 surface type   input grid area  output grid area
                  10**6 km**2      10**6 km**2   
 ......................................................................

 urban                0.001            0.00054857
 all surface        510.100          510.100

 ======================================================================
 Urban Output -- class 2
 ======================================================================

 ......................................................................
 surface type   input grid area  output grid area
                  10**6 km**2      10**6 km**2   
 ......................................................................

 urban                0.168            0.16538669
 all surface        510.100          510.100

 ======================================================================
 Urban Output -- class 3
 ======================================================================

 ......................................................................
 surface type   input grid area  output grid area
                  10**6 km**2      10**6 km**2   
 ......................................................................

 urban                0.710            0.69676483
 all surface        510.100          510.100

 ======================================================================
 Urban Region ID Output
 ======================================================================

 ......................................................................
 index      input grid area  output grid area
                10**6 km**2       10**6 km**2
 ......................................................................

         1            1.582             1.599
         2            7.809             7.809
         3            8.559             8.539
         4            6.609             6.567
         5            5.680             5.711
         6           10.158            10.140
         7            0.295             0.291
         8            9.436             9.440
         9            5.824             5.810
        10            0.712             0.717
        11            2.181             2.156
        12            2.251             2.250
        13            3.194             3.223
        14            2.548             2.557
        15            6.032             6.035
        16            9.509             9.583
        17            1.240             1.293
        18            0.842             0.862
        19            1.774             1.776
        20            1.281             1.185
        21            1.025             1.051
        22           17.019            17.021
        23            3.087             3.117
        24            1.943             1.908
        25            1.405             1.368
        26            1.296             1.281
        27            4.844             4.809
        28            1.122             1.111
        29            1.801             1.873
        30            4.210             4.219
        31            5.183             5.194
        32            5.043             4.986
        33            1.118             1.129

 ======================================================================
 PFTs Output
 ======================================================================

 ......................................................................
 plant type                          input grid area output grid area
                                       10**6 km**2      10**6 km**2
 ......................................................................

 not vegetated                                 0.000           42.597
 needleleaf evergreen temperate tree           0.000            5.765
 needleleaf evergreen boreal tree              0.000            6.542
 needleleaf deciduous boreal tree              0.000            2.123
 broadleaf evergreen tropical tree             0.000           15.447
 broadleaf evergreen temperate tree            0.000            1.434
 broadleaf deciduous tropical tree             0.000            1.868
 broadleaf deciduous temperate tree            0.000            3.333
 broadleaf deciduous boreal tree               0.000            1.194
 broadleaf evergreen shrub                     0.000            0.041
 broadleaf deciduous temperate shrub           0.000            4.665
 broadleaf deciduous boreal shrub              0.000            5.177
 c3 arctic grass                               0.000            9.988
 c3 non-arctic grass                           0.000           17.125
 c4 grass                                      0.000           21.695
 c3_crop                                       0.000            0.029
 c3_irrigated                                  0.000            0.000
 temperate_corn                                0.000            0.854
 irrigated_temperate_corn                      0.000            0.217
 spring_wheat                                  0.000            2.266
 irrigated_spring_wheat                        0.000            0.702
 winter_wheat                                  0.000            0.000
 irrigated_winter_wheat                        0.000            0.000
 temperate_soybean                             0.000            0.579
 irrigated_temperate_soybean                   0.000            0.073
 barley                                        0.000            0.810
 irrigated_barley                              0.000            0.090
 winter_barley                                 0.000            0.000
 irrigated_winter_barley                       0.000            0.000
 rye                                           0.000            0.125
 irrigated_rye                                 0.000            0.006
 winter_rye                                    0.000            0.000
 irrigated_winter_rye                          0.000            0.000
 cassava                                       0.000            0.239
 irrigated_cassava                             0.000            0.021
 citrus                                        0.000            0.138
 irrigated citrus                              0.000            0.074
 cocoa                                         0.000            0.141
 irrigated_cocoa                               0.000            0.005
 coffee                                        0.000            0.305
 irrigated_coffee                              0.000            0.030
 cotton                                        0.000            0.149
 irrigated_cotton                              0.000            0.081
 datepalm                                      0.000            0.018
 irrigated_datepalm                            0.000            0.016
 foddergrass                                   0.000            1.637
 irrigated_foddergrass                         0.000            0.283
 grapes                                        0.000            0.149
 irrigated_grapes                              0.000            0.048
 groundnuts                                    0.000            0.343
 irrigated_groundnuts                          0.000            0.065
 millet                                        0.000            0.574
 irrigated_millet                              0.000            0.074
 oilpalm                                       0.000            0.252
 irrigated_oilpalm                             0.000            0.014
 potatoes                                      0.000            0.290
 irrigated_potatoes                            0.000            0.058
 pulses                                        0.000            0.995
 irrigated_pulses                              0.000            0.245
 rapeseed                                      0.000            0.223
 irrigated_rapeseed                            0.000            0.068
 rice                                          0.000            1.507
 irrigated_rice                                0.000            0.728
 sorghum                                       0.000            0.668
 irrigated_sorghum                             0.000            0.125
 sugarbeet                                     0.000            0.065
 irrigated_sugarbeet                           0.000            0.013
 sugarcane                                     0.000            0.218
 irrigated_sugarcane                           0.000            0.077
 sunflower                                     0.000            0.293
 irrigated_sunflower                           0.000            0.055
 miscanthus                                    0.000            0.000
 irrigated_miscanthus                          0.000            0.000
 switchgrass                                   0.000            0.000
 irrigated_switchgrass                         0.000            0.000
 tropical_corn                                 0.000            1.173
 irrigated_tropical_corn                       0.000            0.184
 tropical_soybean                              0.000            0.363
 irrigated_tropical_soybean                    0.000            0.050

 ======================================================================
 Harvesting Output
 ======================================================================

 ......................................................................
 harvest type                        input grid area output grid area
                                       10**6 km**2      10**6 km**2
 ......................................................................

           HARVEST_VH1                        16.870           16.870
           HARVEST_VH2                         7.333            7.333
           HARVEST_SH1                         9.622            9.622
           HARVEST_SH2                        11.608           11.608
           HARVEST_SH3                        96.421           96.421
           GRAZING                        -15678.115       -15678.115

 ======================================================================
 Urban Output -- class 1
 ======================================================================

 ......................................................................
 surface type   input grid area  output grid area
                  10**6 km**2      10**6 km**2   
 ......................................................................

 urban                0.001            0.00055003
 all surface        510.100          510.100

 ======================================================================
 Urban Output -- class 2
 ======================================================================

 ......................................................................
 surface type   input grid area  output grid area
                  10**6 km**2      10**6 km**2   
 ......................................................................

 urban                0.170            0.16675592
 all surface        510.100          510.100

 ======================================================================
 Urban Output -- class 3
 ======================================================================

 ......................................................................
 surface type   input grid area  output grid area
                  10**6 km**2      10**6 km**2   
 ......................................................................

 urban                0.716            0.70262330
 all surface        510.100          510.100

 ======================================================================
 Urban Region ID Output
 ======================================================================

 ......................................................................
 index      input grid area  output grid area
                10**6 km**2       10**6 km**2
 ......................................................................

         1            1.582             1.599
         2            7.809             7.809
         3            8.559             8.539
         4            6.609             6.567
         5            5.680             5.711
         6           10.158            10.140
         7            0.295             0.291
         8            9.436             9.440
         9            5.824             5.810
        10            0.712             0.717
        11            2.181             2.156
        12            2.251             2.250
        13            3.194             3.223
        14            2.548             2.557
        15            6.032             6.035
        16            9.509             9.583
        17            1.240             1.293
        18            0.842             0.862
        19            1.774             1.776
        20            1.281             1.185
        21            1.025             1.051
        22           17.019            17.021
        23            3.087             3.117
        24            1.943             1.908
        25            1.405             1.368
        26            1.296             1.281
        27            4.844             4.809
        28            1.122             1.111
        29            1.801             1.873
        30            4.210             4.219
        31            5.183             5.194
        32            5.043             4.986
        33            1.118             1.129

 ======================================================================
 PFTs Output
 ======================================================================

 ......................................................................
 plant type                          input grid area output grid area
                                       10**6 km**2      10**6 km**2
 ......................................................................

 not vegetated                                 0.000           42.582
 needleleaf evergreen temperate tree           0.000            5.770
 needleleaf evergreen boreal tree              0.000            6.542
 needleleaf deciduous boreal tree              0.000            2.123
 broadleaf evergreen tropical tree             0.000           15.420
 broadleaf evergreen temperate tree            0.000            1.434
 broadleaf deciduous tropical tree             0.000            1.860
 broadleaf deciduous temperate tree            0.000            3.333
 broadleaf deciduous boreal tree               0.000            1.195
 broadleaf evergreen shrub                     0.000            0.041
 broadleaf deciduous temperate shrub           0.000            4.661
 broadleaf deciduous boreal shrub              0.000            5.177
 c3 arctic grass                               0.000            9.988
 c3 non-arctic grass                           0.000           17.128
 c4 grass                                      0.000           21.678
 c3_crop                                       0.000            0.029
 c3_irrigated                                  0.000            0.000
 temperate_corn                                0.000            0.852
 irrigated_temperate_corn                      0.000            0.217
 spring_wheat                                  0.000            2.265
 irrigated_spring_wheat                        0.000            0.704
 winter_wheat                                  0.000            0.000
 irrigated_winter_wheat                        0.000            0.000
 temperate_soybean                             0.000            0.579
 irrigated_temperate_soybean                   0.000            0.073
 barley                                        0.000            0.810
 irrigated_barley                              0.000            0.091
 winter_barley                                 0.000            0.000
 irrigated_winter_barley                       0.000            0.000
 rye                                           0.000            0.125
 irrigated_rye                                 0.000            0.006
 winter_rye                                    0.000            0.000
 irrigated_winter_rye                          0.000            0.000
 cassava                                       0.000            0.240
 irrigated_cassava                             0.000            0.021
 citrus                                        0.000            0.138
 irrigated citrus                              0.000            0.074
 cocoa                                         0.000            0.142
 irrigated_cocoa                               0.000            0.005
 coffee                                        0.000            0.306
 irrigated_coffee                              0.000            0.030
 cotton                                        0.000            0.149
 irrigated_cotton                              0.000            0.081
 datepalm                                      0.000            0.018
 irrigated_datepalm                            0.000            0.016
 foddergrass                                   0.000            1.641
 irrigated_foddergrass                         0.000            0.284
 grapes                                        0.000            0.148
 irrigated_grapes                              0.000            0.048
 groundnuts                                    0.000            0.346
 irrigated_groundnuts                          0.000            0.066
 millet                                        0.000            0.581
 irrigated_millet                              0.000            0.076
 oilpalm                                       0.000            0.253
 irrigated_oilpalm                             0.000            0.014
 potatoes                                      0.000            0.290
 irrigated_potatoes                            0.000            0.058
 pulses                                        0.000            0.999
 irrigated_pulses                              0.000            0.247
 rapeseed                                      0.000            0.223
 irrigated_rapeseed                            0.000            0.068
 rice                                          0.000            1.511
 irrigated_rice                                0.000            0.729
 sorghum                                       0.000            0.674
 irrigated_sorghum                             0.000            0.128
 sugarbeet                                     0.000            0.065
 irrigated_sugarbeet                           0.000            0.013
 sugarcane                                     0.000            0.218
 irrigated_sugarcane                           0.000            0.078
 sunflower                                     0.000            0.294
 irrigated_sunflower                           0.000            0.055
 miscanthus                                    0.000            0.000
 irrigated_miscanthus                          0.000            0.000
 switchgrass                                   0.000            0.000
 irrigated_switchgrass                         0.000            0.000
 tropical_corn                                 0.000            1.188
 irrigated_tropical_corn                       0.000            0.185
 tropical_soybean                              0.000            0.364
 irrigated_tropical_soybean                    0.000            0.050

 ======================================================================
 Harvesting Output
 ======================================================================

 ......................................................................
 harvest type                        input grid area output grid area
                                       10**6 km**2      10**6 km**2
 ......................................................................

           HARVEST_VH1                        16.650           16.650
           HARVEST_VH2                         6.426            6.426
           HARVEST_SH1                         9.553            9.553
           HARVEST_SH2                        12.175           12.175
           HARVEST_SH3                        97.682           97.682
           GRAZING                        -15678.115       -15678.115

 ======================================================================
 Urban Output -- class 1
 ======================================================================

 ......................................................................
 surface type   input grid area  output grid area
                  10**6 km**2      10**6 km**2   
 ......................................................................

 urban                0.001            0.00055100
 all surface        510.100          510.100

 ======================================================================
 Urban Output -- class 2
 ======================================================================

 ......................................................................
 surface type   input grid area  output grid area
                  10**6 km**2      10**6 km**2   
 ......................................................................

 urban                0.171            0.16805723
 all surface        510.100          510.100

 ======================================================================
 Urban Output -- class 3
 ======================================================================

 ......................................................................
 surface type   input grid area  output grid area
                  10**6 km**2      10**6 km**2   
 ......................................................................

 urban                0.722            0.70851415
 all surface        510.100          510.100

 ======================================================================
 Urban Region ID Output
 ======================================================================

 ......................................................................
 index      input grid area  output grid area
                10**6 km**2       10**6 km**2
 ......................................................................

         1            1.582             1.599
         2            7.809             7.809
         3            8.559             8.539
         4            6.609             6.567
         5            5.680             5.711
         6           10.158            10.140
         7            0.295             0.291
         8            9.436             9.440
         9            5.824             5.810
        10            0.712             0.717
        11            2.181             2.156
        12            2.251             2.250
        13            3.194             3.223
        14            2.548             2.557
        15            6.032             6.035
        16            9.509             9.583
        17            1.240             1.293
        18            0.842             0.862
        19            1.774             1.776
        20            1.281             1.185
        21            1.025             1.051
        22           17.019            17.021
        23            3.087             3.117
        24            1.943             1.908
        25            1.405             1.368
        26            1.296             1.281
        27            4.844             4.809
        28            1.122             1.111
        29            1.801             1.873
        30            4.210             4.219
        31            5.183             5.194
        32            5.043             4.986
        33            1.118             1.129

 ======================================================================
 PFTs Output
 ======================================================================

 ......................................................................
 plant type                          input grid area output grid area
                                       10**6 km**2      10**6 km**2
 ......................................................................

 not vegetated                                 0.000           42.566
 needleleaf evergreen temperate tree           0.000            5.775
 needleleaf evergreen boreal tree              0.000            6.542
 needleleaf deciduous boreal tree              0.000            2.123
 broadleaf evergreen tropical tree             0.000           15.393
 broadleaf evergreen temperate tree            0.000            1.434
 broadleaf deciduous tropical tree             0.000            1.852
 broadleaf deciduous temperate tree            0.000            3.334
 broadleaf deciduous boreal tree               0.000            1.195
 broadleaf evergreen shrub                     0.000            0.041
 broadleaf deciduous temperate shrub           0.000            4.657
 broadleaf deciduous boreal shrub              0.000            5.177
 c3 arctic grass                               0.000            9.989
 c3 non-arctic grass                           0.000           17.131
 c4 grass                                      0.000           21.660
 c3_crop                                       0.000            0.030
 c3_irrigated                                  0.000            0.000
 temperate_corn                                0.000            0.851
 irrigated_temperate_corn                      0.000            0.217
 spring_wheat                                  0.000            2.264
 irrigated_spring_wheat                        0.000            0.706
 winter_wheat                                  0.000            0.000
 irrigated_winter_wheat                        0.000            0.000
 temperate_soybean                             0.000            0.579
 irrigated_temperate_soybean                   0.000            0.073
 barley                                        0.000            0.810
 irrigated_barley                              0.000            0.091
 winter_barley                                 0.000            0.000
 irrigated_winter_barley                       0.000            0.000
 rye                                           0.000            0.125
 irrigated_rye                                 0.000            0.006
 winter_rye                                    0.000            0.000
 irrigated_winter_rye                          0.000            0.000
 cassava                                       0.000            0.241
 irrigated_cassava                             0.000            0.021
 citrus                                        0.000            0.137
 irrigated citrus                              0.000            0.075
 cocoa                                         0.000            0.142
 irrigated_cocoa                               0.000            0.005
 coffee                                        0.000            0.308
 irrigated_coffee                              0.000            0.030
 cotton                                        0.000            0.149
 irrigated_cotton                              0.000            0.081
 datepalm                                      0.000            0.018
 irrigated_datepalm                            0.000            0.016
 foddergrass                                   0.000            1.644
 irrigated_foddergrass                         0.000            0.286
 grapes                                        0.000            0.148
 irrigated_grapes                              0.000            0.048
 groundnuts                                    0.000            0.350
 irrigated_groundnuts                          0.000            0.066
 millet                                        0.000            0.588
 irrigated_millet                              0.000            0.078
 oilpalm                                       0.000            0.254
 irrigated_oilpalm                             0.000            0.014
 potatoes                                      0.000            0.291
 irrigated_potatoes                            0.000            0.058
 pulses                                        0.000            1.004
 irrigated_pulses                              0.000            0.250
 rapeseed                                      0.000            0.222
 irrigated_rapeseed                            0.000            0.067
 rice                                          0.000            1.514
 irrigated_rice                                0.000            0.729
 sorghum                                       0.000            0.681
 irrigated_sorghum                             0.000            0.131
 sugarbeet                                     0.000            0.065
 irrigated_sugarbeet                           0.000            0.013
 sugarcane                                     0.000            0.219
 irrigated_sugarcane                           0.000            0.078
 sunflower                                     0.000            0.294
 irrigated_sunflower                           0.000            0.056
 miscanthus                                    0.000            0.000
 irrigated_miscanthus                          0.000            0.000
 switchgrass                                   0.000            0.000
 irrigated_switchgrass                         0.000            0.000
 tropical_corn                                 0.000            1.204
 irrigated_tropical_corn                       0.000            0.187
 tropical_soybean                              0.000            0.365
 irrigated_tropical_soybean                    0.000            0.050

 ======================================================================
 Harvesting Output
 ======================================================================

 ......................................................................
 harvest type                        input grid area output grid area
                                       10**6 km**2      10**6 km**2
 ......................................................................

           HARVEST_VH1                        17.081           17.081
           HARVEST_VH2                         5.732            5.732
           HARVEST_SH1                         9.556            9.556
           HARVEST_SH2                        12.321           12.321
           HARVEST_SH3                        94.905           94.905
           GRAZING                        -15678.115       -15678.115

 ======================================================================
 Urban Output -- class 1
 ======================================================================

 ......................................................................
 surface type   input grid area  output grid area
                  10**6 km**2      10**6 km**2   
 ......................................................................

 urban                0.001            0.00055197
 all surface        510.100          510.100

 ======================================================================
 Urban Output -- class 2
 ======================================================================

 ......................................................................
 surface type   input grid area  output grid area
                  10**6 km**2      10**6 km**2   
 ......................................................................

 urban                0.172            0.16937010
 all surface        510.100          510.100

 ======================================================================
 Urban Output -- class 3
 ======================================================================

 ......................................................................
 surface type   input grid area  output grid area
                  10**6 km**2      10**6 km**2   
 ......................................................................

 urban                0.728            0.71445982
 all surface        510.100          510.100

 ======================================================================
 Urban Region ID Output
 ======================================================================

 ......................................................................
 index      input grid area  output grid area
                10**6 km**2       10**6 km**2
 ......................................................................

         1            1.582             1.599
         2            7.809             7.809
         3            8.559             8.539
         4            6.609             6.567
         5            5.680             5.711
         6           10.158            10.140
         7            0.295             0.291
         8            9.436             9.440
         9            5.824             5.810
        10            0.712             0.717
        11            2.181             2.156
        12            2.251             2.250
        13            3.194             3.223
        14            2.548             2.557
        15            6.032             6.035
        16            9.509             9.583
        17            1.240             1.293
        18            0.842             0.862
        19            1.774             1.776
        20            1.281             1.185
        21            1.025             1.051
        22           17.019            17.021
        23            3.087             3.117
        24            1.943             1.908
        25            1.405             1.368
        26            1.296             1.281
        27            4.844             4.809
        28            1.122             1.111
        29            1.801             1.873
        30            4.210             4.219
        31            5.183             5.194
        32            5.043             4.986
        33            1.118             1.129

 ======================================================================
 PFTs Output
 ======================================================================

 ......................................................................
 plant type                          input grid area output grid area
                                       10**6 km**2      10**6 km**2
 ......................................................................

 not vegetated                                 0.000           42.551
 needleleaf evergreen temperate tree           0.000            5.780
 needleleaf evergreen boreal tree              0.000            6.541
 needleleaf deciduous boreal tree              0.000            2.123
 broadleaf evergreen tropical tree             0.000           15.367
 broadleaf evergreen temperate tree            0.000            1.433
 broadleaf deciduous tropical tree             0.000            1.844
 broadleaf deciduous temperate tree            0.000            3.335
 broadleaf deciduous boreal tree               0.000            1.196
 broadleaf evergreen shrub                     0.000            0.041
 broadleaf deciduous temperate shrub           0.000            4.653
 broadleaf deciduous boreal shrub              0.000            5.177
 c3 arctic grass                               0.000            9.989
 c3 non-arctic grass                           0.000           17.133
 c4 grass                                      0.000           21.643
 c3_crop                                       0.000            0.030
 c3_irrigated                                  0.000            0.000
 temperate_corn                                0.000            0.849
 irrigated_temperate_corn                      0.000            0.218
 spring_wheat                                  0.000            2.262
 irrigated_spring_wheat                        0.000            0.709
 winter_wheat                                  0.000            0.000
 irrigated_winter_wheat                        0.000            0.000
 temperate_soybean                             0.000            0.578
 irrigated_temperate_soybean                   0.000            0.073
 barley                                        0.000            0.810
 irrigated_barley                              0.000            0.092
 winter_barley                                 0.000            0.000
 irrigated_winter_barley                       0.000            0.000
 rye                                           0.000            0.125
 irrigated_rye                                 0.000            0.006
 winter_rye                                    0.000            0.000
 irrigated_winter_rye                          0.000            0.000
 cassava                                       0.000            0.242
 irrigated_cassava                             0.000            0.021
 citrus                                        0.000            0.137
 irrigated citrus                              0.000            0.076
 cocoa                                         0.000            0.142
 irrigated_cocoa                               0.000            0.005
 coffee                                        0.000            0.310
 irrigated_coffee                              0.000            0.030
 cotton                                        0.000            0.150
 irrigated_cotton                              0.000            0.081
 datepalm                                      0.000            0.018
 irrigated_datepalm                            0.000            0.016
 foddergrass                                   0.000            1.647
 irrigated_foddergrass                         0.000            0.287
 grapes                                        0.000            0.148
 irrigated_grapes                              0.000            0.049
 groundnuts                                    0.000            0.353
 irrigated_groundnuts                          0.000            0.066
 millet                                        0.000            0.595
 irrigated_millet                              0.000            0.080
 oilpalm                                       0.000            0.256
 irrigated_oilpalm                             0.000            0.014
 potatoes                                      0.000            0.291
 irrigated_potatoes                            0.000            0.058
 pulses                                        0.000            1.008
 irrigated_pulses                              0.000            0.252
 rapeseed                                      0.000            0.222
 irrigated_rapeseed                            0.000            0.067
 rice                                          0.000            1.517
 irrigated_rice                                0.000            0.729
 sorghum                                       0.000            0.688
 irrigated_sorghum                             0.000            0.134
 sugarbeet                                     0.000            0.065
 irrigated_sugarbeet                           0.000            0.013
 sugarcane                                     0.000            0.219
 irrigated_sugarcane                           0.000            0.078
 sunflower                                     0.000            0.294
 irrigated_sunflower                           0.000            0.056
 miscanthus                                    0.000            0.000
 irrigated_miscanthus                          0.000            0.000
 switchgrass                                   0.000            0.000
 irrigated_switchgrass                         0.000            0.000
 tropical_corn                                 0.000            1.219
 irrigated_tropical_corn                       0.000            0.188
 tropical_soybean                              0.000            0.366
 irrigated_tropical_soybean                    0.000            0.050

 ======================================================================
 Harvesting Output
 ======================================================================

 ......................................................................
 harvest type                        input grid area output grid area
                                       10**6 km**2      10**6 km**2
 ......................................................................

           HARVEST_VH1                        17.294           17.294
           HARVEST_VH2                         5.247            5.247
           HARVEST_SH1                         9.561            9.561
           HARVEST_SH2                        12.368           12.368
           HARVEST_SH3                        94.961           94.961
           GRAZING                        -15678.115       -15678.115

 ======================================================================
 Urban Output -- class 1
 ======================================================================

 ......................................................................
 surface type   input grid area  output grid area
                  10**6 km**2      10**6 km**2   
 ......................................................................

 urban                0.001            0.00055295
 all surface        510.100          510.100

 ======================================================================
 Urban Output -- class 2
 ======================================================================

 ......................................................................
 surface type   input grid area  output grid area
                  10**6 km**2      10**6 km**2   
 ......................................................................

 urban                0.174            0.17069040
 all surface        510.100          510.100

 ======================================================================
 Urban Output -- class 3
 ======================================================================

 ......................................................................
 surface type   input grid area  output grid area
                  10**6 km**2      10**6 km**2   
 ......................................................................

 urban                0.734            0.72039850
 all surface        510.100          510.100

 ======================================================================
 Urban Region ID Output
 ======================================================================

 ......................................................................
 index      input grid area  output grid area
                10**6 km**2       10**6 km**2
 ......................................................................

         1            1.582             1.599
         2            7.809             7.809
         3            8.559             8.539
         4            6.609             6.567
         5            5.680             5.711
         6           10.158            10.140
         7            0.295             0.291
         8            9.436             9.440
         9            5.824             5.810
        10            0.712             0.717
        11            2.181             2.156
        12            2.251             2.250
        13            3.194             3.223
        14            2.548             2.557
        15            6.032             6.035
        16            9.509             9.583
        17            1.240             1.293
        18            0.842             0.862
        19            1.774             1.776
        20            1.281             1.185
        21            1.025             1.051
        22           17.019            17.021
        23            3.087             3.117
        24            1.943             1.908
        25            1.405             1.368
        26            1.296             1.281
        27            4.844             4.809
        28            1.122             1.111
        29            1.801             1.873
        30            4.210             4.219
        31            5.183             5.194
        32            5.043             4.986
        33            1.118             1.129

 ======================================================================
 PFTs Output
 ======================================================================

 ......................................................................
 plant type                          input grid area output grid area
                                       10**6 km**2      10**6 km**2
 ......................................................................

 not vegetated                                 0.000           42.535
 needleleaf evergreen temperate tree           0.000            5.785
 needleleaf evergreen boreal tree              0.000            6.541
 needleleaf deciduous boreal tree              0.000            2.123
 broadleaf evergreen tropical tree             0.000           15.340
 broadleaf evergreen temperate tree            0.000            1.433
 broadleaf deciduous tropical tree             0.000            1.836
 broadleaf deciduous temperate tree            0.000            3.335
 broadleaf deciduous boreal tree               0.000            1.197
 broadleaf evergreen shrub                     0.000            0.041
 broadleaf deciduous temperate shrub           0.000            4.650
 broadleaf deciduous boreal shrub              0.000            5.177
 c3 arctic grass                               0.000            9.990
 c3 non-arctic grass                           0.000           17.136
 c4 grass                                      0.000           21.626
 c3_crop                                       0.000            0.030
 c3_irrigated                                  0.000            0.000
 temperate_corn                                0.000            0.848
 irrigated_temperate_corn                      0.000            0.218
 spring_wheat                                  0.000            2.261
 irrigated_spring_wheat                        0.000            0.711
 winter_wheat                                  0.000            0.000
 irrigated_winter_wheat                        0.000            0.000
 temperate_soybean                             0.000            0.578
 irrigated_temperate_soybean                   0.000            0.073
 barley                                        0.000            0.810
 irrigated_barley                              0.000            0.092
 winter_barley                                 0.000            0.000
 irrigated_winter_barley                       0.000            0.000
 rye                                           0.000            0.124
 irrigated_rye                                 0.000            0.006
 winter_rye                                    0.000            0.000
 irrigated_winter_rye                          0.000            0.000
 cassava                                       0.000            0.243
 irrigated_cassava                             0.000            0.021
 citrus                                        0.000            0.136
 irrigated citrus                              0.000            0.076
 cocoa                                         0.000            0.142
 irrigated_cocoa                               0.000            0.005
 coffee                                        0.000            0.311
 irrigated_coffee                              0.000            0.030
 cotton                                        0.000            0.150
 irrigated_cotton                              0.000            0.081
 datepalm                                      0.000            0.018
 irrigated_datepalm                            0.000            0.017
 foddergrass                                   0.000            1.651
 irrigated_foddergrass                         0.000            0.289
 grapes                                        0.000            0.147
 irrigated_grapes                              0.000            0.049
 groundnuts                                    0.000            0.357
 irrigated_groundnuts                          0.000            0.067
 millet                                        0.000            0.602
 irrigated_millet                              0.000            0.081
 oilpalm                                       0.000            0.257
 irrigated_oilpalm                             0.000            0.014
 potatoes                                      0.000            0.291
 irrigated_potatoes                            0.000            0.059
 pulses                                        0.000            1.012
 irrigated_pulses                              0.000            0.255
 rapeseed                                      0.000            0.221
 irrigated_rapeseed                            0.000            0.067
 rice                                          0.000            1.520
 irrigated_rice                                0.000            0.729
 sorghum                                       0.000            0.695
 irrigated_sorghum                             0.000            0.137
 sugarbeet                                     0.000            0.064
 irrigated_sugarbeet                           0.000            0.013
 sugarcane                                     0.000            0.219
 irrigated_sugarcane                           0.000            0.078
 sunflower                                     0.000            0.295
 irrigated_sunflower                           0.000            0.056
 miscanthus                                    0.000            0.000
 irrigated_miscanthus                          0.000            0.000
 switchgrass                                   0.000            0.000
 irrigated_switchgrass                         0.000            0.000
 tropical_corn                                 0.000            1.234
 irrigated_tropical_corn                       0.000            0.190
 tropical_soybean                              0.000            0.367
 irrigated_tropical_soybean                    0.000            0.051

 ======================================================================
 Harvesting Output
 ======================================================================

 ......................................................................
 harvest type                        input grid area output grid area
                                       10**6 km**2      10**6 km**2
 ......................................................................

           HARVEST_VH1                        17.308           17.308
           HARVEST_VH2                         4.821            4.821
           HARVEST_SH1                         9.625            9.625
           HARVEST_SH2                        12.396           12.396
           HARVEST_SH3                        95.636           95.636
           GRAZING                        -15678.115       -15678.115

 ======================================================================
 Urban Output -- class 1
 ======================================================================

 ......................................................................
 surface type   input grid area  output grid area
                  10**6 km**2      10**6 km**2   
 ......................................................................

 urban                0.001            0.00055392
 all surface        510.100          510.100

 ======================================================================
 Urban Output -- class 2
 ======================================================================

 ......................................................................
 surface type   input grid area  output grid area
                  10**6 km**2      10**6 km**2   
 ......................................................................

 urban                0.175            0.17200311
 all surface        510.100          510.100

 ======================================================================
 Urban Output -- class 3
 ======================================================================

 ......................................................................
 surface type   input grid area  output grid area
                  10**6 km**2      10**6 km**2   
 ......................................................................

 urban                0.740            0.72633043
 all surface        510.100          510.100

 ======================================================================
 Urban Region ID Output
 ======================================================================

 ......................................................................
 index      input grid area  output grid area
                10**6 km**2       10**6 km**2
 ......................................................................

         1            1.582             1.599
         2            7.809             7.809
         3            8.559             8.539
         4            6.609             6.567
         5            5.680             5.711
         6           10.158            10.140
         7            0.295             0.291
         8            9.436             9.440
         9            5.824             5.810
        10            0.712             0.717
        11            2.181             2.156
        12            2.251             2.250
        13            3.194             3.223
        14            2.548             2.557
        15            6.032             6.035
        16            9.509             9.583
        17            1.240             1.293
        18            0.842             0.862
        19            1.774             1.776
        20            1.281             1.185
        21            1.025             1.051
        22           17.019            17.021
        23            3.087             3.117
        24            1.943             1.908
        25            1.405             1.368
        26            1.296             1.281
        27            4.844             4.809
        28            1.122             1.111
        29            1.801             1.873
        30            4.210             4.219
        31            5.183             5.194
        32            5.043             4.986
        33            1.118             1.129

 ======================================================================
 PFTs Output
 ======================================================================

 ......................................................................
 plant type                          input grid area output grid area
                                       10**6 km**2      10**6 km**2
 ......................................................................

 not vegetated                                 0.000           42.519
 needleleaf evergreen temperate tree           0.000            5.789
 needleleaf evergreen boreal tree              0.000            6.541
 needleleaf deciduous boreal tree              0.000            2.123
 broadleaf evergreen tropical tree             0.000           15.314
 broadleaf evergreen temperate tree            0.000            1.433
 broadleaf deciduous tropical tree             0.000            1.828
 broadleaf deciduous temperate tree            0.000            3.336
 broadleaf deciduous boreal tree               0.000            1.198
 broadleaf evergreen shrub                     0.000            0.041
 broadleaf deciduous temperate shrub           0.000            4.646
 broadleaf deciduous boreal shrub              0.000            5.177
 c3 arctic grass                               0.000            9.990
 c3 non-arctic grass                           0.000           17.139
 c4 grass                                      0.000           21.609
 c3_crop                                       0.000            0.030
 c3_irrigated                                  0.000            0.000
 temperate_corn                                0.000            0.846
 irrigated_temperate_corn                      0.000            0.219
 spring_wheat                                  0.000            2.260
 irrigated_spring_wheat                        0.000            0.714
 winter_wheat                                  0.000            0.000
 irrigated_winter_wheat                        0.000            0.000
 temperate_soybean                             0.000            0.578
 irrigated_temperate_soybean                   0.000            0.073
 barley                                        0.000            0.810
 irrigated_barley                              0.000            0.093
 winter_barley                                 0.000            0.000
 irrigated_winter_barley                       0.000            0.000
 rye                                           0.000            0.124
 irrigated_rye                                 0.000            0.006
 winter_rye                                    0.000            0.000
 irrigated_winter_rye                          0.000            0.000
 cassava                                       0.000            0.244
 irrigated_cassava                             0.000            0.021
 citrus                                        0.000            0.136
 irrigated citrus                              0.000            0.076
 cocoa                                         0.000            0.143
 irrigated_cocoa                               0.000            0.005
 coffee                                        0.000            0.313
 irrigated_coffee                              0.000            0.030
 cotton                                        0.000            0.150
 irrigated_cotton                              0.000            0.081
 datepalm                                      0.000            0.018
 irrigated_datepalm                            0.000            0.017
 foddergrass                                   0.000            1.654
 irrigated_foddergrass                         0.000            0.290
 grapes                                        0.000            0.147
 irrigated_grapes                              0.000            0.049
 groundnuts                                    0.000            0.361
 irrigated_groundnuts                          0.000            0.067
 millet                                        0.000            0.609
 irrigated_millet                              0.000            0.083
 oilpalm                                       0.000            0.258
 irrigated_oilpalm                             0.000            0.014
 potatoes                                      0.000            0.292
 irrigated_potatoes                            0.000            0.059
 pulses                                        0.000            1.017
 irrigated_pulses                              0.000            0.257
 rapeseed                                      0.000            0.221
 irrigated_rapeseed                            0.000            0.067
 rice                                          0.000            1.524
 irrigated_rice                                0.000            0.729
 sorghum                                       0.000            0.701
 irrigated_sorghum                             0.000            0.140
 sugarbeet                                     0.000            0.064
 irrigated_sugarbeet                           0.000            0.013
 sugarcane                                     0.000            0.220
 irrigated_sugarcane                           0.000            0.078
 sunflower                                     0.000            0.295
 irrigated_sunflower                           0.000            0.057
 miscanthus                                    0.000            0.000
 irrigated_miscanthus                          0.000            0.000
 switchgrass                                   0.000            0.000
 irrigated_switchgrass                         0.000            0.000
 tropical_corn                                 0.000            1.249
 irrigated_tropical_corn                       0.000            0.191
 tropical_soybean                              0.000            0.368
 irrigated_tropical_soybean                    0.000            0.051

 ======================================================================
 Harvesting Output
 ======================================================================

 ......................................................................
 harvest type                        input grid area output grid area
                                       10**6 km**2      10**6 km**2
 ......................................................................

           HARVEST_VH1                        17.927           17.927
           HARVEST_VH2                         4.438            4.438
           HARVEST_SH1                         9.739            9.739
           HARVEST_SH2                        12.913           12.913
           HARVEST_SH3                        96.119           96.119
           GRAZING                        -15678.115       -15678.115

 ======================================================================
 Urban Output -- class 1
 ======================================================================

 ......................................................................
 surface type   input grid area  output grid area
                  10**6 km**2      10**6 km**2   
 ......................................................................

 urban                0.001            0.00055489
 all surface        510.100          510.100

 ======================================================================
 Urban Output -- class 2
 ======================================================================

 ......................................................................
 surface type   input grid area  output grid area
                  10**6 km**2      10**6 km**2   
 ......................................................................

 urban                0.176            0.17331166
 all surface        510.100          510.100

 ======================================================================
 Urban Output -- class 3
 ======================================================================

 ......................................................................
 surface type   input grid area  output grid area
                  10**6 km**2      10**6 km**2   
 ......................................................................

 urban                0.746            0.73224209
 all surface        510.100          510.100

 ======================================================================
 Urban Region ID Output
 ======================================================================

 ......................................................................
 index      input grid area  output grid area
                10**6 km**2       10**6 km**2
 ......................................................................

         1            1.582             1.599
         2            7.809             7.809
         3            8.559             8.539
         4            6.609             6.567
         5            5.680             5.711
         6           10.158            10.140
         7            0.295             0.291
         8            9.436             9.440
         9            5.824             5.810
        10            0.712             0.717
        11            2.181             2.156
        12            2.251             2.250
        13            3.194             3.223
        14            2.548             2.557
        15            6.032             6.035
        16            9.509             9.583
        17            1.240             1.293
        18            0.842             0.862
        19            1.774             1.776
        20            1.281             1.185
        21            1.025             1.051
        22           17.019            17.021
        23            3.087             3.117
        24            1.943             1.908
        25            1.405             1.368
        26            1.296             1.281
        27            4.844             4.809
        28            1.122             1.111
        29            1.801             1.873
        30            4.210             4.219
        31            5.183             5.194
        32            5.043             4.986
        33            1.118             1.129

 ======================================================================
 PFTs Output
 ======================================================================

 ......................................................................
 plant type                          input grid area output grid area
                                       10**6 km**2      10**6 km**2
 ......................................................................

 not vegetated                                 0.000           42.503
 needleleaf evergreen temperate tree           0.000            5.795
 needleleaf evergreen boreal tree              0.000            6.541
 needleleaf deciduous boreal tree              0.000            2.123
 broadleaf evergreen tropical tree             0.000           15.289
 broadleaf evergreen temperate tree            0.000            1.432
 broadleaf deciduous tropical tree             0.000            1.821
 broadleaf deciduous temperate tree            0.000            3.337
 broadleaf deciduous boreal tree               0.000            1.199
 broadleaf evergreen shrub                     0.000            0.041
 broadleaf deciduous temperate shrub           0.000            4.643
 broadleaf deciduous boreal shrub              0.000            5.177
 c3 arctic grass                               0.000            9.991
 c3 non-arctic grass                           0.000           17.141
 c4 grass                                      0.000           21.593
 c3_crop                                       0.000            0.030
 c3_irrigated                                  0.000            0.000
 temperate_corn                                0.000            0.845
 irrigated_temperate_corn                      0.000            0.219
 spring_wheat                                  0.000            2.258
 irrigated_spring_wheat                        0.000            0.715
 winter_wheat                                  0.000            0.000
 irrigated_winter_wheat                        0.000            0.000
 temperate_soybean                             0.000            0.578
 irrigated_temperate_soybean                   0.000            0.073
 barley                                        0.000            0.810
 irrigated_barley                              0.000            0.093
 winter_barley                                 0.000            0.000
 irrigated_winter_barley                       0.000            0.000
 rye                                           0.000            0.124
 irrigated_rye                                 0.000            0.006
 winter_rye                                    0.000            0.000
 irrigated_winter_rye                          0.000            0.000
 cassava                                       0.000            0.245
 irrigated_cassava                             0.000            0.021
 citrus                                        0.000            0.136
 irrigated citrus                              0.000            0.077
 cocoa                                         0.000            0.143
 irrigated_cocoa                               0.000            0.005
 coffee                                        0.000            0.315
 irrigated_coffee                              0.000            0.030
 cotton                                        0.000            0.151
 irrigated_cotton                              0.000            0.081
 datepalm                                      0.000            0.018
 irrigated_datepalm                            0.000            0.017
 foddergrass                                   0.000            1.658
 irrigated_foddergrass                         0.000            0.291
 grapes                                        0.000            0.147
 irrigated_grapes                              0.000            0.049
 groundnuts                                    0.000            0.364
 irrigated_groundnuts                          0.000            0.068
 millet                                        0.000            0.616
 irrigated_millet                              0.000            0.084
 oilpalm                                       0.000            0.259
 irrigated_oilpalm                             0.000            0.014
 potatoes                                      0.000            0.292
 irrigated_potatoes                            0.000            0.059
 pulses                                        0.000            1.022
 irrigated_pulses                              0.000            0.259
 rapeseed                                      0.000            0.220
 irrigated_rapeseed                            0.000            0.067
 rice                                          0.000            1.526
 irrigated_rice                                0.000            0.729
 sorghum                                       0.000            0.710
 irrigated_sorghum                             0.000            0.143
 sugarbeet                                     0.000            0.064
 irrigated_sugarbeet                           0.000            0.013
 sugarcane                                     0.000            0.220
 irrigated_sugarcane                           0.000            0.078
 sunflower                                     0.000            0.296
 irrigated_sunflower                           0.000            0.057
 miscanthus                                    0.000            0.000
 irrigated_miscanthus                          0.000            0.000
 switchgrass                                   0.000            0.000
 irrigated_switchgrass                         0.000            0.000
 tropical_corn                                 0.000            1.262
 irrigated_tropical_corn                       0.000            0.192
 tropical_soybean                              0.000            0.369
 irrigated_tropical_soybean                    0.000            0.051

 ======================================================================
 Harvesting Output
 ======================================================================

 ......................................................................
 harvest type                        input grid area output grid area
                                       10**6 km**2      10**6 km**2
 ......................................................................

           HARVEST_VH1                        17.898           17.898
           HARVEST_VH2                         4.108            4.108
           HARVEST_SH1                         9.682            9.682
           HARVEST_SH2                        13.206           13.206
           HARVEST_SH3                        96.469           96.469
           GRAZING                        -15678.115       -15678.115

 ======================================================================
 Urban Output -- class 1
 ======================================================================

 ......................................................................
 surface type   input grid area  output grid area
                  10**6 km**2      10**6 km**2   
 ......................................................................

 urban                0.001            0.00055587
 all surface        510.100          510.100

 ======================================================================
 Urban Output -- class 2
 ======================================================================

 ......................................................................
 surface type   input grid area  output grid area
                  10**6 km**2      10**6 km**2   
 ......................................................................

 urban                0.178            0.17464117
 all surface        510.100          510.100

 ======================================================================
 Urban Output -- class 3
 ======================================================================

 ......................................................................
 surface type   input grid area  output grid area
                  10**6 km**2      10**6 km**2   
 ......................................................................

 urban                0.752            0.73823422
 all surface        510.100          510.100

 ======================================================================
 Urban Region ID Output
 ======================================================================

 ......................................................................
 index      input grid area  output grid area
                10**6 km**2       10**6 km**2
 ......................................................................

         1            1.582             1.599
         2            7.809             7.809
         3            8.559             8.539
         4            6.609             6.567
         5            5.680             5.711
         6           10.158            10.140
         7            0.295             0.291
         8            9.436             9.440
         9            5.824             5.810
        10            0.712             0.717
        11            2.181             2.156
        12            2.251             2.250
        13            3.194             3.223
        14            2.548             2.557
        15            6.032             6.035
        16            9.509             9.583
        17            1.240             1.293
        18            0.842             0.862
        19            1.774             1.776
        20            1.281             1.185
        21            1.025             1.051
        22           17.019            17.021
        23            3.087             3.117
        24            1.943             1.908
        25            1.405             1.368
        26            1.296             1.281
        27            4.844             4.809
        28            1.122             1.111
        29            1.801             1.873
        30            4.210             4.219
        31            5.183             5.194
        32            5.043             4.986
        33            1.118             1.129

 ======================================================================
 PFTs Output
 ======================================================================

 ......................................................................
 plant type                          input grid area output grid area
                                       10**6 km**2      10**6 km**2
 ......................................................................

 not vegetated                                 0.000           42.487
 needleleaf evergreen temperate tree           0.000            5.801
 needleleaf evergreen boreal tree              0.000            6.541
 needleleaf deciduous boreal tree              0.000            2.123
 broadleaf evergreen tropical tree             0.000           15.265
 broadleaf evergreen temperate tree            0.000            1.432
 broadleaf deciduous tropical tree             0.000            1.813
 broadleaf deciduous temperate tree            0.000            3.339
 broadleaf deciduous boreal tree               0.000            1.200
 broadleaf evergreen shrub                     0.000            0.041
 broadleaf deciduous temperate shrub           0.000            4.639
 broadleaf deciduous boreal shrub              0.000            5.177
 c3 arctic grass                               0.000            9.991
 c3 non-arctic grass                           0.000           17.144
 c4 grass                                      0.000           21.576
 c3_crop                                       0.000            0.030
 c3_irrigated                                  0.000            0.000
 temperate_corn                                0.000            0.843
 irrigated_temperate_corn                      0.000            0.219
 spring_wheat                                  0.000            2.256
 irrigated_spring_wheat                        0.000            0.717
 winter_wheat                                  0.000            0.000
 irrigated_winter_wheat                        0.000            0.000
 temperate_soybean                             0.000            0.578
 irrigated_temperate_soybean                   0.000            0.073
 barley                                        0.000            0.810
 irrigated_barley                              0.000            0.094
 winter_barley                                 0.000            0.000
 irrigated_winter_barley                       0.000            0.000
 rye                                           0.000            0.124
 irrigated_rye                                 0.000            0.006
 winter_rye                                    0.000            0.000
 irrigated_winter_rye                          0.000            0.000
 cassava                                       0.000            0.246
 irrigated_cassava                             0.000            0.021
 citrus                                        0.000            0.136
 irrigated citrus                              0.000            0.077
 cocoa                                         0.000            0.144
 irrigated_cocoa                               0.000            0.005
 coffee                                        0.000            0.317
 irrigated_coffee                              0.000            0.030
 cotton                                        0.000            0.151
 irrigated_cotton                              0.000            0.082
 datepalm                                      0.000            0.018
 irrigated_datepalm                            0.000            0.017
 foddergrass                                   0.000            1.661
 irrigated_foddergrass                         0.000            0.292
 grapes                                        0.000            0.146
 irrigated_grapes                              0.000            0.049
 groundnuts                                    0.000            0.367
 irrigated_groundnuts                          0.000            0.068
 millet                                        0.000            0.623
 irrigated_millet                              0.000            0.085
 oilpalm                                       0.000            0.260
 irrigated_oilpalm                             0.000            0.014
 potatoes                                      0.000            0.292
 irrigated_potatoes                            0.000            0.060
 pulses                                        0.000            1.028
 irrigated_pulses                              0.000            0.262
 rapeseed                                      0.000            0.220
 irrigated_rapeseed                            0.000            0.067
 rice                                          0.000            1.528
 irrigated_rice                                0.000            0.729
 sorghum                                       0.000            0.719
 irrigated_sorghum                             0.000            0.147
 sugarbeet                                     0.000            0.064
 irrigated_sugarbeet                           0.000            0.013
 sugarcane                                     0.000            0.220
 irrigated_sugarcane                           0.000            0.078
 sunflower                                     0.000            0.296
 irrigated_sunflower                           0.000            0.057
 miscanthus                                    0.000            0.000
 irrigated_miscanthus                          0.000            0.000
 switchgrass                                   0.000            0.000
 irrigated_switchgrass                         0.000            0.000
 tropical_corn                                 0.000            1.275
 irrigated_tropical_corn                       0.000            0.194
 tropical_soybean                              0.000            0.369
 irrigated_tropical_soybean                    0.000            0.051

 ======================================================================
 Harvesting Output
 ======================================================================

 ......................................................................
 harvest type                        input grid area output grid area
                                       10**6 km**2      10**6 km**2
 ......................................................................

           HARVEST_VH1                        17.985           17.985
           HARVEST_VH2                         3.817            3.817
           HARVEST_SH1                         9.606            9.606
           HARVEST_SH2                        13.345           13.345
           HARVEST_SH3                        96.926           96.926
           GRAZING                        -15678.115       -15678.115

 ======================================================================
 Urban Output -- class 1
 ======================================================================

 ......................................................................
 surface type   input grid area  output grid area
                  10**6 km**2      10**6 km**2   
 ......................................................................

 urban                0.001            0.00055684
 all surface        510.100          510.100

 ======================================================================
 Urban Output -- class 2
 ======================================================================

 ......................................................................
 surface type   input grid area  output grid area
                  10**6 km**2      10**6 km**2   
 ......................................................................

 urban                0.179            0.17594792
 all surface        510.100          510.100

 ======================================================================
 Urban Output -- class 3
 ======================================================================

 ......................................................................
 surface type   input grid area  output grid area
                  10**6 km**2      10**6 km**2   
 ......................................................................

 urban                0.758            0.74411124
 all surface        510.100          510.100

 ======================================================================
 Urban Region ID Output
 ======================================================================

 ......................................................................
 index      input grid area  output grid area
                10**6 km**2       10**6 km**2
 ......................................................................

         1            1.582             1.599
         2            7.809             7.809
         3            8.559             8.539
         4            6.609             6.567
         5            5.680             5.711
         6           10.158            10.140
         7            0.295             0.291
         8            9.436             9.440
         9            5.824             5.810
        10            0.712             0.717
        11            2.181             2.156
        12            2.251             2.250
        13            3.194             3.223
        14            2.548             2.557
        15            6.032             6.035
        16            9.509             9.583
        17            1.240             1.293
        18            0.842             0.862
        19            1.774             1.776
        20            1.281             1.185
        21            1.025             1.051
        22           17.019            17.021
        23            3.087             3.117
        24            1.943             1.908
        25            1.405             1.368
        26            1.296             1.281
        27            4.844             4.809
        28            1.122             1.111
        29            1.801             1.873
        30            4.210             4.219
        31            5.183             5.194
        32            5.043             4.986
        33            1.118             1.129

 ======================================================================
 PFTs Output
 ======================================================================

 ......................................................................
 plant type                          input grid area output grid area
                                       10**6 km**2      10**6 km**2
 ......................................................................

 not vegetated                                 0.000           42.471
 needleleaf evergreen temperate tree           0.000            5.807
 needleleaf evergreen boreal tree              0.000            6.541
 needleleaf deciduous boreal tree              0.000            2.123
 broadleaf evergreen tropical tree             0.000           15.240
 broadleaf evergreen temperate tree            0.000            1.432
 broadleaf deciduous tropical tree             0.000            1.806
 broadleaf deciduous temperate tree            0.000            3.340
 broadleaf deciduous boreal tree               0.000            1.201
 broadleaf evergreen shrub                     0.000            0.041
 broadleaf deciduous temperate shrub           0.000            4.636
 broadleaf deciduous boreal shrub              0.000            5.177
 c3 arctic grass                               0.000            9.991
 c3 non-arctic grass                           0.000           17.146
 c4 grass                                      0.000           21.561
 c3_crop                                       0.000            0.031
 c3_irrigated                                  0.000            0.000
 temperate_corn                                0.000            0.841
 irrigated_temperate_corn                      0.000            0.220
 spring_wheat                                  0.000            2.255
 irrigated_spring_wheat                        0.000            0.719
 winter_wheat                                  0.000            0.000
 irrigated_winter_wheat                        0.000            0.000
 temperate_soybean                             0.000            0.577
 irrigated_temperate_soybean                   0.000            0.073
 barley                                        0.000            0.809
 irrigated_barley                              0.000            0.094
 winter_barley                                 0.000            0.000
 irrigated_winter_barley                       0.000            0.000
 rye                                           0.000            0.123
 irrigated_rye                                 0.000            0.006
 winter_rye                                    0.000            0.000
 irrigated_winter_rye                          0.000            0.000
 cassava                                       0.000            0.248
 irrigated_cassava                             0.000            0.021
 citrus                                        0.000            0.135
 irrigated citrus                              0.000            0.077
 cocoa                                         0.000            0.144
 irrigated_cocoa                               0.000            0.005
 coffee                                        0.000            0.318
 irrigated_coffee                              0.000            0.030
 cotton                                        0.000            0.151
 irrigated_cotton                              0.000            0.082
 datepalm                                      0.000            0.018
 irrigated_datepalm                            0.000            0.017
 foddergrass                                   0.000            1.665
 irrigated_foddergrass                         0.000            0.293
 grapes                                        0.000            0.146
 irrigated_grapes                              0.000            0.050
 groundnuts                                    0.000            0.370
 irrigated_groundnuts                          0.000            0.069
 millet                                        0.000            0.630
 irrigated_millet                              0.000            0.087
 oilpalm                                       0.000            0.261
 irrigated_oilpalm                             0.000            0.014
 potatoes                                      0.000            0.293
 irrigated_potatoes                            0.000            0.060
 pulses                                        0.000            1.033
 irrigated_pulses                              0.000            0.264
 rapeseed                                      0.000            0.220
 irrigated_rapeseed                            0.000            0.067
 rice                                          0.000            1.531
 irrigated_rice                                0.000            0.729
 sorghum                                       0.000            0.727
 irrigated_sorghum                             0.000            0.150
 sugarbeet                                     0.000            0.064
 irrigated_sugarbeet                           0.000            0.013
 sugarcane                                     0.000            0.221
 irrigated_sugarcane                           0.000            0.078
 sunflower                                     0.000            0.296
 irrigated_sunflower                           0.000            0.057
 miscanthus                                    0.000            0.000
 irrigated_miscanthus                          0.000            0.000
 switchgrass                                   0.000            0.000
 irrigated_switchgrass                         0.000            0.000
 tropical_corn                                 0.000            1.288
 irrigated_tropical_corn                       0.000            0.195
 tropical_soybean                              0.000            0.370
 irrigated_tropical_soybean                    0.000            0.051

 ======================================================================
 Harvesting Output
 ======================================================================

 ......................................................................
 harvest type                        input grid area output grid area
                                       10**6 km**2      10**6 km**2
 ......................................................................

           HARVEST_VH1                        18.036           18.036
           HARVEST_VH2                         3.565            3.565
           HARVEST_SH1                         9.546            9.546
           HARVEST_SH2                        13.499           13.499
           HARVEST_SH3                        97.286           97.286
           GRAZING                        -15678.115       -15678.115

 ======================================================================
 Urban Output -- class 1
 ======================================================================

 ......................................................................
 surface type   input grid area  output grid area
                  10**6 km**2      10**6 km**2   
 ......................................................................

 urban                0.001            0.00055781
 all surface        510.100          510.100

 ======================================================================
 Urban Output -- class 2
 ======================================================================

 ......................................................................
 surface type   input grid area  output grid area
                  10**6 km**2      10**6 km**2   
 ......................................................................

 urban                0.180            0.17726308
 all surface        510.100          510.100

 ======================================================================
 Urban Output -- class 3
 ======================================================================

 ......................................................................
 surface type   input grid area  output grid area
                  10**6 km**2      10**6 km**2   
 ......................................................................

 urban                0.764            0.75005458
 all surface        510.100          510.100

 ======================================================================
 Urban Region ID Output
 ======================================================================

 ......................................................................
 index      input grid area  output grid area
                10**6 km**2       10**6 km**2
 ......................................................................

         1            1.582             1.599
         2            7.809             7.809
         3            8.559             8.539
         4            6.609             6.567
         5            5.680             5.711
         6           10.158            10.140
         7            0.295             0.291
         8            9.436             9.440
         9            5.824             5.810
        10            0.712             0.717
        11            2.181             2.156
        12            2.251             2.250
        13            3.194             3.223
        14            2.548             2.557
        15            6.032             6.035
        16            9.509             9.583
        17            1.240             1.293
        18            0.842             0.862
        19            1.774             1.776
        20            1.281             1.185
        21            1.025             1.051
        22           17.019            17.021
        23            3.087             3.117
        24            1.943             1.908
        25            1.405             1.368
        26            1.296             1.281
        27            4.844             4.809
        28            1.122             1.111
        29            1.801             1.873
        30            4.210             4.219
        31            5.183             5.194
        32            5.043             4.986
        33            1.118             1.129

 ======================================================================
 PFTs Output
 ======================================================================

 ......................................................................
 plant type                          input grid area output grid area
                                       10**6 km**2      10**6 km**2
 ......................................................................

 not vegetated                                 0.000           42.454
 needleleaf evergreen temperate tree           0.000            5.812
 needleleaf evergreen boreal tree              0.000            6.541
 needleleaf deciduous boreal tree              0.000            2.123
 broadleaf evergreen tropical tree             0.000           15.216
 broadleaf evergreen temperate tree            0.000            1.432
 broadleaf deciduous tropical tree             0.000            1.798
 broadleaf deciduous temperate tree            0.000            3.342
 broadleaf deciduous boreal tree               0.000            1.202
 broadleaf evergreen shrub                     0.000            0.041
 broadleaf deciduous temperate shrub           0.000            4.632
 broadleaf deciduous boreal shrub              0.000            5.177
 c3 arctic grass                               0.000            9.991
 c3 non-arctic grass                           0.000           17.148
 c4 grass                                      0.000           21.545
 c3_crop                                       0.000            0.031
 c3_irrigated                                  0.000            0.000
 temperate_corn                                0.000            0.839
 irrigated_temperate_corn                      0.000            0.220
 spring_wheat                                  0.000            2.253
 irrigated_spring_wheat                        0.000            0.720
 winter_wheat                                  0.000            0.000
 irrigated_winter_wheat                        0.000            0.000
 temperate_soybean                             0.000            0.577
 irrigated_temperate_soybean                   0.000            0.073
 barley                                        0.000            0.809
 irrigated_barley                              0.000            0.094
 winter_barley                                 0.000            0.000
 irrigated_winter_barley                       0.000            0.000
 rye                                           0.000            0.123
 irrigated_rye                                 0.000            0.006
 winter_rye                                    0.000            0.000
 irrigated_winter_rye                          0.000            0.000
 cassava                                       0.000            0.249
 irrigated_cassava                             0.000            0.022
 citrus                                        0.000            0.135
 irrigated citrus                              0.000            0.078
 cocoa                                         0.000            0.144
 irrigated_cocoa                               0.000            0.005
 coffee                                        0.000            0.320
 irrigated_coffee                              0.000            0.031
 cotton                                        0.000            0.151
 irrigated_cotton                              0.000            0.082
 datepalm                                      0.000            0.018
 irrigated_datepalm                            0.000            0.017
 foddergrass                                   0.000            1.668
 irrigated_foddergrass                         0.000            0.294
 grapes                                        0.000            0.146
 irrigated_grapes                              0.000            0.050
 groundnuts                                    0.000            0.373
 irrigated_groundnuts                          0.000            0.069
 millet                                        0.000            0.638
 irrigated_millet                              0.000            0.088
 oilpalm                                       0.000            0.262
 irrigated_oilpalm                             0.000            0.014
 potatoes                                      0.000            0.293
 irrigated_potatoes                            0.000            0.060
 pulses                                        0.000            1.039
 irrigated_pulses                              0.000            0.267
 rapeseed                                      0.000            0.219
 irrigated_rapeseed                            0.000            0.067
 rice                                          0.000            1.533
 irrigated_rice                                0.000            0.728
 sorghum                                       0.000            0.736
 irrigated_sorghum                             0.000            0.153
 sugarbeet                                     0.000            0.063
 irrigated_sugarbeet                           0.000            0.013
 sugarcane                                     0.000            0.221
 irrigated_sugarcane                           0.000            0.078
 sunflower                                     0.000            0.296
 irrigated_sunflower                           0.000            0.057
 miscanthus                                    0.000            0.000
 irrigated_miscanthus                          0.000            0.000
 switchgrass                                   0.000            0.000
 irrigated_switchgrass                         0.000            0.000
 tropical_corn                                 0.000            1.300
 irrigated_tropical_corn                       0.000            0.197
 tropical_soybean                              0.000            0.371
 irrigated_tropical_soybean                    0.000            0.051

 ======================================================================
 Harvesting Output
 ======================================================================

 ......................................................................
 harvest type                        input grid area output grid area
                                       10**6 km**2      10**6 km**2
 ......................................................................

           HARVEST_VH1                        18.096           18.096
           HARVEST_VH2                         3.367            3.367
           HARVEST_SH1                         9.514            9.514
           HARVEST_SH2                        13.647           13.647
           HARVEST_SH3                        97.693           97.693
           GRAZING                        -15678.115       -15678.115

 ======================================================================
 Urban Output -- class 1
 ======================================================================

 ......................................................................
 surface type   input grid area  output grid area
                  10**6 km**2      10**6 km**2   
 ......................................................................

 urban                0.001            0.00055879
 all surface        510.100          510.100

 ======================================================================
 Urban Output -- class 2
 ======================================================================

 ......................................................................
 surface type   input grid area  output grid area
                  10**6 km**2      10**6 km**2   
 ......................................................................

 urban                0.182            0.17856756
 all surface        510.100          510.100

 ======================================================================
 Urban Output -- class 3
 ======================================================================

 ......................................................................
 surface type   input grid area  output grid area
                  10**6 km**2      10**6 km**2   
 ......................................................................

 urban                0.770            0.75595372
 all surface        510.100          510.100

 ======================================================================
 Urban Region ID Output
 ======================================================================

 ......................................................................
 index      input grid area  output grid area
                10**6 km**2       10**6 km**2
 ......................................................................

         1            1.582             1.599
         2            7.809             7.809
         3            8.559             8.539
         4            6.609             6.567
         5            5.680             5.711
         6           10.158            10.140
         7            0.295             0.291
         8            9.436             9.440
         9            5.824             5.810
        10            0.712             0.717
        11            2.181             2.156
        12            2.251             2.250
        13            3.194             3.223
        14            2.548             2.557
        15            6.032             6.035
        16            9.509             9.583
        17            1.240             1.293
        18            0.842             0.862
        19            1.774             1.776
        20            1.281             1.185
        21            1.025             1.051
        22           17.019            17.021
        23            3.087             3.117
        24            1.943             1.908
        25            1.405             1.368
        26            1.296             1.281
        27            4.844             4.809
        28            1.122             1.111
        29            1.801             1.873
        30            4.210             4.219
        31            5.183             5.194
        32            5.043             4.986
        33            1.118             1.129

 ======================================================================
 PFTs Output
 ======================================================================

 ......................................................................
 plant type                          input grid area output grid area
                                       10**6 km**2      10**6 km**2
 ......................................................................

 not vegetated                                 0.000           42.438
 needleleaf evergreen temperate tree           0.000            5.818
 needleleaf evergreen boreal tree              0.000            6.541
 needleleaf deciduous boreal tree              0.000            2.123
 broadleaf evergreen tropical tree             0.000           15.191
 broadleaf evergreen temperate tree            0.000            1.431
 broadleaf deciduous tropical tree             0.000            1.791
 broadleaf deciduous temperate tree            0.000            3.343
 broadleaf deciduous boreal tree               0.000            1.203
 broadleaf evergreen shrub                     0.000            0.041
 broadleaf deciduous temperate shrub           0.000            4.629
 broadleaf deciduous boreal shrub              0.000            5.177
 c3 arctic grass                               0.000            9.992
 c3 non-arctic grass                           0.000           17.150
 c4 grass                                      0.000           21.529
 c3_crop                                       0.000            0.031
 c3_irrigated                                  0.000            0.000
 temperate_corn                                0.000            0.838
 irrigated_temperate_corn                      0.000            0.221
 spring_wheat                                  0.000            2.251
 irrigated_spring_wheat                        0.000            0.722
 winter_wheat                                  0.000            0.000
 irrigated_winter_wheat                        0.000            0.000
 temperate_soybean                             0.000            0.577
 irrigated_temperate_soybean                   0.000            0.073
 barley                                        0.000            0.809
 irrigated_barley                              0.000            0.095
 winter_barley                                 0.000            0.000
 irrigated_winter_barley                       0.000            0.000
 rye                                           0.000            0.123
 irrigated_rye                                 0.000            0.006
 winter_rye                                    0.000            0.000
 irrigated_winter_rye                          0.000            0.000
 cassava                                       0.000            0.250
 irrigated_cassava                             0.000            0.022
 citrus                                        0.000            0.134
 irrigated citrus                              0.000            0.078
 cocoa                                         0.000            0.145
 irrigated_cocoa                               0.000            0.005
 coffee                                        0.000            0.322
 irrigated_coffee                              0.000            0.031
 cotton                                        0.000            0.151
 irrigated_cotton                              0.000            0.082
 datepalm                                      0.000            0.018
 irrigated_datepalm                            0.000            0.018
 foddergrass                                   0.000            1.672
 irrigated_foddergrass                         0.000            0.294
 grapes                                        0.000            0.145
 irrigated_grapes                              0.000            0.050
 groundnuts                                    0.000            0.377
 irrigated_groundnuts                          0.000            0.069
 millet                                        0.000            0.645
 irrigated_millet                              0.000            0.089
 oilpalm                                       0.000            0.263
 irrigated_oilpalm                             0.000            0.014
 potatoes                                      0.000            0.293
 irrigated_potatoes                            0.000            0.061
 pulses                                        0.000            1.044
 irrigated_pulses                              0.000            0.269
 rapeseed                                      0.000            0.219
 irrigated_rapeseed                            0.000            0.067
 rice                                          0.000            1.536
 irrigated_rice                                0.000            0.728
 sorghum                                       0.000            0.744
 irrigated_sorghum                             0.000            0.156
 sugarbeet                                     0.000            0.063
 irrigated_sugarbeet                           0.000            0.013
 sugarcane                                     0.000            0.221
 irrigated_sugarcane                           0.000            0.078
 sunflower                                     0.000            0.296
 irrigated_sunflower                           0.000            0.057
 miscanthus                                    0.000            0.000
 irrigated_miscanthus                          0.000            0.000
 switchgrass                                   0.000            0.000
 irrigated_switchgrass                         0.000            0.000
 tropical_corn                                 0.000            1.313
 irrigated_tropical_corn                       0.000            0.198
 tropical_soybean                              0.000            0.371
 irrigated_tropical_soybean                    0.000            0.051

 ======================================================================
 Harvesting Output
 ======================================================================

 ......................................................................
 harvest type                        input grid area output grid area
                                       10**6 km**2      10**6 km**2
 ......................................................................

           HARVEST_VH1                        18.052           18.052
           HARVEST_VH2                         3.220            3.220
           HARVEST_SH1                         9.449            9.449
           HARVEST_SH2                        13.802           13.802
           HARVEST_SH3                        96.813           96.813
           GRAZING                        -15678.115       -15678.115

 ======================================================================
 Urban Output -- class 1
 ======================================================================

 ......................................................................
 surface type   input grid area  output grid area
                  10**6 km**2      10**6 km**2   
 ......................................................................

 urban                0.001            0.00055976
 all surface        510.100          510.100

 ======================================================================
 Urban Output -- class 2
 ======================================================================

 ......................................................................
 surface type   input grid area  output grid area
                  10**6 km**2      10**6 km**2   
 ......................................................................

 urban                0.183            0.17987304
 all surface        510.100          510.100

 ======================================================================
 Urban Output -- class 3
 ======================================================================

 ......................................................................
 surface type   input grid area  output grid area
                  10**6 km**2      10**6 km**2   
 ......................................................................

 urban                0.776            0.76190582
 all surface        510.100          510.100

 ======================================================================
 Urban Region ID Output
 ======================================================================

 ......................................................................
 index      input grid area  output grid area
                10**6 km**2       10**6 km**2
 ......................................................................

         1            1.582             1.599
         2            7.809             7.809
         3            8.559             8.539
         4            6.609             6.567
         5            5.680             5.711
         6           10.158            10.140
         7            0.295             0.291
         8            9.436             9.440
         9            5.824             5.810
        10            0.712             0.717
        11            2.181             2.156
        12            2.251             2.250
        13            3.194             3.223
        14            2.548             2.557
        15            6.032             6.035
        16            9.509             9.583
        17            1.240             1.293
        18            0.842             0.862
        19            1.774             1.776
        20            1.281             1.185
        21            1.025             1.051
        22           17.019            17.021
        23            3.087             3.117
        24            1.943             1.908
        25            1.405             1.368
        26            1.296             1.281
        27            4.844             4.809
        28            1.122             1.111
        29            1.801             1.873
        30            4.210             4.219
        31            5.183             5.194
        32            5.043             4.986
        33            1.118             1.129

 ======================================================================
 PFTs Output
 ======================================================================

 ......................................................................
 plant type                          input grid area output grid area
                                       10**6 km**2      10**6 km**2
 ......................................................................

 not vegetated                                 0.000           42.419
 needleleaf evergreen temperate tree           0.000            5.821
 needleleaf evergreen boreal tree              0.000            6.540
 needleleaf deciduous boreal tree              0.000            2.123
 broadleaf evergreen tropical tree             0.000           15.160
 broadleaf evergreen temperate tree            0.000            1.431
 broadleaf deciduous tropical tree             0.000            1.783
 broadleaf deciduous temperate tree            0.000            3.342
 broadleaf deciduous boreal tree               0.000            1.203
 broadleaf evergreen shrub                     0.000            0.041
 broadleaf deciduous temperate shrub           0.000            4.625
 broadleaf deciduous boreal shrub              0.000            5.177
 c3 arctic grass                               0.000            9.992
 c3 non-arctic grass                           0.000           17.147
 c4 grass                                      0.000           21.511
 c3_crop                                       0.000            0.031
 c3_irrigated                                  0.000            0.000
 temperate_corn                                0.000            0.837
 irrigated_temperate_corn                      0.000            0.221
 spring_wheat                                  0.000            2.251
 irrigated_spring_wheat                        0.000            0.725
 winter_wheat                                  0.000            0.000
 irrigated_winter_wheat                        0.000            0.000
 temperate_soybean                             0.000            0.577
 irrigated_temperate_soybean                   0.000            0.074
 barley                                        0.000            0.809
 irrigated_barley                              0.000            0.095
 winter_barley                                 0.000            0.000
 irrigated_winter_barley                       0.000            0.000
 rye                                           0.000            0.123
 irrigated_rye                                 0.000            0.006
 winter_rye                                    0.000            0.000
 irrigated_winter_rye                          0.000            0.000
 cassava                                       0.000            0.253
 irrigated_cassava                             0.000            0.022
 citrus                                        0.000            0.134
 irrigated citrus                              0.000            0.078
 cocoa                                         0.000            0.146
 irrigated_cocoa                               0.000            0.005
 coffee                                        0.000            0.323
 irrigated_coffee                              0.000            0.031
 cotton                                        0.000            0.152
 irrigated_cotton                              0.000            0.082
 datepalm                                      0.000            0.019
 irrigated_datepalm                            0.000            0.018
 foddergrass                                   0.000            1.680
 irrigated_foddergrass                         0.000            0.297
 grapes                                        0.000            0.145
 irrigated_grapes                              0.000            0.050
 groundnuts                                    0.000            0.381
 irrigated_groundnuts                          0.000            0.070
 millet                                        0.000            0.654
 irrigated_millet                              0.000            0.091
 oilpalm                                       0.000            0.265
 irrigated_oilpalm                             0.000            0.014
 potatoes                                      0.000            0.294
 irrigated_potatoes                            0.000            0.061
 pulses                                        0.000            1.050
 irrigated_pulses                              0.000            0.271
 rapeseed                                      0.000            0.218
 irrigated_rapeseed                            0.000            0.067
 rice                                          0.000            1.539
 irrigated_rice                                0.000            0.728
 sorghum                                       0.000            0.753
 irrigated_sorghum                             0.000            0.159
 sugarbeet                                     0.000            0.063
 irrigated_sugarbeet                           0.000            0.013
 sugarcane                                     0.000            0.221
 irrigated_sugarcane                           0.000            0.078
 sunflower                                     0.000            0.297
 irrigated_sunflower                           0.000            0.058
 miscanthus                                    0.000            0.000
 irrigated_miscanthus                          0.000            0.000
 switchgrass                                   0.000            0.000
 irrigated_switchgrass                         0.000            0.000
 tropical_corn                                 0.000            1.330
 irrigated_tropical_corn                       0.000            0.200
 tropical_soybean                              0.000            0.372
 irrigated_tropical_soybean                    0.000            0.051

 ======================================================================
 Harvesting Output
 ======================================================================

 ......................................................................
 harvest type                        input grid area output grid area
                                       10**6 km**2      10**6 km**2
 ......................................................................

           HARVEST_VH1                        14.863           14.863
           HARVEST_VH2                         3.113            3.113
           HARVEST_SH1                         8.605            8.605
           HARVEST_SH2                        13.945           13.945
           HARVEST_SH3                        95.938           95.938
           GRAZING                        -15678.115       -15678.115

 ======================================================================
 Urban Output -- class 1
 ======================================================================

 ......................................................................
 surface type   input grid area  output grid area
                  10**6 km**2      10**6 km**2   
 ......................................................................

 urban                0.001            0.00056046
 all surface        510.100          510.100

 ======================================================================
 Urban Output -- class 2
 ======================================================================

 ......................................................................
 surface type   input grid area  output grid area
                  10**6 km**2      10**6 km**2   
 ......................................................................

 urban                0.184            0.18124133
 all surface        510.100          510.100

 ======================================================================
 Urban Output -- class 3
 ======================================================================

 ......................................................................
 surface type   input grid area  output grid area
                  10**6 km**2      10**6 km**2   
 ......................................................................

 urban                0.782            0.76825974
 all surface        510.100          510.100

 ======================================================================
 Urban Region ID Output
 ======================================================================

 ......................................................................
 index      input grid area  output grid area
                10**6 km**2       10**6 km**2
 ......................................................................

         1            1.582             1.599
         2            7.809             7.809
         3            8.559             8.539
         4            6.609             6.567
         5            5.680             5.711
         6           10.158            10.140
         7            0.295             0.291
         8            9.436             9.440
         9            5.824             5.810
        10            0.712             0.717
        11            2.181             2.156
        12            2.251             2.250
        13            3.194             3.223
        14            2.548             2.557
        15            6.032             6.035
        16            9.509             9.583
        17            1.240             1.293
        18            0.842             0.862
        19            1.774             1.776
        20            1.281             1.185
        21            1.025             1.051
        22           17.019            17.021
        23            3.087             3.117
        24            1.943             1.908
        25            1.405             1.368
        26            1.296             1.281
        27            4.844             4.809
        28            1.122             1.111
        29            1.801             1.873
        30            4.210             4.219
        31            5.183             5.194
        32            5.043             4.986
        33            1.118             1.129

 ======================================================================
 PFTs Output
 ======================================================================

 ......................................................................
 plant type                          input grid area output grid area
                                       10**6 km**2      10**6 km**2
 ......................................................................

 not vegetated                                 0.000           42.400
 needleleaf evergreen temperate tree           0.000            5.824
 needleleaf evergreen boreal tree              0.000            6.538
 needleleaf deciduous boreal tree              0.000            2.123
 broadleaf evergreen tropical tree             0.000           15.128
 broadleaf evergreen temperate tree            0.000            1.430
 broadleaf deciduous tropical tree             0.000            1.774
 broadleaf deciduous temperate tree            0.000            3.341
 broadleaf deciduous boreal tree               0.000            1.204
 broadleaf evergreen shrub                     0.000            0.041
 broadleaf deciduous temperate shrub           0.000            4.622
 broadleaf deciduous boreal shrub              0.000            5.177
 c3 arctic grass                               0.000            9.992
 c3 non-arctic grass                           0.000           17.146
 c4 grass                                      0.000           21.493
 c3_crop                                       0.000            0.032
 c3_irrigated                                  0.000            0.000
 temperate_corn                                0.000            0.837
 irrigated_temperate_corn                      0.000            0.222
 spring_wheat                                  0.000            2.251
 irrigated_spring_wheat                        0.000            0.728
 winter_wheat                                  0.000            0.000
 irrigated_winter_wheat                        0.000            0.000
 temperate_soybean                             0.000            0.577
 irrigated_temperate_soybean                   0.000            0.074
 barley                                        0.000            0.809
 irrigated_barley                              0.000            0.096
 winter_barley                                 0.000            0.000
 irrigated_winter_barley                       0.000            0.000
 rye                                           0.000            0.123
 irrigated_rye                                 0.000            0.006
 winter_rye                                    0.000            0.000
 irrigated_winter_rye                          0.000            0.000
 cassava                                       0.000            0.255
 irrigated_cassava                             0.000            0.022
 citrus                                        0.000            0.134
 irrigated citrus                              0.000            0.078
 cocoa                                         0.000            0.147
 irrigated_cocoa                               0.000            0.005
 coffee                                        0.000            0.324
 irrigated_coffee                              0.000            0.031
 cotton                                        0.000            0.152
 irrigated_cotton                              0.000            0.082
 datepalm                                      0.000            0.019
 irrigated_datepalm                            0.000            0.018
 foddergrass                                   0.000            1.687
 irrigated_foddergrass                         0.000            0.299
 grapes                                        0.000            0.145
 irrigated_grapes                              0.000            0.050
 groundnuts                                    0.000            0.385
 irrigated_groundnuts                          0.000            0.071
 millet                                        0.000            0.663
 irrigated_millet                              0.000            0.093
 oilpalm                                       0.000            0.266
 irrigated_oilpalm                             0.000            0.014
 potatoes                                      0.000            0.294
 irrigated_potatoes                            0.000            0.062
 pulses                                        0.000            1.056
 irrigated_pulses                              0.000            0.274
 rapeseed                                      0.000            0.218
 irrigated_rapeseed                            0.000            0.067
 rice                                          0.000            1.543
 irrigated_rice                                0.000            0.729
 sorghum                                       0.000            0.762
 irrigated_sorghum                             0.000            0.161
 sugarbeet                                     0.000            0.063
 irrigated_sugarbeet                           0.000            0.013
 sugarcane                                     0.000            0.222
 irrigated_sugarcane                           0.000            0.078
 sunflower                                     0.000            0.297
 irrigated_sunflower                           0.000            0.058
 miscanthus                                    0.000            0.000
 irrigated_miscanthus                          0.000            0.000
 switchgrass                                   0.000            0.000
 irrigated_switchgrass                         0.000            0.000
 tropical_corn                                 0.000            1.346
 irrigated_tropical_corn                       0.000            0.202
 tropical_soybean                              0.000            0.372
 irrigated_tropical_soybean                    0.000            0.051

 ======================================================================
 Harvesting Output
 ======================================================================

 ......................................................................
 harvest type                        input grid area output grid area
                                       10**6 km**2      10**6 km**2
 ......................................................................

           HARVEST_VH1                        14.929           14.929
           HARVEST_VH2                         3.025            3.025
           HARVEST_SH1                         8.604            8.604
           HARVEST_SH2                        14.082           14.082
           HARVEST_SH3                        89.154           89.154
           GRAZING                        -15678.115       -15678.115

 ======================================================================
 Urban Output -- class 1
 ======================================================================

 ......................................................................
 surface type   input grid area  output grid area
                  10**6 km**2      10**6 km**2   
 ......................................................................

 urban                0.001            0.00056116
 all surface        510.100          510.100

 ======================================================================
 Urban Output -- class 2
 ======================================================================

 ......................................................................
 surface type   input grid area  output grid area
                  10**6 km**2      10**6 km**2   
 ......................................................................

 urban                0.186            0.18259676
 all surface        510.100          510.100

 ======================================================================
 Urban Output -- class 3
 ======================================================================

 ......................................................................
 surface type   input grid area  output grid area
                  10**6 km**2      10**6 km**2   
 ......................................................................

 urban                0.788            0.77456484
 all surface        510.100          510.100

 ======================================================================
 Urban Region ID Output
 ======================================================================

 ......................................................................
 index      input grid area  output grid area
                10**6 km**2       10**6 km**2
 ......................................................................

         1            1.582             1.599
         2            7.809             7.809
         3            8.559             8.539
         4            6.609             6.567
         5            5.680             5.711
         6           10.158            10.140
         7            0.295             0.291
         8            9.436             9.440
         9            5.824             5.810
        10            0.712             0.717
        11            2.181             2.156
        12            2.251             2.250
        13            3.194             3.223
        14            2.548             2.557
        15            6.032             6.035
        16            9.509             9.583
        17            1.240             1.293
        18            0.842             0.862
        19            1.774             1.776
        20            1.281             1.185
        21            1.025             1.051
        22           17.019            17.021
        23            3.087             3.117
        24            1.943             1.908
        25            1.405             1.368
        26            1.296             1.281
        27            4.844             4.809
        28            1.122             1.111
        29            1.801             1.873
        30            4.210             4.219
        31            5.183             5.194
        32            5.043             4.986
        33            1.118             1.129

 ======================================================================
 PFTs Output
 ======================================================================

 ......................................................................
 plant type                          input grid area output grid area
                                       10**6 km**2      10**6 km**2
 ......................................................................

 not vegetated                                 0.000           42.381
 needleleaf evergreen temperate tree           0.000            5.826
 needleleaf evergreen boreal tree              0.000            6.537
 needleleaf deciduous boreal tree              0.000            2.123
 broadleaf evergreen tropical tree             0.000           15.097
 broadleaf evergreen temperate tree            0.000            1.429
 broadleaf deciduous tropical tree             0.000            1.766
 broadleaf deciduous temperate tree            0.000            3.340
 broadleaf deciduous boreal tree               0.000            1.205
 broadleaf evergreen shrub                     0.000            0.041
 broadleaf deciduous temperate shrub           0.000            4.618
 broadleaf deciduous boreal shrub              0.000            5.177
 c3 arctic grass                               0.000            9.993
 c3 non-arctic grass                           0.000           17.144
 c4 grass                                      0.000           21.475
 c3_crop                                       0.000            0.032
 c3_irrigated                                  0.000            0.000
 temperate_corn                                0.000            0.836
 irrigated_temperate_corn                      0.000            0.222
 spring_wheat                                  0.000            2.251
 irrigated_spring_wheat                        0.000            0.731
 winter_wheat                                  0.000            0.000
 irrigated_winter_wheat                        0.000            0.000
 temperate_soybean                             0.000            0.578
 irrigated_temperate_soybean                   0.000            0.074
 barley                                        0.000            0.809
 irrigated_barley                              0.000            0.097
 winter_barley                                 0.000            0.000
 irrigated_winter_barley                       0.000            0.000
 rye                                           0.000            0.122
 irrigated_rye                                 0.000            0.006
 winter_rye                                    0.000            0.000
 irrigated_winter_rye                          0.000            0.000
 cassava                                       0.000            0.257
 irrigated_cassava                             0.000            0.022
 citrus                                        0.000            0.133
 irrigated citrus                              0.000            0.078
 cocoa                                         0.000            0.148
 irrigated_cocoa                               0.000            0.005
 coffee                                        0.000            0.326
 irrigated_coffee                              0.000            0.031
 cotton                                        0.000            0.152
 irrigated_cotton                              0.000            0.083
 datepalm                                      0.000            0.019
 irrigated_datepalm                            0.000            0.018
 foddergrass                                   0.000            1.695
 irrigated_foddergrass                         0.000            0.301
 grapes                                        0.000            0.145
 irrigated_grapes                              0.000            0.051
 groundnuts                                    0.000            0.389
 irrigated_groundnuts                          0.000            0.071
 millet                                        0.000            0.672
 irrigated_millet                              0.000            0.095
 oilpalm                                       0.000            0.268
 irrigated_oilpalm                             0.000            0.014
 potatoes                                      0.000            0.295
 irrigated_potatoes                            0.000            0.062
 pulses                                        0.000            1.062
 irrigated_pulses                              0.000            0.276
 rapeseed                                      0.000            0.218
 irrigated_rapeseed                            0.000            0.067
 rice                                          0.000            1.547
 irrigated_rice                                0.000            0.729
 sorghum                                       0.000            0.771
 irrigated_sorghum                             0.000            0.164
 sugarbeet                                     0.000            0.063
 irrigated_sugarbeet                           0.000            0.013
 sugarcane                                     0.000            0.222
 irrigated_sugarcane                           0.000            0.078
 sunflower                                     0.000            0.298
 irrigated_sunflower                           0.000            0.058
 miscanthus                                    0.000            0.000
 irrigated_miscanthus                          0.000            0.000
 switchgrass                                   0.000            0.000
 irrigated_switchgrass                         0.000            0.000
 tropical_corn                                 0.000            1.362
 irrigated_tropical_corn                       0.000            0.204
 tropical_soybean                              0.000            0.373
 irrigated_tropical_soybean                    0.000            0.051

 ======================================================================
 Harvesting Output
 ======================================================================

 ......................................................................
 harvest type                        input grid area output grid area
                                       10**6 km**2      10**6 km**2
 ......................................................................

           HARVEST_VH1                        15.026           15.026
           HARVEST_VH2                         2.973            2.973
           HARVEST_SH1                         8.582            8.582
           HARVEST_SH2                        14.167           14.167
           HARVEST_SH3                        88.769           88.769
           GRAZING                        -15678.115       -15678.115

 ======================================================================
 Urban Output -- class 1
 ======================================================================

 ......................................................................
 surface type   input grid area  output grid area
                  10**6 km**2      10**6 km**2   
 ......................................................................

 urban                0.001            0.00056186
 all surface        510.100          510.100

 ======================================================================
 Urban Output -- class 2
 ======================================================================

 ......................................................................
 surface type   input grid area  output grid area
                  10**6 km**2      10**6 km**2   
 ......................................................................

 urban                0.187            0.18394179
 all surface        510.100          510.100

 ======================================================================
 Urban Output -- class 3
 ======================================================================

 ......................................................................
 surface type   input grid area  output grid area
                  10**6 km**2      10**6 km**2   
 ......................................................................

 urban                0.795            0.78082365
 all surface        510.100          510.100

 ======================================================================
 Urban Region ID Output
 ======================================================================

 ......................................................................
 index      input grid area  output grid area
                10**6 km**2       10**6 km**2
 ......................................................................

         1            1.582             1.599
         2            7.809             7.809
         3            8.559             8.539
         4            6.609             6.567
         5            5.680             5.711
         6           10.158            10.140
         7            0.295             0.291
         8            9.436             9.440
         9            5.824             5.810
        10            0.712             0.717
        11            2.181             2.156
        12            2.251             2.250
        13            3.194             3.223
        14            2.548             2.557
        15            6.032             6.035
        16            9.509             9.583
        17            1.240             1.293
        18            0.842             0.862
        19            1.774             1.776
        20            1.281             1.185
        21            1.025             1.051
        22           17.019            17.021
        23            3.087             3.117
        24            1.943             1.908
        25            1.405             1.368
        26            1.296             1.281
        27            4.844             4.809
        28            1.122             1.111
        29            1.801             1.873
        30            4.210             4.219
        31            5.183             5.194
        32            5.043             4.986
        33            1.118             1.129

 ======================================================================
 PFTs Output
 ======================================================================

 ......................................................................
 plant type                          input grid area output grid area
                                       10**6 km**2      10**6 km**2
 ......................................................................

 not vegetated                                 0.000           42.362
 needleleaf evergreen temperate tree           0.000            5.829
 needleleaf evergreen boreal tree              0.000            6.536
 needleleaf deciduous boreal tree              0.000            2.123
 broadleaf evergreen tropical tree             0.000           15.066
 broadleaf evergreen temperate tree            0.000            1.428
 broadleaf deciduous tropical tree             0.000            1.758
 broadleaf deciduous temperate tree            0.000            3.339
 broadleaf deciduous boreal tree               0.000            1.205
 broadleaf evergreen shrub                     0.000            0.041
 broadleaf deciduous temperate shrub           0.000            4.615
 broadleaf deciduous boreal shrub              0.000            5.177
 c3 arctic grass                               0.000            9.993
 c3 non-arctic grass                           0.000           17.142
 c4 grass                                      0.000           21.457
 c3_crop                                       0.000            0.032
 c3_irrigated                                  0.000            0.000
 temperate_corn                                0.000            0.835
 irrigated_temperate_corn                      0.000            0.223
 spring_wheat                                  0.000            2.252
 irrigated_spring_wheat                        0.000            0.734
 winter_wheat                                  0.000            0.000
 irrigated_winter_wheat                        0.000            0.000
 temperate_soybean                             0.000            0.578
 irrigated_temperate_soybean                   0.000            0.074
 barley                                        0.000            0.809
 irrigated_barley                              0.000            0.097
 winter_barley                                 0.000            0.000
 irrigated_winter_barley                       0.000            0.000
 rye                                           0.000            0.122
 irrigated_rye                                 0.000            0.006
 winter_rye                                    0.000            0.000
 irrigated_winter_rye                          0.000            0.000
 cassava                                       0.000            0.260
 irrigated_cassava                             0.000            0.022
 citrus                                        0.000            0.133
 irrigated citrus                              0.000            0.078
 cocoa                                         0.000            0.149
 irrigated_cocoa                               0.000            0.006
 coffee                                        0.000            0.327
 irrigated_coffee                              0.000            0.031
 cotton                                        0.000            0.152
 irrigated_cotton                              0.000            0.083
 datepalm                                      0.000            0.019
 irrigated_datepalm                            0.000            0.019
 foddergrass                                   0.000            1.703
 irrigated_foddergrass                         0.000            0.303
 grapes                                        0.000            0.145
 irrigated_grapes                              0.000            0.051
 groundnuts                                    0.000            0.393
 irrigated_groundnuts                          0.000            0.072
 millet                                        0.000            0.681
 irrigated_millet                              0.000            0.097
 oilpalm                                       0.000            0.269
 irrigated_oilpalm                             0.000            0.014
 potatoes                                      0.000            0.295
 irrigated_potatoes                            0.000            0.062
 pulses                                        0.000            1.068
 irrigated_pulses                              0.000            0.278
 rapeseed                                      0.000            0.218
 irrigated_rapeseed                            0.000            0.067
 rice                                          0.000            1.551
 irrigated_rice                                0.000            0.729
 sorghum                                       0.000            0.780
 irrigated_sorghum                             0.000            0.166
 sugarbeet                                     0.000            0.063
 irrigated_sugarbeet                           0.000            0.013
 sugarcane                                     0.000            0.222
 irrigated_sugarcane                           0.000            0.078
 sunflower                                     0.000            0.298
 irrigated_sunflower                           0.000            0.059
 miscanthus                                    0.000            0.000
 irrigated_miscanthus                          0.000            0.000
 switchgrass                                   0.000            0.000
 irrigated_switchgrass                         0.000            0.000
 tropical_corn                                 0.000            1.378
 irrigated_tropical_corn                       0.000            0.206
 tropical_soybean                              0.000            0.373
 irrigated_tropical_soybean                    0.000            0.052

 ======================================================================
 Harvesting Output
 ======================================================================

 ......................................................................
 harvest type                        input grid area output grid area
                                       10**6 km**2      10**6 km**2
 ......................................................................

           HARVEST_VH1                        15.111           15.111
           HARVEST_VH2                         2.926            2.926
           HARVEST_SH1                         8.599            8.599
           HARVEST_SH2                        14.265           14.265
           HARVEST_SH3                        88.847           88.847
           GRAZING                        -15678.115       -15678.115

 ======================================================================
 Urban Output -- class 1
 ======================================================================

 ......................................................................
 surface type   input grid area  output grid area
                  10**6 km**2      10**6 km**2   
 ......................................................................

 urban                0.001            0.00056256
 all surface        510.100          510.100

 ======================================================================
 Urban Output -- class 2
 ======================================================================

 ......................................................................
 surface type   input grid area  output grid area
                  10**6 km**2      10**6 km**2   
 ......................................................................

 urban                0.188            0.18529495
 all surface        510.100          510.100

 ======================================================================
 Urban Output -- class 3
 ======================================================================

 ......................................................................
 surface type   input grid area  output grid area
                  10**6 km**2      10**6 km**2   
 ......................................................................

 urban                0.801            0.78710358
 all surface        510.100          510.100

 ======================================================================
 Urban Region ID Output
 ======================================================================

 ......................................................................
 index      input grid area  output grid area
                10**6 km**2       10**6 km**2
 ......................................................................

         1            1.582             1.599
         2            7.809             7.809
         3            8.559             8.539
         4            6.609             6.567
         5            5.680             5.711
         6           10.158            10.140
         7            0.295             0.291
         8            9.436             9.440
         9            5.824             5.810
        10            0.712             0.717
        11            2.181             2.156
        12            2.251             2.250
        13            3.194             3.223
        14            2.548             2.557
        15            6.032             6.035
        16            9.509             9.583
        17            1.240             1.293
        18            0.842             0.862
        19            1.774             1.776
        20            1.281             1.185
        21            1.025             1.051
        22           17.019            17.021
        23            3.087             3.117
        24            1.943             1.908
        25            1.405             1.368
        26            1.296             1.281
        27            4.844             4.809
        28            1.122             1.111
        29            1.801             1.873
        30            4.210             4.219
        31            5.183             5.194
        32            5.043             4.986
        33            1.118             1.129

 ======================================================================
 PFTs Output
 ======================================================================

 ......................................................................
 plant type                          input grid area output grid area
                                       10**6 km**2      10**6 km**2
 ......................................................................

 not vegetated                                 0.000           42.342
 needleleaf evergreen temperate tree           0.000            5.832
 needleleaf evergreen boreal tree              0.000            6.535
 needleleaf deciduous boreal tree              0.000            2.123
 broadleaf evergreen tropical tree             0.000           15.035
 broadleaf evergreen temperate tree            0.000            1.427
 broadleaf deciduous tropical tree             0.000            1.749
 broadleaf deciduous temperate tree            0.000            3.338
 broadleaf deciduous boreal tree               0.000            1.206
 broadleaf evergreen shrub                     0.000            0.041
 broadleaf deciduous temperate shrub           0.000            4.611
 broadleaf deciduous boreal shrub              0.000            5.177
 c3 arctic grass                               0.000            9.993
 c3 non-arctic grass                           0.000           17.140
 c4 grass                                      0.000           21.439
 c3_crop                                       0.000            0.033
 c3_irrigated                                  0.000            0.000
 temperate_corn                                0.000            0.835
 irrigated_temperate_corn                      0.000            0.223
 spring_wheat                                  0.000            2.252
 irrigated_spring_wheat                        0.000            0.737
 winter_wheat                                  0.000            0.000
 irrigated_winter_wheat                        0.000            0.000
 temperate_soybean                             0.000            0.578
 irrigated_temperate_soybean                   0.000            0.074
 barley                                        0.000            0.809
 irrigated_barley                              0.000            0.098
 winter_barley                                 0.000            0.000
 irrigated_winter_barley                       0.000            0.000
 rye                                           0.000            0.122
 irrigated_rye                                 0.000            0.006
 winter_rye                                    0.000            0.000
 irrigated_winter_rye                          0.000            0.000
 cassava                                       0.000            0.262
 irrigated_cassava                             0.000            0.022
 citrus                                        0.000            0.133
 irrigated citrus                              0.000            0.079
 cocoa                                         0.000            0.151
 irrigated_cocoa                               0.000            0.006
 coffee                                        0.000            0.328
 irrigated_coffee                              0.000            0.031
 cotton                                        0.000            0.153
 irrigated_cotton                              0.000            0.083
 datepalm                                      0.000            0.020
 irrigated_datepalm                            0.000            0.019
 foddergrass                                   0.000            1.710
 irrigated_foddergrass                         0.000            0.306
 grapes                                        0.000            0.145
 irrigated_grapes                              0.000            0.051
 groundnuts                                    0.000            0.398
 irrigated_groundnuts                          0.000            0.072
 millet                                        0.000            0.690
 irrigated_millet                              0.000            0.099
 oilpalm                                       0.000            0.271
 irrigated_oilpalm                             0.000            0.014
 potatoes                                      0.000            0.296
 irrigated_potatoes                            0.000            0.062
 pulses                                        0.000            1.074
 irrigated_pulses                              0.000            0.280
 rapeseed                                      0.000            0.217
 irrigated_rapeseed                            0.000            0.067
 rice                                          0.000            1.555
 irrigated_rice                                0.000            0.729
 sorghum                                       0.000            0.789
 irrigated_sorghum                             0.000            0.169
 sugarbeet                                     0.000            0.063
 irrigated_sugarbeet                           0.000            0.013
 sugarcane                                     0.000            0.223
 irrigated_sugarcane                           0.000            0.078
 sunflower                                     0.000            0.299
 irrigated_sunflower                           0.000            0.059
 miscanthus                                    0.000            0.000
 irrigated_miscanthus                          0.000            0.000
 switchgrass                                   0.000            0.000
 irrigated_switchgrass                         0.000            0.000
 tropical_corn                                 0.000            1.394
 irrigated_tropical_corn                       0.000            0.208
 tropical_soybean                              0.000            0.374
 irrigated_tropical_soybean                    0.000            0.052

 ======================================================================
 Harvesting Output
 ======================================================================

 ......................................................................
 harvest type                        input grid area output grid area
                                       10**6 km**2      10**6 km**2
 ......................................................................

           HARVEST_VH1                        15.186           15.186
           HARVEST_VH2                         2.860            2.860
           HARVEST_SH1                         8.614            8.614
           HARVEST_SH2                        14.355           14.355
           HARVEST_SH3                        88.852           88.852
           GRAZING                        -15678.115       -15678.115

 ======================================================================
 Urban Output -- class 1
 ======================================================================

 ......................................................................
 surface type   input grid area  output grid area
                  10**6 km**2      10**6 km**2   
 ......................................................................

 urban                0.001            0.00056326
 all surface        510.100          510.100

 ======================================================================
 Urban Output -- class 2
 ======================================================================

 ......................................................................
 surface type   input grid area  output grid area
                  10**6 km**2      10**6 km**2   
 ......................................................................

 urban                0.190            0.18664626
 all surface        510.100          510.100

 ======================================================================
 Urban Output -- class 3
 ======================================================================

 ......................................................................
 surface type   input grid area  output grid area
                  10**6 km**2      10**6 km**2   
 ......................................................................

 urban                0.807            0.79341830
 all surface        510.100          510.100

 ======================================================================
 Urban Region ID Output
 ======================================================================

 ......................................................................
 index      input grid area  output grid area
                10**6 km**2       10**6 km**2
 ......................................................................

         1            1.582             1.599
         2            7.809             7.809
         3            8.559             8.539
         4            6.609             6.567
         5            5.680             5.711
         6           10.158            10.140
         7            0.295             0.291
         8            9.436             9.440
         9            5.824             5.810
        10            0.712             0.717
        11            2.181             2.156
        12            2.251             2.250
        13            3.194             3.223
        14            2.548             2.557
        15            6.032             6.035
        16            9.509             9.583
        17            1.240             1.293
        18            0.842             0.862
        19            1.774             1.776
        20            1.281             1.185
        21            1.025             1.051
        22           17.019            17.021
        23            3.087             3.117
        24            1.943             1.908
        25            1.405             1.368
        26            1.296             1.281
        27            4.844             4.809
        28            1.122             1.111
        29            1.801             1.873
        30            4.210             4.219
        31            5.183             5.194
        32            5.043             4.986
        33            1.118             1.129

 ======================================================================
 PFTs Output
 ======================================================================

 ......................................................................
 plant type                          input grid area output grid area
                                       10**6 km**2      10**6 km**2
 ......................................................................

 not vegetated                                 0.000           42.326
 needleleaf evergreen temperate tree           0.000            5.834
 needleleaf evergreen boreal tree              0.000            6.534
 needleleaf deciduous boreal tree              0.000            2.123
 broadleaf evergreen tropical tree             0.000           14.999
 broadleaf evergreen temperate tree            0.000            1.426
 broadleaf deciduous tropical tree             0.000            1.742
 broadleaf deciduous temperate tree            0.000            3.338
 broadleaf deciduous boreal tree               0.000            1.206
 broadleaf evergreen shrub                     0.000            0.041
 broadleaf deciduous temperate shrub           0.000            4.610
 broadleaf deciduous boreal shrub              0.000            5.177
 c3 arctic grass                               0.000            9.993
 c3 non-arctic grass                           0.000           17.139
 c4 grass                                      0.000           21.426
 c3_crop                                       0.000            0.033
 c3_irrigated                                  0.000            0.000
 temperate_corn                                0.000            0.834
 irrigated_temperate_corn                      0.000            0.224
 spring_wheat                                  0.000            2.251
 irrigated_spring_wheat                        0.000            0.739
 winter_wheat                                  0.000            0.000
 irrigated_winter_wheat                        0.000            0.000
 temperate_soybean                             0.000            0.578
 irrigated_temperate_soybean                   0.000            0.074
 barley                                        0.000            0.809
 irrigated_barley                              0.000            0.099
 winter_barley                                 0.000            0.000
 irrigated_winter_barley                       0.000            0.000
 rye                                           0.000            0.122
 irrigated_rye                                 0.000            0.006
 winter_rye                                    0.000            0.000
 irrigated_winter_rye                          0.000            0.000
 cassava                                       0.000            0.265
 irrigated_cassava                             0.000            0.022
 citrus                                        0.000            0.132
 irrigated citrus                              0.000            0.079
 cocoa                                         0.000            0.152
 irrigated_cocoa                               0.000            0.006
 coffee                                        0.000            0.330
 irrigated_coffee                              0.000            0.031
 cotton                                        0.000            0.153
 irrigated_cotton                              0.000            0.083
 datepalm                                      0.000            0.020
 irrigated_datepalm                            0.000            0.019
 foddergrass                                   0.000            1.717
 irrigated_foddergrass                         0.000            0.307
 grapes                                        0.000            0.145
 irrigated_grapes                              0.000            0.051
 groundnuts                                    0.000            0.403
 irrigated_groundnuts                          0.000            0.073
 millet                                        0.000            0.698
 irrigated_millet                              0.000            0.099
 oilpalm                                       0.000            0.272
 irrigated_oilpalm                             0.000            0.014
 potatoes                                      0.000            0.297
 irrigated_potatoes                            0.000            0.063
 pulses                                        0.000            1.081
 irrigated_pulses                              0.000            0.282
 rapeseed                                      0.000            0.217
 irrigated_rapeseed                            0.000            0.067
 rice                                          0.000            1.559
 irrigated_rice                                0.000            0.729
 sorghum                                       0.000            0.798
 irrigated_sorghum                             0.000            0.170
 sugarbeet                                     0.000            0.063
 irrigated_sugarbeet                           0.000            0.013
 sugarcane                                     0.000            0.223
 irrigated_sugarcane                           0.000            0.078
 sunflower                                     0.000            0.300
 irrigated_sunflower                           0.000            0.059
 miscanthus                                    0.000            0.000
 irrigated_miscanthus                          0.000            0.000
 switchgrass                                   0.000            0.000
 irrigated_switchgrass                         0.000            0.000
 tropical_corn                                 0.000            1.407
 irrigated_tropical_corn                       0.000            0.209
 tropical_soybean                              0.000            0.374
 irrigated_tropical_soybean                    0.000            0.052

 ======================================================================
 Harvesting Output
 ======================================================================

 ......................................................................
 harvest type                        input grid area output grid area
                                       10**6 km**2      10**6 km**2
 ......................................................................

           HARVEST_VH1                        15.292           15.292
           HARVEST_VH2                         2.770            2.770
           HARVEST_SH1                         8.608            8.608
           HARVEST_SH2                        14.462           14.462
           HARVEST_SH3                        88.912           88.912
           GRAZING                        -15678.115       -15678.115

 ======================================================================
 Urban Output -- class 1
 ======================================================================

 ......................................................................
 surface type   input grid area  output grid area
                  10**6 km**2      10**6 km**2   
 ......................................................................

 urban                0.001            0.00056396
 all surface        510.100          510.100

 ======================================================================
 Urban Output -- class 2
 ======================================================================

 ......................................................................
 surface type   input grid area  output grid area
                  10**6 km**2      10**6 km**2   
 ......................................................................

 urban                0.191            0.18799722
 all surface        510.100          510.100

 ======================================================================
 Urban Output -- class 3
 ======================================================================

 ......................................................................
 surface type   input grid area  output grid area
                  10**6 km**2      10**6 km**2   
 ......................................................................

 urban                0.814            0.79966261
 all surface        510.100          510.100

 ======================================================================
 Urban Region ID Output
 ======================================================================

 ......................................................................
 index      input grid area  output grid area
                10**6 km**2       10**6 km**2
 ......................................................................

         1            1.582             1.599
         2            7.809             7.809
         3            8.559             8.539
         4            6.609             6.567
         5            5.680             5.711
         6           10.158            10.140
         7            0.295             0.291
         8            9.436             9.440
         9            5.824             5.810
        10            0.712             0.717
        11            2.181             2.156
        12            2.251             2.250
        13            3.194             3.223
        14            2.548             2.557
        15            6.032             6.035
        16            9.509             9.583
        17            1.240             1.293
        18            0.842             0.862
        19            1.774             1.776
        20            1.281             1.185
        21            1.025             1.051
        22           17.019            17.021
        23            3.087             3.117
        24            1.943             1.908
        25            1.405             1.368
        26            1.296             1.281
        27            4.844             4.809
        28            1.122             1.111
        29            1.801             1.873
        30            4.210             4.219
        31            5.183             5.194
        32            5.043             4.986
        33            1.118             1.129

 ======================================================================
 PFTs Output
 ======================================================================

 ......................................................................
 plant type                          input grid area output grid area
                                       10**6 km**2      10**6 km**2
 ......................................................................

 not vegetated                                 0.000           42.310
 needleleaf evergreen temperate tree           0.000            5.835
 needleleaf evergreen boreal tree              0.000            6.533
 needleleaf deciduous boreal tree              0.000            2.123
 broadleaf evergreen tropical tree             0.000           14.963
 broadleaf evergreen temperate tree            0.000            1.426
 broadleaf deciduous tropical tree             0.000            1.734
 broadleaf deciduous temperate tree            0.000            3.338
 broadleaf deciduous boreal tree               0.000            1.206
 broadleaf evergreen shrub                     0.000            0.041
 broadleaf deciduous temperate shrub           0.000            4.608
 broadleaf deciduous boreal shrub              0.000            5.177
 c3 arctic grass                               0.000            9.994
 c3 non-arctic grass                           0.000           17.138
 c4 grass                                      0.000           21.412
 c3_crop                                       0.000            0.034
 c3_irrigated                                  0.000            0.000
 temperate_corn                                0.000            0.834
 irrigated_temperate_corn                      0.000            0.224
 spring_wheat                                  0.000            2.251
 irrigated_spring_wheat                        0.000            0.742
 winter_wheat                                  0.000            0.000
 irrigated_winter_wheat                        0.000            0.000
 temperate_soybean                             0.000            0.579
 irrigated_temperate_soybean                   0.000            0.075
 barley                                        0.000            0.810
 irrigated_barley                              0.000            0.099
 winter_barley                                 0.000            0.000
 irrigated_winter_barley                       0.000            0.000
 rye                                           0.000            0.122
 irrigated_rye                                 0.000            0.006
 winter_rye                                    0.000            0.000
 irrigated_winter_rye                          0.000            0.000
 cassava                                       0.000            0.268
 irrigated_cassava                             0.000            0.022
 citrus                                        0.000            0.132
 irrigated citrus                              0.000            0.079
 cocoa                                         0.000            0.154
 irrigated_cocoa                               0.000            0.006
 coffee                                        0.000            0.331
 irrigated_coffee                              0.000            0.031
 cotton                                        0.000            0.154
 irrigated_cotton                              0.000            0.083
 datepalm                                      0.000            0.020
 irrigated_datepalm                            0.000            0.020
 foddergrass                                   0.000            1.724
 irrigated_foddergrass                         0.000            0.308
 grapes                                        0.000            0.146
 irrigated_grapes                              0.000            0.051
 groundnuts                                    0.000            0.408
 irrigated_groundnuts                          0.000            0.073
 millet                                        0.000            0.706
 irrigated_millet                              0.000            0.100
 oilpalm                                       0.000            0.273
 irrigated_oilpalm                             0.000            0.014
 potatoes                                      0.000            0.299
 irrigated_potatoes                            0.000            0.063
 pulses                                        0.000            1.088
 irrigated_pulses                              0.000            0.283
 rapeseed                                      0.000            0.216
 irrigated_rapeseed                            0.000            0.067
 rice                                          0.000            1.563
 irrigated_rice                                0.000            0.729
 sorghum                                       0.000            0.808
 irrigated_sorghum                             0.000            0.172
 sugarbeet                                     0.000            0.062
 irrigated_sugarbeet                           0.000            0.013
 sugarcane                                     0.000            0.223
 irrigated_sugarcane                           0.000            0.078
 sunflower                                     0.000            0.300
 irrigated_sunflower                           0.000            0.059
 miscanthus                                    0.000            0.000
 irrigated_miscanthus                          0.000            0.000
 switchgrass                                   0.000            0.000
 irrigated_switchgrass                         0.000            0.000
 tropical_corn                                 0.000            1.420
 irrigated_tropical_corn                       0.000            0.211
 tropical_soybean                              0.000            0.375
 irrigated_tropical_soybean                    0.000            0.052

 ======================================================================
 Harvesting Output
 ======================================================================

 ......................................................................
 harvest type                        input grid area output grid area
                                       10**6 km**2      10**6 km**2
 ......................................................................

           HARVEST_VH1                        15.286           15.286
           HARVEST_VH2                         2.947            2.947
           HARVEST_SH1                         8.628            8.628
           HARVEST_SH2                        14.108           14.108
           HARVEST_SH3                        89.467           89.467
           GRAZING                        -15678.115       -15678.115

 ======================================================================
 Urban Output -- class 1
 ======================================================================

 ......................................................................
 surface type   input grid area  output grid area
                  10**6 km**2      10**6 km**2   
 ......................................................................

 urban                0.001            0.00056466
 all surface        510.100          510.100

 ======================================================================
 Urban Output -- class 2
 ======================================================================

 ......................................................................
 surface type   input grid area  output grid area
                  10**6 km**2      10**6 km**2   
 ......................................................................

 urban                0.193            0.18935505
 all surface        510.100          510.100

 ======================================================================
 Urban Output -- class 3
 ======================================================================

 ......................................................................
 surface type   input grid area  output grid area
                  10**6 km**2      10**6 km**2   
 ......................................................................

 urban                0.820            0.80594097
 all surface        510.100          510.100

 ======================================================================
 Urban Region ID Output
 ======================================================================

 ......................................................................
 index      input grid area  output grid area
                10**6 km**2       10**6 km**2
 ......................................................................

         1            1.582             1.599
         2            7.809             7.809
         3            8.559             8.539
         4            6.609             6.567
         5            5.680             5.711
         6           10.158            10.140
         7            0.295             0.291
         8            9.436             9.440
         9            5.824             5.810
        10            0.712             0.717
        11            2.181             2.156
        12            2.251             2.250
        13            3.194             3.223
        14            2.548             2.557
        15            6.032             6.035
        16            9.509             9.583
        17            1.240             1.293
        18            0.842             0.862
        19            1.774             1.776
        20            1.281             1.185
        21            1.025             1.051
        22           17.019            17.021
        23            3.087             3.117
        24            1.943             1.908
        25            1.405             1.368
        26            1.296             1.281
        27            4.844             4.809
        28            1.122             1.111
        29            1.801             1.873
        30            4.210             4.219
        31            5.183             5.194
        32            5.043             4.986
        33            1.118             1.129

 ======================================================================
 PFTs Output
 ======================================================================

 ......................................................................
 plant type                          input grid area output grid area
                                       10**6 km**2      10**6 km**2
 ......................................................................

 not vegetated                                 0.000           42.294
 needleleaf evergreen temperate tree           0.000            5.837
 needleleaf evergreen boreal tree              0.000            6.532
 needleleaf deciduous boreal tree              0.000            2.123
 broadleaf evergreen tropical tree             0.000           14.927
 broadleaf evergreen temperate tree            0.000            1.425
 broadleaf deciduous tropical tree             0.000            1.727
 broadleaf deciduous temperate tree            0.000            3.338
 broadleaf deciduous boreal tree               0.000            1.207
 broadleaf evergreen shrub                     0.000            0.041
 broadleaf deciduous temperate shrub           0.000            4.607
 broadleaf deciduous boreal shrub              0.000            5.177
 c3 arctic grass                               0.000            9.994
 c3 non-arctic grass                           0.000           17.136
 c4 grass                                      0.000           21.399
 c3_crop                                       0.000            0.034
 c3_irrigated                                  0.000            0.000
 temperate_corn                                0.000            0.833
 irrigated_temperate_corn                      0.000            0.225
 spring_wheat                                  0.000            2.251
 irrigated_spring_wheat                        0.000            0.745
 winter_wheat                                  0.000            0.000
 irrigated_winter_wheat                        0.000            0.000
 temperate_soybean                             0.000            0.579
 irrigated_temperate_soybean                   0.000            0.075
 barley                                        0.000            0.810
 irrigated_barley                              0.000            0.099
 winter_barley                                 0.000            0.000
 irrigated_winter_barley                       0.000            0.000
 rye                                           0.000            0.122
 irrigated_rye                                 0.000            0.006
 winter_rye                                    0.000            0.000
 irrigated_winter_rye                          0.000            0.000
 cassava                                       0.000            0.271
 irrigated_cassava                             0.000            0.022
 citrus                                        0.000            0.132
 irrigated citrus                              0.000            0.079
 cocoa                                         0.000            0.155
 irrigated_cocoa                               0.000            0.006
 coffee                                        0.000            0.333
 irrigated_coffee                              0.000            0.031
 cotton                                        0.000            0.155
 irrigated_cotton                              0.000            0.083
 datepalm                                      0.000            0.020
 irrigated_datepalm                            0.000            0.020
 foddergrass                                   0.000            1.731
 irrigated_foddergrass                         0.000            0.310
 grapes                                        0.000            0.146
 irrigated_grapes                              0.000            0.051
 groundnuts                                    0.000            0.413
 irrigated_groundnuts                          0.000            0.074
 millet                                        0.000            0.713
 irrigated_millet                              0.000            0.101
 oilpalm                                       0.000            0.274
 irrigated_oilpalm                             0.000            0.014
 potatoes                                      0.000            0.300
 irrigated_potatoes                            0.000            0.063
 pulses                                        0.000            1.095
 irrigated_pulses                              0.000            0.284
 rapeseed                                      0.000            0.216
 irrigated_rapeseed                            0.000            0.067
 rice                                          0.000            1.567
 irrigated_rice                                0.000            0.729
 sorghum                                       0.000            0.818
 irrigated_sorghum                             0.000            0.174
 sugarbeet                                     0.000            0.062
 irrigated_sugarbeet                           0.000            0.013
 sugarcane                                     0.000            0.223
 irrigated_sugarcane                           0.000            0.078
 sunflower                                     0.000            0.301
 irrigated_sunflower                           0.000            0.060
 miscanthus                                    0.000            0.000
 irrigated_miscanthus                          0.000            0.000
 switchgrass                                   0.000            0.000
 irrigated_switchgrass                         0.000            0.000
 tropical_corn                                 0.000            1.433
 irrigated_tropical_corn                       0.000            0.212
 tropical_soybean                              0.000            0.376
 irrigated_tropical_soybean                    0.000            0.052

 ======================================================================
 Harvesting Output
 ======================================================================

 ......................................................................
 harvest type                        input grid area output grid area
                                       10**6 km**2      10**6 km**2
 ......................................................................

           HARVEST_VH1                        15.238           15.238
           HARVEST_VH2                         2.998            2.998
           HARVEST_SH1                         8.634            8.634
           HARVEST_SH2                        13.769           13.769
           HARVEST_SH3                        89.896           89.896
           GRAZING                        -15678.115       -15678.115

 ======================================================================
 Urban Output -- class 1
 ======================================================================

 ......................................................................
 surface type   input grid area  output grid area
                  10**6 km**2      10**6 km**2   
 ......................................................................

 urban                0.001            0.00056653
 all surface        510.100          510.100

 ======================================================================
 Urban Output -- class 2
 ======================================================================

 ......................................................................
 surface type   input grid area  output grid area
                  10**6 km**2      10**6 km**2   
 ......................................................................

 urban                0.194            0.19071477
 all surface        510.100          510.100

 ======================================================================
 Urban Output -- class 3
 ======================================================================

 ......................................................................
 surface type   input grid area  output grid area
                  10**6 km**2      10**6 km**2   
 ......................................................................

 urban                0.826            0.81226973
 all surface        510.100          510.100

 ======================================================================
 Urban Region ID Output
 ======================================================================

 ......................................................................
 index      input grid area  output grid area
                10**6 km**2       10**6 km**2
 ......................................................................

         1            1.582             1.599
         2            7.809             7.809
         3            8.559             8.539
         4            6.609             6.567
         5            5.680             5.711
         6           10.158            10.140
         7            0.295             0.291
         8            9.436             9.440
         9            5.824             5.810
        10            0.712             0.717
        11            2.181             2.156
        12            2.251             2.250
        13            3.194             3.223
        14            2.548             2.557
        15            6.032             6.035
        16            9.509             9.583
        17            1.240             1.293
        18            0.842             0.862
        19            1.774             1.776
        20            1.281             1.185
        21            1.025             1.051
        22           17.019            17.021
        23            3.087             3.117
        24            1.943             1.908
        25            1.405             1.368
        26            1.296             1.281
        27            4.844             4.809
        28            1.122             1.111
        29            1.801             1.873
        30            4.210             4.219
        31            5.183             5.194
        32            5.043             4.986
        33            1.118             1.129

 ======================================================================
 PFTs Output
 ======================================================================

 ......................................................................
 plant type                          input grid area output grid area
                                       10**6 km**2      10**6 km**2
 ......................................................................

 not vegetated                                 0.000           42.277
 needleleaf evergreen temperate tree           0.000            5.838
 needleleaf evergreen boreal tree              0.000            6.530
 needleleaf deciduous boreal tree              0.000            2.123
 broadleaf evergreen tropical tree             0.000           14.891
 broadleaf evergreen temperate tree            0.000            1.424
 broadleaf deciduous tropical tree             0.000            1.719
 broadleaf deciduous temperate tree            0.000            3.338
 broadleaf deciduous boreal tree               0.000            1.207
 broadleaf evergreen shrub                     0.000            0.041
 broadleaf deciduous temperate shrub           0.000            4.605
 broadleaf deciduous boreal shrub              0.000            5.177
 c3 arctic grass                               0.000            9.994
 c3 non-arctic grass                           0.000           17.135
 c4 grass                                      0.000           21.386
 c3_crop                                       0.000            0.035
 c3_irrigated                                  0.000            0.000
 temperate_corn                                0.000            0.833
 irrigated_temperate_corn                      0.000            0.226
 spring_wheat                                  0.000            2.251
 irrigated_spring_wheat                        0.000            0.748
 winter_wheat                                  0.000            0.000
 irrigated_winter_wheat                        0.000            0.000
 temperate_soybean                             0.000            0.579
 irrigated_temperate_soybean                   0.000            0.075
 barley                                        0.000            0.810
 irrigated_barley                              0.000            0.100
 winter_barley                                 0.000            0.000
 irrigated_winter_barley                       0.000            0.000
 rye                                           0.000            0.122
 irrigated_rye                                 0.000            0.007
 winter_rye                                    0.000            0.000
 irrigated_winter_rye                          0.000            0.000
 cassava                                       0.000            0.275
 irrigated_cassava                             0.000            0.022
 citrus                                        0.000            0.132
 irrigated citrus                              0.000            0.079
 cocoa                                         0.000            0.157
 irrigated_cocoa                               0.000            0.006
 coffee                                        0.000            0.334
 irrigated_coffee                              0.000            0.031
 cotton                                        0.000            0.156
 irrigated_cotton                              0.000            0.084
 datepalm                                      0.000            0.020
 irrigated_datepalm                            0.000            0.020
 foddergrass                                   0.000            1.738
 irrigated_foddergrass                         0.000            0.311
 grapes                                        0.000            0.146
 irrigated_grapes                              0.000            0.051
 groundnuts                                    0.000            0.418
 irrigated_groundnuts                          0.000            0.074
 millet                                        0.000            0.721
 irrigated_millet                              0.000            0.102
 oilpalm                                       0.000            0.275
 irrigated_oilpalm                             0.000            0.014
 potatoes                                      0.000            0.301
 irrigated_potatoes                            0.000            0.063
 pulses                                        0.000            1.101
 irrigated_pulses                              0.000            0.286
 rapeseed                                      0.000            0.216
 irrigated_rapeseed                            0.000            0.067
 rice                                          0.000            1.571
 irrigated_rice                                0.000            0.729
 sorghum                                       0.000            0.827
 irrigated_sorghum                             0.000            0.175
 sugarbeet                                     0.000            0.062
 irrigated_sugarbeet                           0.000            0.013
 sugarcane                                     0.000            0.224
 irrigated_sugarcane                           0.000            0.078
 sunflower                                     0.000            0.301
 irrigated_sunflower                           0.000            0.060
 miscanthus                                    0.000            0.000
 irrigated_miscanthus                          0.000            0.000
 switchgrass                                   0.000            0.000
 irrigated_switchgrass                         0.000            0.000
 tropical_corn                                 0.000            1.445
 irrigated_tropical_corn                       0.000            0.214
 tropical_soybean                              0.000            0.376
 irrigated_tropical_soybean                    0.000            0.052

 ======================================================================
 Harvesting Output
 ======================================================================

 ......................................................................
 harvest type                        input grid area output grid area
                                       10**6 km**2      10**6 km**2
 ......................................................................

           HARVEST_VH1                        15.491           15.491
           HARVEST_VH2                         2.859            2.859
           HARVEST_SH1                         8.774            8.774
           HARVEST_SH2                        13.807           13.807
           HARVEST_SH3                        89.978           89.978
           GRAZING                        -15678.115       -15678.115

 ======================================================================
 Urban Output -- class 1
 ======================================================================

 ......................................................................
 surface type   input grid area  output grid area
                  10**6 km**2      10**6 km**2   
 ......................................................................

 urban                0.001            0.00056723
 all surface        510.100          510.100

 ======================================================================
 Urban Output -- class 2
 ======================================================================

 ......................................................................
 surface type   input grid area  output grid area
                  10**6 km**2      10**6 km**2   
 ......................................................................

 urban                0.195            0.19205327
 all surface        510.100          510.100

 ======================================================================
 Urban Output -- class 3
 ======================================================================

 ......................................................................
 surface type   input grid area  output grid area
                  10**6 km**2      10**6 km**2   
 ......................................................................

 urban                0.833            0.81851498
 all surface        510.100          510.100

 ======================================================================
 Urban Region ID Output
 ======================================================================

 ......................................................................
 index      input grid area  output grid area
                10**6 km**2       10**6 km**2
 ......................................................................

         1            1.582             1.599
         2            7.809             7.809
         3            8.559             8.539
         4            6.609             6.567
         5            5.680             5.711
         6           10.158            10.140
         7            0.295             0.291
         8            9.436             9.440
         9            5.824             5.810
        10            0.712             0.717
        11            2.181             2.156
        12            2.251             2.250
        13            3.194             3.223
        14            2.548             2.557
        15            6.032             6.035
        16            9.509             9.583
        17            1.240             1.293
        18            0.842             0.862
        19            1.774             1.776
        20            1.281             1.185
        21            1.025             1.051
        22           17.019            17.021
        23            3.087             3.117
        24            1.943             1.908
        25            1.405             1.368
        26            1.296             1.281
        27            4.844             4.809
        28            1.122             1.111
        29            1.801             1.873
        30            4.210             4.219
        31            5.183             5.194
        32            5.043             4.986
        33            1.118             1.129

 ======================================================================
 PFTs Output
 ======================================================================

 ......................................................................
 plant type                          input grid area output grid area
                                       10**6 km**2      10**6 km**2
 ......................................................................

 not vegetated                                 0.000           42.261
 needleleaf evergreen temperate tree           0.000            5.840
 needleleaf evergreen boreal tree              0.000            6.529
 needleleaf deciduous boreal tree              0.000            2.123
 broadleaf evergreen tropical tree             0.000           14.855
 broadleaf evergreen temperate tree            0.000            1.423
 broadleaf deciduous tropical tree             0.000            1.712
 broadleaf deciduous temperate tree            0.000            3.338
 broadleaf deciduous boreal tree               0.000            1.207
 broadleaf evergreen shrub                     0.000            0.041
 broadleaf deciduous temperate shrub           0.000            4.604
 broadleaf deciduous boreal shrub              0.000            5.177
 c3 arctic grass                               0.000            9.994
 c3 non-arctic grass                           0.000           17.133
 c4 grass                                      0.000           21.373
 c3_crop                                       0.000            0.035
 c3_irrigated                                  0.000            0.000
 temperate_corn                                0.000            0.832
 irrigated_temperate_corn                      0.000            0.226
 spring_wheat                                  0.000            2.251
 irrigated_spring_wheat                        0.000            0.751
 winter_wheat                                  0.000            0.000
 irrigated_winter_wheat                        0.000            0.000
 temperate_soybean                             0.000            0.579
 irrigated_temperate_soybean                   0.000            0.075
 barley                                        0.000            0.810
 irrigated_barley                              0.000            0.100
 winter_barley                                 0.000            0.000
 irrigated_winter_barley                       0.000            0.000
 rye                                           0.000            0.121
 irrigated_rye                                 0.000            0.007
 winter_rye                                    0.000            0.000
 irrigated_winter_rye                          0.000            0.000
 cassava                                       0.000            0.278
 irrigated_cassava                             0.000            0.022
 citrus                                        0.000            0.132
 irrigated citrus                              0.000            0.079
 cocoa                                         0.000            0.158
 irrigated_cocoa                               0.000            0.006
 coffee                                        0.000            0.336
 irrigated_coffee                              0.000            0.031
 cotton                                        0.000            0.157
 irrigated_cotton                              0.000            0.084
 datepalm                                      0.000            0.021
 irrigated_datepalm                            0.000            0.021
 foddergrass                                   0.000            1.745
 irrigated_foddergrass                         0.000            0.312
 grapes                                        0.000            0.146
 irrigated_grapes                              0.000            0.052
 groundnuts                                    0.000            0.423
 irrigated_groundnuts                          0.000            0.075
 millet                                        0.000            0.729
 irrigated_millet                              0.000            0.103
 oilpalm                                       0.000            0.277
 irrigated_oilpalm                             0.000            0.014
 potatoes                                      0.000            0.302
 irrigated_potatoes                            0.000            0.064
 pulses                                        0.000            1.108
 irrigated_pulses                              0.000            0.287
 rapeseed                                      0.000            0.215
 irrigated_rapeseed                            0.000            0.067
 rice                                          0.000            1.575
 irrigated_rice                                0.000            0.729
 sorghum                                       0.000            0.837
 irrigated_sorghum                             0.000            0.177
 sugarbeet                                     0.000            0.062
 irrigated_sugarbeet                           0.000            0.014
 sugarcane                                     0.000            0.224
 irrigated_sugarcane                           0.000            0.077
 sunflower                                     0.000            0.302
 irrigated_sunflower                           0.000            0.060
 miscanthus                                    0.000            0.000
 irrigated_miscanthus                          0.000            0.000
 switchgrass                                   0.000            0.000
 irrigated_switchgrass                         0.000            0.000
 tropical_corn                                 0.000            1.458
 irrigated_tropical_corn                       0.000            0.215
 tropical_soybean                              0.000            0.377
 irrigated_tropical_soybean                    0.000            0.052

 ======================================================================
 Harvesting Output
 ======================================================================

 ......................................................................
 harvest type                        input grid area output grid area
                                       10**6 km**2      10**6 km**2
 ......................................................................

           HARVEST_VH1                        15.380           15.380
           HARVEST_VH2                         2.716            2.716
           HARVEST_SH1                         8.862            8.862
           HARVEST_SH2                        13.962           13.962
           HARVEST_SH3                        89.900           89.900
           GRAZING                        -15678.115       -15678.115

 ======================================================================
 Urban Output -- class 1
 ======================================================================

 ......................................................................
 surface type   input grid area  output grid area
                  10**6 km**2      10**6 km**2   
 ......................................................................

 urban                0.001            0.00056793
 all surface        510.100          510.100

 ======================================================================
 Urban Output -- class 2
 ======================================================================

 ......................................................................
 surface type   input grid area  output grid area
                  10**6 km**2      10**6 km**2   
 ......................................................................

 urban                0.197            0.19341983
 all surface        510.100          510.100

 ======================================================================
 Urban Output -- class 3
 ======================================================================

 ......................................................................
 surface type   input grid area  output grid area
                  10**6 km**2      10**6 km**2   
 ......................................................................

 urban                0.839            0.82485167
 all surface        510.100          510.100

 ======================================================================
 Urban Region ID Output
 ======================================================================

 ......................................................................
 index      input grid area  output grid area
                10**6 km**2       10**6 km**2
 ......................................................................

         1            1.582             1.599
         2            7.809             7.809
         3            8.559             8.539
         4            6.609             6.567
         5            5.680             5.711
         6           10.158            10.140
         7            0.295             0.291
         8            9.436             9.440
         9            5.824             5.810
        10            0.712             0.717
        11            2.181             2.156
        12            2.251             2.250
        13            3.194             3.223
        14            2.548             2.557
        15            6.032             6.035
        16            9.509             9.583
        17            1.240             1.293
        18            0.842             0.862
        19            1.774             1.776
        20            1.281             1.185
        21            1.025             1.051
        22           17.019            17.021
        23            3.087             3.117
        24            1.943             1.908
        25            1.405             1.368
        26            1.296             1.281
        27            4.844             4.809
        28            1.122             1.111
        29            1.801             1.873
        30            4.210             4.219
        31            5.183             5.194
        32            5.043             4.986
        33            1.118             1.129

 ======================================================================
 PFTs Output
 ======================================================================

 ......................................................................
 plant type                          input grid area output grid area
                                       10**6 km**2      10**6 km**2
 ......................................................................

 not vegetated                                 0.000           42.245
 needleleaf evergreen temperate tree           0.000            5.842
 needleleaf evergreen boreal tree              0.000            6.527
 needleleaf deciduous boreal tree              0.000            2.123
 broadleaf evergreen tropical tree             0.000           14.819
 broadleaf evergreen temperate tree            0.000            1.423
 broadleaf deciduous tropical tree             0.000            1.706
 broadleaf deciduous temperate tree            0.000            3.339
 broadleaf deciduous boreal tree               0.000            1.207
 broadleaf evergreen shrub                     0.000            0.041
 broadleaf deciduous temperate shrub           0.000            4.601
 broadleaf deciduous boreal shrub              0.000            5.177
 c3 arctic grass                               0.000            9.995
 c3 non-arctic grass                           0.000           17.132
 c4 grass                                      0.000           21.365
 c3_crop                                       0.000            0.036
 c3_irrigated                                  0.000            0.000
 temperate_corn                                0.000            0.832
 irrigated_temperate_corn                      0.000            0.227
 spring_wheat                                  0.000            2.251
 irrigated_spring_wheat                        0.000            0.753
 winter_wheat                                  0.000            0.000
 irrigated_winter_wheat                        0.000            0.000
 temperate_soybean                             0.000            0.579
 irrigated_temperate_soybean                   0.000            0.075
 barley                                        0.000            0.811
 irrigated_barley                              0.000            0.101
 winter_barley                                 0.000            0.000
 irrigated_winter_barley                       0.000            0.000
 rye                                           0.000            0.121
 irrigated_rye                                 0.000            0.007
 winter_rye                                    0.000            0.000
 irrigated_winter_rye                          0.000            0.000
 cassava                                       0.000            0.281
 irrigated_cassava                             0.000            0.022
 citrus                                        0.000            0.131
 irrigated citrus                              0.000            0.079
 cocoa                                         0.000            0.160
 irrigated_cocoa                               0.000            0.006
 coffee                                        0.000            0.338
 irrigated_coffee                              0.000            0.031
 cotton                                        0.000            0.158
 irrigated_cotton                              0.000            0.084
 datepalm                                      0.000            0.021
 irrigated_datepalm                            0.000            0.021
 foddergrass                                   0.000            1.751
 irrigated_foddergrass                         0.000            0.314
 grapes                                        0.000            0.146
 irrigated_grapes                              0.000            0.052
 groundnuts                                    0.000            0.427
 irrigated_groundnuts                          0.000            0.075
 millet                                        0.000            0.735
 irrigated_millet                              0.000            0.103
 oilpalm                                       0.000            0.277
 irrigated_oilpalm                             0.000            0.014
 potatoes                                      0.000            0.304
 irrigated_potatoes                            0.000            0.064
 pulses                                        0.000            1.114
 irrigated_pulses                              0.000            0.288
 rapeseed                                      0.000            0.215
 irrigated_rapeseed                            0.000            0.067
 rice                                          0.000            1.580
 irrigated_rice                                0.000            0.729
 sorghum                                       0.000            0.845
 irrigated_sorghum                             0.000            0.179
 sugarbeet                                     0.000            0.062
 irrigated_sugarbeet                           0.000            0.014
 sugarcane                                     0.000            0.225
 irrigated_sugarcane                           0.000            0.077
 sunflower                                     0.000            0.302
 irrigated_sunflower                           0.000            0.060
 miscanthus                                    0.000            0.000
 irrigated_miscanthus                          0.000            0.000
 switchgrass                                   0.000            0.000
 irrigated_switchgrass                         0.000            0.000
 tropical_corn                                 0.000            1.469
 irrigated_tropical_corn                       0.000            0.216
 tropical_soybean                              0.000            0.377
 irrigated_tropical_soybean                    0.000            0.052

 ======================================================================
 Harvesting Output
 ======================================================================

 ......................................................................
 harvest type                        input grid area output grid area
                                       10**6 km**2      10**6 km**2
 ......................................................................

           HARVEST_VH1                        15.415           15.415
           HARVEST_VH2                         3.279            3.279
           HARVEST_SH1                         8.933            8.933
           HARVEST_SH2                        13.706           13.706
           HARVEST_SH3                        89.975           89.975
           GRAZING                        -15678.115       -15678.115

 ======================================================================
 Urban Output -- class 1
 ======================================================================

 ......................................................................
 surface type   input grid area  output grid area
                  10**6 km**2      10**6 km**2   
 ......................................................................

 urban                0.001            0.00056876
 all surface        510.100          510.100

 ======================================================================
 Urban Output -- class 2
 ======================================================================

 ......................................................................
 surface type   input grid area  output grid area
                  10**6 km**2      10**6 km**2   
 ......................................................................

 urban                0.198            0.19486916
 all surface        510.100          510.100

 ======================================================================
 Urban Output -- class 3
 ======================================================================

 ......................................................................
 surface type   input grid area  output grid area
                  10**6 km**2      10**6 km**2   
 ......................................................................

 urban                0.846            0.83151354
 all surface        510.100          510.100

 ======================================================================
 Urban Region ID Output
 ======================================================================

 ......................................................................
 index      input grid area  output grid area
                10**6 km**2       10**6 km**2
 ......................................................................

         1            1.582             1.599
         2            7.809             7.809
         3            8.559             8.539
         4            6.609             6.567
         5            5.680             5.711
         6           10.158            10.140
         7            0.295             0.291
         8            9.436             9.440
         9            5.824             5.810
        10            0.712             0.717
        11            2.181             2.156
        12            2.251             2.250
        13            3.194             3.223
        14            2.548             2.557
        15            6.032             6.035
        16            9.509             9.583
        17            1.240             1.293
        18            0.842             0.862
        19            1.774             1.776
        20            1.281             1.185
        21            1.025             1.051
        22           17.019            17.021
        23            3.087             3.117
        24            1.943             1.908
        25            1.405             1.368
        26            1.296             1.281
        27            4.844             4.809
        28            1.122             1.111
        29            1.801             1.873
        30            4.210             4.219
        31            5.183             5.194
        32            5.043             4.986
        33            1.118             1.129

 ======================================================================
 PFTs Output
 ======================================================================

 ......................................................................
 plant type                          input grid area output grid area
                                       10**6 km**2      10**6 km**2
 ......................................................................

 not vegetated                                 0.000           42.228
 needleleaf evergreen temperate tree           0.000            5.845
 needleleaf evergreen boreal tree              0.000            6.525
 needleleaf deciduous boreal tree              0.000            2.123
 broadleaf evergreen tropical tree             0.000           14.784
 broadleaf evergreen temperate tree            0.000            1.422
 broadleaf deciduous tropical tree             0.000            1.699
 broadleaf deciduous temperate tree            0.000            3.340
 broadleaf deciduous boreal tree               0.000            1.207
 broadleaf evergreen shrub                     0.000            0.041
 broadleaf deciduous temperate shrub           0.000            4.598
 broadleaf deciduous boreal shrub              0.000            5.176
 c3 arctic grass                               0.000            9.995
 c3 non-arctic grass                           0.000           17.130
 c4 grass                                      0.000           21.356
 c3_crop                                       0.000            0.036
 c3_irrigated                                  0.000            0.000
 temperate_corn                                0.000            0.831
 irrigated_temperate_corn                      0.000            0.227
 spring_wheat                                  0.000            2.252
 irrigated_spring_wheat                        0.000            0.755
 winter_wheat                                  0.000            0.000
 irrigated_winter_wheat                        0.000            0.000
 temperate_soybean                             0.000            0.579
 irrigated_temperate_soybean                   0.000            0.075
 barley                                        0.000            0.811
 irrigated_barley                              0.000            0.101
 winter_barley                                 0.000            0.000
 irrigated_winter_barley                       0.000            0.000
 rye                                           0.000            0.121
 irrigated_rye                                 0.000            0.007
 winter_rye                                    0.000            0.000
 irrigated_winter_rye                          0.000            0.000
 cassava                                       0.000            0.284
 irrigated_cassava                             0.000            0.022
 citrus                                        0.000            0.131
 irrigated citrus                              0.000            0.079
 cocoa                                         0.000            0.161
 irrigated_cocoa                               0.000            0.006
 coffee                                        0.000            0.340
 irrigated_coffee                              0.000            0.031
 cotton                                        0.000            0.158
 irrigated_cotton                              0.000            0.084
 datepalm                                      0.000            0.021
 irrigated_datepalm                            0.000            0.021
 foddergrass                                   0.000            1.757
 irrigated_foddergrass                         0.000            0.315
 grapes                                        0.000            0.146
 irrigated_grapes                              0.000            0.052
 groundnuts                                    0.000            0.431
 irrigated_groundnuts                          0.000            0.076
 millet                                        0.000            0.742
 irrigated_millet                              0.000            0.104
 oilpalm                                       0.000            0.278
 irrigated_oilpalm                             0.000            0.014
 potatoes                                      0.000            0.305
 irrigated_potatoes                            0.000            0.064
 pulses                                        0.000            1.120
 irrigated_pulses                              0.000            0.290
 rapeseed                                      0.000            0.214
 irrigated_rapeseed                            0.000            0.067
 rice                                          0.000            1.586
 irrigated_rice                                0.000            0.728
 sorghum                                       0.000            0.853
 irrigated_sorghum                             0.000            0.181
 sugarbeet                                     0.000            0.062
 irrigated_sugarbeet                           0.000            0.014
 sugarcane                                     0.000            0.225
 irrigated_sugarcane                           0.000            0.077
 sunflower                                     0.000            0.303
 irrigated_sunflower                           0.000            0.061
 miscanthus                                    0.000            0.000
 irrigated_miscanthus                          0.000            0.000
 switchgrass                                   0.000            0.000
 irrigated_switchgrass                         0.000            0.000
 tropical_corn                                 0.000            1.480
 irrigated_tropical_corn                       0.000            0.218
 tropical_soybean                              0.000            0.377
 irrigated_tropical_soybean                    0.000            0.052

 ======================================================================
 Harvesting Output
 ======================================================================

 ......................................................................
 harvest type                        input grid area output grid area
                                       10**6 km**2      10**6 km**2
 ......................................................................

           HARVEST_VH1                        15.465           15.465
           HARVEST_VH2                         3.547            3.547
           HARVEST_SH1                         8.943            8.943
           HARVEST_SH2                        13.481           13.481
           HARVEST_SH3                        90.179           90.179
           GRAZING                        -15678.115       -15678.115

 ======================================================================
 Urban Output -- class 1
 ======================================================================

 ......................................................................
 surface type   input grid area  output grid area
                  10**6 km**2      10**6 km**2   
 ......................................................................

 urban                0.001            0.00056959
 all surface        510.100          510.100

 ======================================================================
 Urban Output -- class 2
 ======================================================================

 ......................................................................
 surface type   input grid area  output grid area
                  10**6 km**2      10**6 km**2   
 ......................................................................

 urban                0.200            0.19630968
 all surface        510.100          510.100

 ======================================================================
 Urban Output -- class 3
 ======================================================================

 ......................................................................
 surface type   input grid area  output grid area
                  10**6 km**2      10**6 km**2   
 ......................................................................

 urban                0.852            0.83812243
 all surface        510.100          510.100

 ======================================================================
 Urban Region ID Output
 ======================================================================

 ......................................................................
 index      input grid area  output grid area
                10**6 km**2       10**6 km**2
 ......................................................................

         1            1.582             1.599
         2            7.809             7.809
         3            8.559             8.539
         4            6.609             6.567
         5            5.680             5.711
         6           10.158            10.140
         7            0.295             0.291
         8            9.436             9.440
         9            5.824             5.810
        10            0.712             0.717
        11            2.181             2.156
        12            2.251             2.250
        13            3.194             3.223
        14            2.548             2.557
        15            6.032             6.035
        16            9.509             9.583
        17            1.240             1.293
        18            0.842             0.862
        19            1.774             1.776
        20            1.281             1.185
        21            1.025             1.051
        22           17.019            17.021
        23            3.087             3.117
        24            1.943             1.908
        25            1.405             1.368
        26            1.296             1.281
        27            4.844             4.809
        28            1.122             1.111
        29            1.801             1.873
        30            4.210             4.219
        31            5.183             5.194
        32            5.043             4.986
        33            1.118             1.129

 ======================================================================
 PFTs Output
 ======================================================================

 ......................................................................
 plant type                          input grid area output grid area
                                       10**6 km**2      10**6 km**2
 ......................................................................

 not vegetated                                 0.000           42.212
 needleleaf evergreen temperate tree           0.000            5.847
 needleleaf evergreen boreal tree              0.000            6.523
 needleleaf deciduous boreal tree              0.000            2.123
 broadleaf evergreen tropical tree             0.000           14.749
 broadleaf evergreen temperate tree            0.000            1.422
 broadleaf deciduous tropical tree             0.000            1.693
 broadleaf deciduous temperate tree            0.000            3.341
 broadleaf deciduous boreal tree               0.000            1.207
 broadleaf evergreen shrub                     0.000            0.041
 broadleaf deciduous temperate shrub           0.000            4.594
 broadleaf deciduous boreal shrub              0.000            5.176
 c3 arctic grass                               0.000            9.995
 c3 non-arctic grass                           0.000           17.129
 c4 grass                                      0.000           21.348
 c3_crop                                       0.000            0.037
 c3_irrigated                                  0.000            0.000
 temperate_corn                                0.000            0.830
 irrigated_temperate_corn                      0.000            0.228
 spring_wheat                                  0.000            2.252
 irrigated_spring_wheat                        0.000            0.758
 winter_wheat                                  0.000            0.000
 irrigated_winter_wheat                        0.000            0.000
 temperate_soybean                             0.000            0.580
 irrigated_temperate_soybean                   0.000            0.075
 barley                                        0.000            0.811
 irrigated_barley                              0.000            0.102
 winter_barley                                 0.000            0.000
 irrigated_winter_barley                       0.000            0.000
 rye                                           0.000            0.121
 irrigated_rye                                 0.000            0.007
 winter_rye                                    0.000            0.000
 irrigated_winter_rye                          0.000            0.000
 cassava                                       0.000            0.287
 irrigated_cassava                             0.000            0.022
 citrus                                        0.000            0.131
 irrigated citrus                              0.000            0.079
 cocoa                                         0.000            0.163
 irrigated_cocoa                               0.000            0.006
 coffee                                        0.000            0.342
 irrigated_coffee                              0.000            0.031
 cotton                                        0.000            0.159
 irrigated_cotton                              0.000            0.084
 datepalm                                      0.000            0.021
 irrigated_datepalm                            0.000            0.022
 foddergrass                                   0.000            1.763
 irrigated_foddergrass                         0.000            0.317
 grapes                                        0.000            0.146
 irrigated_grapes                              0.000            0.052
 groundnuts                                    0.000            0.436
 irrigated_groundnuts                          0.000            0.076
 millet                                        0.000            0.748
 irrigated_millet                              0.000            0.105
 oilpalm                                       0.000            0.279
 irrigated_oilpalm                             0.000            0.014
 potatoes                                      0.000            0.306
 irrigated_potatoes                            0.000            0.064
 pulses                                        0.000            1.126
 irrigated_pulses                              0.000            0.291
 rapeseed                                      0.000            0.214
 irrigated_rapeseed                            0.000            0.067
 rice                                          0.000            1.591
 irrigated_rice                                0.000            0.728
 sorghum                                       0.000            0.862
 irrigated_sorghum                             0.000            0.183
 sugarbeet                                     0.000            0.062
 irrigated_sugarbeet                           0.000            0.014
 sugarcane                                     0.000            0.226
 irrigated_sugarcane                           0.000            0.077
 sunflower                                     0.000            0.303
 irrigated_sunflower                           0.000            0.061
 miscanthus                                    0.000            0.000
 irrigated_miscanthus                          0.000            0.000
 switchgrass                                   0.000            0.000
 irrigated_switchgrass                         0.000            0.000
 tropical_corn                                 0.000            1.491
 irrigated_tropical_corn                       0.000            0.219
 tropical_soybean                              0.000            0.378
 irrigated_tropical_soybean                    0.000            0.052

 ======================================================================
 Harvesting Output
 ======================================================================

 ......................................................................
 harvest type                        input grid area output grid area
                                       10**6 km**2      10**6 km**2
 ......................................................................

           HARVEST_VH1                        15.486           15.486
           HARVEST_VH2                         3.486            3.486
           HARVEST_SH1                         8.956            8.956
           HARVEST_SH2                        13.520           13.520
           HARVEST_SH3                        90.154           90.154
           GRAZING                        -15678.115       -15678.115

 ======================================================================
 Urban Output -- class 1
 ======================================================================

 ......................................................................
 surface type   input grid area  output grid area
                  10**6 km**2      10**6 km**2   
 ......................................................................

 urban                0.001            0.00057042
 all surface        510.100          510.100

 ======================================================================
 Urban Output -- class 2
 ======================================================================

 ......................................................................
 surface type   input grid area  output grid area
                  10**6 km**2      10**6 km**2   
 ......................................................................

 urban                0.201            0.19775953
 all surface        510.100          510.100

 ======================================================================
 Urban Output -- class 3
 ======================================================================

 ......................................................................
 surface type   input grid area  output grid area
                  10**6 km**2      10**6 km**2   
 ......................................................................

 urban                0.859            0.84479633
 all surface        510.100          510.100

 ======================================================================
 Urban Region ID Output
 ======================================================================

 ......................................................................
 index      input grid area  output grid area
                10**6 km**2       10**6 km**2
 ......................................................................

         1            1.582             1.599
         2            7.809             7.809
         3            8.559             8.539
         4            6.609             6.567
         5            5.680             5.711
         6           10.158            10.140
         7            0.295             0.291
         8            9.436             9.440
         9            5.824             5.810
        10            0.712             0.717
        11            2.181             2.156
        12            2.251             2.250
        13            3.194             3.223
        14            2.548             2.557
        15            6.032             6.035
        16            9.509             9.583
        17            1.240             1.293
        18            0.842             0.862
        19            1.774             1.776
        20            1.281             1.185
        21            1.025             1.051
        22           17.019            17.021
        23            3.087             3.117
        24            1.943             1.908
        25            1.405             1.368
        26            1.296             1.281
        27            4.844             4.809
        28            1.122             1.111
        29            1.801             1.873
        30            4.210             4.219
        31            5.183             5.194
        32            5.043             4.986
        33            1.118             1.129

 ======================================================================
 PFTs Output
 ======================================================================

 ......................................................................
 plant type                          input grid area output grid area
                                       10**6 km**2      10**6 km**2
 ......................................................................

 not vegetated                                 0.000           42.196
 needleleaf evergreen temperate tree           0.000            5.849
 needleleaf evergreen boreal tree              0.000            6.521
 needleleaf deciduous boreal tree              0.000            2.123
 broadleaf evergreen tropical tree             0.000           14.713
 broadleaf evergreen temperate tree            0.000            1.421
 broadleaf deciduous tropical tree             0.000            1.687
 broadleaf deciduous temperate tree            0.000            3.342
 broadleaf deciduous boreal tree               0.000            1.207
 broadleaf evergreen shrub                     0.000            0.041
 broadleaf deciduous temperate shrub           0.000            4.591
 broadleaf deciduous boreal shrub              0.000            5.176
 c3 arctic grass                               0.000            9.995
 c3 non-arctic grass                           0.000           17.127
 c4 grass                                      0.000           21.339
 c3_crop                                       0.000            0.037
 c3_irrigated                                  0.000            0.000
 temperate_corn                                0.000            0.829
 irrigated_temperate_corn                      0.000            0.228
 spring_wheat                                  0.000            2.253
 irrigated_spring_wheat                        0.000            0.760
 winter_wheat                                  0.000            0.000
 irrigated_winter_wheat                        0.000            0.000
 temperate_soybean                             0.000            0.580
 irrigated_temperate_soybean                   0.000            0.076
 barley                                        0.000            0.812
 irrigated_barley                              0.000            0.102
 winter_barley                                 0.000            0.000
 irrigated_winter_barley                       0.000            0.000
 rye                                           0.000            0.121
 irrigated_rye                                 0.000            0.007
 winter_rye                                    0.000            0.000
 irrigated_winter_rye                          0.000            0.000
 cassava                                       0.000            0.290
 irrigated_cassava                             0.000            0.022
 citrus                                        0.000            0.131
 irrigated citrus                              0.000            0.079
 cocoa                                         0.000            0.164
 irrigated_cocoa                               0.000            0.006
 coffee                                        0.000            0.344
 irrigated_coffee                              0.000            0.031
 cotton                                        0.000            0.160
 irrigated_cotton                              0.000            0.084
 datepalm                                      0.000            0.021
 irrigated_datepalm                            0.000            0.022
 foddergrass                                   0.000            1.769
 irrigated_foddergrass                         0.000            0.318
 grapes                                        0.000            0.146
 irrigated_grapes                              0.000            0.052
 groundnuts                                    0.000            0.440
 irrigated_groundnuts                          0.000            0.077
 millet                                        0.000            0.755
 irrigated_millet                              0.000            0.105
 oilpalm                                       0.000            0.280
 irrigated_oilpalm                             0.000            0.014
 potatoes                                      0.000            0.307
 irrigated_potatoes                            0.000            0.065
 pulses                                        0.000            1.132
 irrigated_pulses                              0.000            0.292
 rapeseed                                      0.000            0.213
 irrigated_rapeseed                            0.000            0.067
 rice                                          0.000            1.597
 irrigated_rice                                0.000            0.728
 sorghum                                       0.000            0.870
 irrigated_sorghum                             0.000            0.185
 sugarbeet                                     0.000            0.062
 irrigated_sugarbeet                           0.000            0.014
 sugarcane                                     0.000            0.226
 irrigated_sugarcane                           0.000            0.077
 sunflower                                     0.000            0.304
 irrigated_sunflower                           0.000            0.061
 miscanthus                                    0.000            0.000
 irrigated_miscanthus                          0.000            0.000
 switchgrass                                   0.000            0.000
 irrigated_switchgrass                         0.000            0.000
 tropical_corn                                 0.000            1.501
 irrigated_tropical_corn                       0.000            0.220
 tropical_soybean                              0.000            0.378
 irrigated_tropical_soybean                    0.000            0.052

 ======================================================================
 Harvesting Output
 ======================================================================

 ......................................................................
 harvest type                        input grid area output grid area
                                       10**6 km**2      10**6 km**2
 ......................................................................

           HARVEST_VH1                        15.464           15.464
           HARVEST_VH2                         3.424            3.424
           HARVEST_SH1                         9.023            9.023
           HARVEST_SH2                        13.562           13.562
           HARVEST_SH3                        89.996           89.996
           GRAZING                        -15678.115       -15678.115

 ======================================================================
 Urban Output -- class 1
 ======================================================================

 ......................................................................
 surface type   input grid area  output grid area
                  10**6 km**2      10**6 km**2   
 ......................................................................

 urban                0.001            0.00057125
 all surface        510.100          510.100

 ======================================================================
 Urban Output -- class 2
 ======================================================================

 ......................................................................
 surface type   input grid area  output grid area
                  10**6 km**2      10**6 km**2   
 ......................................................................

 urban                0.202            0.19918605
 all surface        510.100          510.100

 ======================================================================
 Urban Output -- class 3
 ======================================================================

 ......................................................................
 surface type   input grid area  output grid area
                  10**6 km**2      10**6 km**2   
 ......................................................................

 urban                0.866            0.85139586
 all surface        510.100          510.100

 ======================================================================
 Urban Region ID Output
 ======================================================================

 ......................................................................
 index      input grid area  output grid area
                10**6 km**2       10**6 km**2
 ......................................................................

         1            1.582             1.599
         2            7.809             7.809
         3            8.559             8.539
         4            6.609             6.567
         5            5.680             5.711
         6           10.158            10.140
         7            0.295             0.291
         8            9.436             9.440
         9            5.824             5.810
        10            0.712             0.717
        11            2.181             2.156
        12            2.251             2.250
        13            3.194             3.223
        14            2.548             2.557
        15            6.032             6.035
        16            9.509             9.583
        17            1.240             1.293
        18            0.842             0.862
        19            1.774             1.776
        20            1.281             1.185
        21            1.025             1.051
        22           17.019            17.021
        23            3.087             3.117
        24            1.943             1.908
        25            1.405             1.368
        26            1.296             1.281
        27            4.844             4.809
        28            1.122             1.111
        29            1.801             1.873
        30            4.210             4.219
        31            5.183             5.194
        32            5.043             4.986
        33            1.118             1.129

 ======================================================================
 PFTs Output
 ======================================================================

 ......................................................................
 plant type                          input grid area output grid area
                                       10**6 km**2      10**6 km**2
 ......................................................................

 not vegetated                                 0.000           42.180
 needleleaf evergreen temperate tree           0.000            5.851
 needleleaf evergreen boreal tree              0.000            6.519
 needleleaf deciduous boreal tree              0.000            2.123
 broadleaf evergreen tropical tree             0.000           14.678
 broadleaf evergreen temperate tree            0.000            1.420
 broadleaf deciduous tropical tree             0.000            1.681
 broadleaf deciduous temperate tree            0.000            3.343
 broadleaf deciduous boreal tree               0.000            1.208
 broadleaf evergreen shrub                     0.000            0.041
 broadleaf deciduous temperate shrub           0.000            4.588
 broadleaf deciduous boreal shrub              0.000            5.176
 c3 arctic grass                               0.000            9.995
 c3 non-arctic grass                           0.000           17.126
 c4 grass                                      0.000           21.331
 c3_crop                                       0.000            0.038
 c3_irrigated                                  0.000            0.000
 temperate_corn                                0.000            0.829
 irrigated_temperate_corn                      0.000            0.229
 spring_wheat                                  0.000            2.253
 irrigated_spring_wheat                        0.000            0.763
 winter_wheat                                  0.000            0.000
 irrigated_winter_wheat                        0.000            0.000
 temperate_soybean                             0.000            0.580
 irrigated_temperate_soybean                   0.000            0.076
 barley                                        0.000            0.812
 irrigated_barley                              0.000            0.103
 winter_barley                                 0.000            0.000
 irrigated_winter_barley                       0.000            0.000
 rye                                           0.000            0.120
 irrigated_rye                                 0.000            0.007
 winter_rye                                    0.000            0.000
 irrigated_winter_rye                          0.000            0.000
 cassava                                       0.000            0.293
 irrigated_cassava                             0.000            0.022
 citrus                                        0.000            0.131
 irrigated citrus                              0.000            0.079
 cocoa                                         0.000            0.166
 irrigated_cocoa                               0.000            0.006
 coffee                                        0.000            0.346
 irrigated_coffee                              0.000            0.031
 cotton                                        0.000            0.161
 irrigated_cotton                              0.000            0.084
 datepalm                                      0.000            0.021
 irrigated_datepalm                            0.000            0.022
 foddergrass                                   0.000            1.775
 irrigated_foddergrass                         0.000            0.320
 grapes                                        0.000            0.146
 irrigated_grapes                              0.000            0.052
 groundnuts                                    0.000            0.444
 irrigated_groundnuts                          0.000            0.078
 millet                                        0.000            0.761
 irrigated_millet                              0.000            0.106
 oilpalm                                       0.000            0.280
 irrigated_oilpalm                             0.000            0.014
 potatoes                                      0.000            0.308
 irrigated_potatoes                            0.000            0.065
 pulses                                        0.000            1.138
 irrigated_pulses                              0.000            0.294
 rapeseed                                      0.000            0.213
 irrigated_rapeseed                            0.000            0.067
 rice                                          0.000            1.603
 irrigated_rice                                0.000            0.728
 sorghum                                       0.000            0.878
 irrigated_sorghum                             0.000            0.187
 sugarbeet                                     0.000            0.061
 irrigated_sugarbeet                           0.000            0.014
 sugarcane                                     0.000            0.226
 irrigated_sugarcane                           0.000            0.077
 sunflower                                     0.000            0.304
 irrigated_sunflower                           0.000            0.062
 miscanthus                                    0.000            0.000
 irrigated_miscanthus                          0.000            0.000
 switchgrass                                   0.000            0.000
 irrigated_switchgrass                         0.000            0.000
 tropical_corn                                 0.000            1.512
 irrigated_tropical_corn                       0.000            0.222
 tropical_soybean                              0.000            0.378
 irrigated_tropical_soybean                    0.000            0.052

 ======================================================================
 Harvesting Output
 ======================================================================

 ......................................................................
 harvest type                        input grid area output grid area
                                       10**6 km**2      10**6 km**2
 ......................................................................

           HARVEST_VH1                        15.479           15.479
           HARVEST_VH2                         3.364            3.364
           HARVEST_SH1                         9.095            9.095
           HARVEST_SH2                        13.526           13.526
           HARVEST_SH3                        89.910           89.910
           GRAZING                        -15678.115       -15678.115

 ======================================================================
 Urban Output -- class 1
 ======================================================================

 ......................................................................
 surface type   input grid area  output grid area
                  10**6 km**2      10**6 km**2   
 ......................................................................

 urban                0.001            0.00057208
 all surface        510.100          510.100

 ======================================================================
 Urban Output -- class 2
 ======================================================================

 ......................................................................
 surface type   input grid area  output grid area
                  10**6 km**2      10**6 km**2   
 ......................................................................

 urban                0.204            0.20062041
 all surface        510.100          510.100

 ======================================================================
 Urban Output -- class 3
 ======================================================================

 ......................................................................
 surface type   input grid area  output grid area
                  10**6 km**2      10**6 km**2   
 ......................................................................

 urban                0.872            0.85801800
 all surface        510.100          510.100

 ======================================================================
 Urban Region ID Output
 ======================================================================

 ......................................................................
 index      input grid area  output grid area
                10**6 km**2       10**6 km**2
 ......................................................................

         1            1.582             1.599
         2            7.809             7.809
         3            8.559             8.539
         4            6.609             6.567
         5            5.680             5.711
         6           10.158            10.140
         7            0.295             0.291
         8            9.436             9.440
         9            5.824             5.810
        10            0.712             0.717
        11            2.181             2.156
        12            2.251             2.250
        13            3.194             3.223
        14            2.548             2.557
        15            6.032             6.035
        16            9.509             9.583
        17            1.240             1.293
        18            0.842             0.862
        19            1.774             1.776
        20            1.281             1.185
        21            1.025             1.051
        22           17.019            17.021
        23            3.087             3.117
        24            1.943             1.908
        25            1.405             1.368
        26            1.296             1.281
        27            4.844             4.809
        28            1.122             1.111
        29            1.801             1.873
        30            4.210             4.219
        31            5.183             5.194
        32            5.043             4.986
        33            1.118             1.129

 ======================================================================
 PFTs Output
 ======================================================================

 ......................................................................
 plant type                          input grid area output grid area
                                       10**6 km**2      10**6 km**2
 ......................................................................

 not vegetated                                 0.000           42.166
 needleleaf evergreen temperate tree           0.000            5.854
 needleleaf evergreen boreal tree              0.000            6.517
 needleleaf deciduous boreal tree              0.000            2.123
 broadleaf evergreen tropical tree             0.000           14.642
 broadleaf evergreen temperate tree            0.000            1.420
 broadleaf deciduous tropical tree             0.000            1.676
 broadleaf deciduous temperate tree            0.000            3.344
 broadleaf deciduous boreal tree               0.000            1.207
 broadleaf evergreen shrub                     0.000            0.041
 broadleaf deciduous temperate shrub           0.000            4.586
 broadleaf deciduous boreal shrub              0.000            5.176
 c3 arctic grass                               0.000            9.995
 c3 non-arctic grass                           0.000           17.125
 c4 grass                                      0.000           21.322
 c3_crop                                       0.000            0.038
 c3_irrigated                                  0.000            0.000
 temperate_corn                                0.000            0.828
 irrigated_temperate_corn                      0.000            0.230
 spring_wheat                                  0.000            2.253
 irrigated_spring_wheat                        0.000            0.765
 winter_wheat                                  0.000            0.000
 irrigated_winter_wheat                        0.000            0.000
 temperate_soybean                             0.000            0.580
 irrigated_temperate_soybean                   0.000            0.076
 barley                                        0.000            0.813
 irrigated_barley                              0.000            0.103
 winter_barley                                 0.000            0.000
 irrigated_winter_barley                       0.000            0.000
 rye                                           0.000            0.120
 irrigated_rye                                 0.000            0.007
 winter_rye                                    0.000            0.000
 irrigated_winter_rye                          0.000            0.000
 cassava                                       0.000            0.297
 irrigated_cassava                             0.000            0.022
 citrus                                        0.000            0.131
 irrigated citrus                              0.000            0.080
 cocoa                                         0.000            0.169
 irrigated_cocoa                               0.000            0.006
 coffee                                        0.000            0.348
 irrigated_coffee                              0.000            0.031
 cotton                                        0.000            0.162
 irrigated_cotton                              0.000            0.085
 datepalm                                      0.000            0.021
 irrigated_datepalm                            0.000            0.023
 foddergrass                                   0.000            1.780
 irrigated_foddergrass                         0.000            0.321
 grapes                                        0.000            0.146
 irrigated_grapes                              0.000            0.052
 groundnuts                                    0.000            0.449
 irrigated_groundnuts                          0.000            0.078
 millet                                        0.000            0.765
 irrigated_millet                              0.000            0.107
 oilpalm                                       0.000            0.281
 irrigated_oilpalm                             0.000            0.014
 potatoes                                      0.000            0.309
 irrigated_potatoes                            0.000            0.065
 pulses                                        0.000            1.143
 irrigated_pulses                              0.000            0.295
 rapeseed                                      0.000            0.213
 irrigated_rapeseed                            0.000            0.067
 rice                                          0.000            1.608
 irrigated_rice                                0.000            0.727
 sorghum                                       0.000            0.885
 irrigated_sorghum                             0.000            0.188
 sugarbeet                                     0.000            0.061
 irrigated_sugarbeet                           0.000            0.014
 sugarcane                                     0.000            0.227
 irrigated_sugarcane                           0.000            0.077
 sunflower                                     0.000            0.305
 irrigated_sunflower                           0.000            0.062
 miscanthus                                    0.000            0.000
 irrigated_miscanthus                          0.000            0.000
 switchgrass                                   0.000            0.000
 irrigated_switchgrass                         0.000            0.000
 tropical_corn                                 0.000            1.522
 irrigated_tropical_corn                       0.000            0.223
 tropical_soybean                              0.000            0.379
 irrigated_tropical_soybean                    0.000            0.052

 ======================================================================
 Harvesting Output
 ======================================================================

 ......................................................................
 harvest type                        input grid area output grid area
                                       10**6 km**2      10**6 km**2
 ......................................................................

           HARVEST_VH1                        15.545           15.545
           HARVEST_VH2                         3.302            3.302
           HARVEST_SH1                         9.104            9.104
           HARVEST_SH2                        13.530           13.530
           HARVEST_SH3                        89.989           89.989
           GRAZING                        -15678.115       -15678.115

 ======================================================================
 Urban Output -- class 1
 ======================================================================

 ......................................................................
 surface type   input grid area  output grid area
                  10**6 km**2      10**6 km**2   
 ......................................................................

 urban                0.001            0.00057291
 all surface        510.100          510.100

 ======================================================================
 Urban Output -- class 2
 ======================================================================

 ......................................................................
 surface type   input grid area  output grid area
                  10**6 km**2      10**6 km**2   
 ......................................................................

 urban                0.205            0.20205875
 all surface        510.100          510.100

 ======================================================================
 Urban Output -- class 3
 ======================================================================

 ......................................................................
 surface type   input grid area  output grid area
                  10**6 km**2      10**6 km**2   
 ......................................................................

 urban                0.879            0.86462041
 all surface        510.100          510.100

 ======================================================================
 Urban Region ID Output
 ======================================================================

 ......................................................................
 index      input grid area  output grid area
                10**6 km**2       10**6 km**2
 ......................................................................

         1            1.582             1.599
         2            7.809             7.809
         3            8.559             8.539
         4            6.609             6.567
         5            5.680             5.711
         6           10.158            10.140
         7            0.295             0.291
         8            9.436             9.440
         9            5.824             5.810
        10            0.712             0.717
        11            2.181             2.156
        12            2.251             2.250
        13            3.194             3.223
        14            2.548             2.557
        15            6.032             6.035
        16            9.509             9.583
        17            1.240             1.293
        18            0.842             0.862
        19            1.774             1.776
        20            1.281             1.185
        21            1.025             1.051
        22           17.019            17.021
        23            3.087             3.117
        24            1.943             1.908
        25            1.405             1.368
        26            1.296             1.281
        27            4.844             4.809
        28            1.122             1.111
        29            1.801             1.873
        30            4.210             4.219
        31            5.183             5.194
        32            5.043             4.986
        33            1.118             1.129

 ======================================================================
 PFTs Output
 ======================================================================

 ......................................................................
 plant type                          input grid area output grid area
                                       10**6 km**2      10**6 km**2
 ......................................................................

 not vegetated                                 0.000           42.152
 needleleaf evergreen temperate tree           0.000            5.857
 needleleaf evergreen boreal tree              0.000            6.515
 needleleaf deciduous boreal tree              0.000            2.123
 broadleaf evergreen tropical tree             0.000           14.607
 broadleaf evergreen temperate tree            0.000            1.419
 broadleaf deciduous tropical tree             0.000            1.671
 broadleaf deciduous temperate tree            0.000            3.345
 broadleaf deciduous boreal tree               0.000            1.207
 broadleaf evergreen shrub                     0.000            0.041
 broadleaf deciduous temperate shrub           0.000            4.584
 broadleaf deciduous boreal shrub              0.000            5.176
 c3 arctic grass                               0.000            9.995
 c3 non-arctic grass                           0.000           17.124
 c4 grass                                      0.000           21.313
 c3_crop                                       0.000            0.039
 c3_irrigated                                  0.000            0.000
 temperate_corn                                0.000            0.827
 irrigated_temperate_corn                      0.000            0.231
 spring_wheat                                  0.000            2.253
 irrigated_spring_wheat                        0.000            0.768
 winter_wheat                                  0.000            0.000
 irrigated_winter_wheat                        0.000            0.000
 temperate_soybean                             0.000            0.580
 irrigated_temperate_soybean                   0.000            0.076
 barley                                        0.000            0.814
 irrigated_barley                              0.000            0.104
 winter_barley                                 0.000            0.000
 irrigated_winter_barley                       0.000            0.000
 rye                                           0.000            0.120
 irrigated_rye                                 0.000            0.007
 winter_rye                                    0.000            0.000
 irrigated_winter_rye                          0.000            0.000
 cassava                                       0.000            0.301
 irrigated_cassava                             0.000            0.022
 citrus                                        0.000            0.131
 irrigated citrus                              0.000            0.080
 cocoa                                         0.000            0.173
 irrigated_cocoa                               0.000            0.006
 coffee                                        0.000            0.350
 irrigated_coffee                              0.000            0.031
 cotton                                        0.000            0.162
 irrigated_cotton                              0.000            0.085
 datepalm                                      0.000            0.021
 irrigated_datepalm                            0.000            0.023
 foddergrass                                   0.000            1.785
 irrigated_foddergrass                         0.000            0.323
 grapes                                        0.000            0.146
 irrigated_grapes                              0.000            0.053
 groundnuts                                    0.000            0.453
 irrigated_groundnuts                          0.000            0.079
 millet                                        0.000            0.769
 irrigated_millet                              0.000            0.108
 oilpalm                                       0.000            0.282
 irrigated_oilpalm                             0.000            0.014
 potatoes                                      0.000            0.310
 irrigated_potatoes                            0.000            0.065
 pulses                                        0.000            1.148
 irrigated_pulses                              0.000            0.296
 rapeseed                                      0.000            0.212
 irrigated_rapeseed                            0.000            0.066
 rice                                          0.000            1.614
 irrigated_rice                                0.000            0.726
 sorghum                                       0.000            0.892
 irrigated_sorghum                             0.000            0.189
 sugarbeet                                     0.000            0.061
 irrigated_sugarbeet                           0.000            0.014
 sugarcane                                     0.000            0.228
 irrigated_sugarcane                           0.000            0.077
 sunflower                                     0.000            0.305
 irrigated_sunflower                           0.000            0.062
 miscanthus                                    0.000            0.000
 irrigated_miscanthus                          0.000            0.000
 switchgrass                                   0.000            0.000
 irrigated_switchgrass                         0.000            0.000
 tropical_corn                                 0.000            1.533
 irrigated_tropical_corn                       0.000            0.225
 tropical_soybean                              0.000            0.379
 irrigated_tropical_soybean                    0.000            0.052

 ======================================================================
 Harvesting Output
 ======================================================================

 ......................................................................
 harvest type                        input grid area output grid area
                                       10**6 km**2      10**6 km**2
 ......................................................................

           HARVEST_VH1                        15.575           15.575
           HARVEST_VH2                         3.244            3.244
           HARVEST_SH1                         9.112            9.112
           HARVEST_SH2                        13.603           13.603
           HARVEST_SH3                        89.650           89.650
           GRAZING                        -15678.115       -15678.115

 ======================================================================
 Urban Output -- class 1
 ======================================================================

 ......................................................................
 surface type   input grid area  output grid area
                  10**6 km**2      10**6 km**2   
 ......................................................................

 urban                0.001            0.00057374
 all surface        510.100          510.100

 ======================================================================
 Urban Output -- class 2
 ======================================================================

 ......................................................................
 surface type   input grid area  output grid area
                  10**6 km**2      10**6 km**2   
 ......................................................................

 urban                0.207            0.20348802
 all surface        510.100          510.100

 ======================================================================
 Urban Output -- class 3
 ======================================================================

 ......................................................................
 surface type   input grid area  output grid area
                  10**6 km**2      10**6 km**2   
 ......................................................................

 urban                0.886            0.87119985
 all surface        510.100          510.100

 ======================================================================
 Urban Region ID Output
 ======================================================================

 ......................................................................
 index      input grid area  output grid area
                10**6 km**2       10**6 km**2
 ......................................................................

         1            1.582             1.599
         2            7.809             7.809
         3            8.559             8.539
         4            6.609             6.567
         5            5.680             5.711
         6           10.158            10.140
         7            0.295             0.291
         8            9.436             9.440
         9            5.824             5.810
        10            0.712             0.717
        11            2.181             2.156
        12            2.251             2.250
        13            3.194             3.223
        14            2.548             2.557
        15            6.032             6.035
        16            9.509             9.583
        17            1.240             1.293
        18            0.842             0.862
        19            1.774             1.776
        20            1.281             1.185
        21            1.025             1.051
        22           17.019            17.021
        23            3.087             3.117
        24            1.943             1.908
        25            1.405             1.368
        26            1.296             1.281
        27            4.844             4.809
        28            1.122             1.111
        29            1.801             1.873
        30            4.210             4.219
        31            5.183             5.194
        32            5.043             4.986
        33            1.118             1.129

 ======================================================================
 PFTs Output
 ======================================================================

 ......................................................................
 plant type                          input grid area output grid area
                                       10**6 km**2      10**6 km**2
 ......................................................................

 not vegetated                                 0.000           42.137
 needleleaf evergreen temperate tree           0.000            5.860
 needleleaf evergreen boreal tree              0.000            6.513
 needleleaf deciduous boreal tree              0.000            2.123
 broadleaf evergreen tropical tree             0.000           14.571
 broadleaf evergreen temperate tree            0.000            1.419
 broadleaf deciduous tropical tree             0.000            1.666
 broadleaf deciduous temperate tree            0.000            3.346
 broadleaf deciduous boreal tree               0.000            1.206
 broadleaf evergreen shrub                     0.000            0.041
 broadleaf deciduous temperate shrub           0.000            4.582
 broadleaf deciduous boreal shrub              0.000            5.176
 c3 arctic grass                               0.000            9.995
 c3 non-arctic grass                           0.000           17.123
 c4 grass                                      0.000           21.304
 c3_crop                                       0.000            0.039
 c3_irrigated                                  0.000            0.000
 temperate_corn                                0.000            0.826
 irrigated_temperate_corn                      0.000            0.231
 spring_wheat                                  0.000            2.253
 irrigated_spring_wheat                        0.000            0.770
 winter_wheat                                  0.000            0.000
 irrigated_winter_wheat                        0.000            0.000
 temperate_soybean                             0.000            0.580
 irrigated_temperate_soybean                   0.000            0.076
 barley                                        0.000            0.815
 irrigated_barley                              0.000            0.104
 winter_barley                                 0.000            0.000
 irrigated_winter_barley                       0.000            0.000
 rye                                           0.000            0.120
 irrigated_rye                                 0.000            0.007
 winter_rye                                    0.000            0.000
 irrigated_winter_rye                          0.000            0.000
 cassava                                       0.000            0.305
 irrigated_cassava                             0.000            0.022
 citrus                                        0.000            0.130
 irrigated citrus                              0.000            0.080
 cocoa                                         0.000            0.177
 irrigated_cocoa                               0.000            0.006
 coffee                                        0.000            0.352
 irrigated_coffee                              0.000            0.031
 cotton                                        0.000            0.163
 irrigated_cotton                              0.000            0.085
 datepalm                                      0.000            0.021
 irrigated_datepalm                            0.000            0.023
 foddergrass                                   0.000            1.790
 irrigated_foddergrass                         0.000            0.325
 grapes                                        0.000            0.146
 irrigated_grapes                              0.000            0.053
 groundnuts                                    0.000            0.458
 irrigated_groundnuts                          0.000            0.079
 millet                                        0.000            0.773
 irrigated_millet                              0.000            0.109
 oilpalm                                       0.000            0.283
 irrigated_oilpalm                             0.000            0.014
 potatoes                                      0.000            0.311
 irrigated_potatoes                            0.000            0.065
 pulses                                        0.000            1.153
 irrigated_pulses                              0.000            0.297
 rapeseed                                      0.000            0.212
 irrigated_rapeseed                            0.000            0.066
 rice                                          0.000            1.619
 irrigated_rice                                0.000            0.725
 sorghum                                       0.000            0.898
 irrigated_sorghum                             0.000            0.190
 sugarbeet                                     0.000            0.061
 irrigated_sugarbeet                           0.000            0.014
 sugarcane                                     0.000            0.229
 irrigated_sugarcane                           0.000            0.077
 sunflower                                     0.000            0.306
 irrigated_sunflower                           0.000            0.063
 miscanthus                                    0.000            0.000
 irrigated_miscanthus                          0.000            0.000
 switchgrass                                   0.000            0.000
 irrigated_switchgrass                         0.000            0.000
 tropical_corn                                 0.000            1.543
 irrigated_tropical_corn                       0.000            0.226
 tropical_soybean                              0.000            0.379
 irrigated_tropical_soybean                    0.000            0.052

 ======================================================================
 Harvesting Output
 ======================================================================

 ......................................................................
 harvest type                        input grid area output grid area
                                       10**6 km**2      10**6 km**2
 ......................................................................

           HARVEST_VH1                        16.032           16.032
           HARVEST_VH2                         3.182            3.182
           HARVEST_SH1                         9.097            9.097
           HARVEST_SH2                        13.672           13.672
           HARVEST_SH3                        89.948           89.948
           GRAZING                        -15678.115       -15678.115

 ======================================================================
 Urban Output -- class 1
 ======================================================================

 ......................................................................
 surface type   input grid area  output grid area
                  10**6 km**2      10**6 km**2   
 ......................................................................

 urban                0.001            0.00057457
 all surface        510.100          510.100

 ======================================================================
 Urban Output -- class 2
 ======================================================================

 ......................................................................
 surface type   input grid area  output grid area
                  10**6 km**2      10**6 km**2   
 ......................................................................

 urban                0.208            0.20493226
 all surface        510.100          510.100

 ======================================================================
 Urban Output -- class 3
 ======================================================================

 ......................................................................
 surface type   input grid area  output grid area
                  10**6 km**2      10**6 km**2   
 ......................................................................

 urban                0.892            0.87783209
 all surface        510.100          510.100

 ======================================================================
 Urban Region ID Output
 ======================================================================

 ......................................................................
 index      input grid area  output grid area
                10**6 km**2       10**6 km**2
 ......................................................................

         1            1.582             1.599
         2            7.809             7.809
         3            8.559             8.539
         4            6.609             6.567
         5            5.680             5.711
         6           10.158            10.140
         7            0.295             0.291
         8            9.436             9.440
         9            5.824             5.810
        10            0.712             0.717
        11            2.181             2.156
        12            2.251             2.250
        13            3.194             3.223
        14            2.548             2.557
        15            6.032             6.035
        16            9.509             9.583
        17            1.240             1.293
        18            0.842             0.862
        19            1.774             1.776
        20            1.281             1.185
        21            1.025             1.051
        22           17.019            17.021
        23            3.087             3.117
        24            1.943             1.908
        25            1.405             1.368
        26            1.296             1.281
        27            4.844             4.809
        28            1.122             1.111
        29            1.801             1.873
        30            4.210             4.219
        31            5.183             5.194
        32            5.043             4.986
        33            1.118             1.129

 ======================================================================
 PFTs Output
 ======================================================================

 ......................................................................
 plant type                          input grid area output grid area
                                       10**6 km**2      10**6 km**2
 ......................................................................

 not vegetated                                 0.000           42.123
 needleleaf evergreen temperate tree           0.000            5.863
 needleleaf evergreen boreal tree              0.000            6.511
 needleleaf deciduous boreal tree              0.000            2.123
 broadleaf evergreen tropical tree             0.000           14.535
 broadleaf evergreen temperate tree            0.000            1.419
 broadleaf deciduous tropical tree             0.000            1.661
 broadleaf deciduous temperate tree            0.000            3.347
 broadleaf deciduous boreal tree               0.000            1.206
 broadleaf evergreen shrub                     0.000            0.041
 broadleaf deciduous temperate shrub           0.000            4.580
 broadleaf deciduous boreal shrub              0.000            5.176
 c3 arctic grass                               0.000            9.995
 c3 non-arctic grass                           0.000           17.123
 c4 grass                                      0.000           21.295
 c3_crop                                       0.000            0.040
 c3_irrigated                                  0.000            0.000
 temperate_corn                                0.000            0.826
 irrigated_temperate_corn                      0.000            0.232
 spring_wheat                                  0.000            2.253
 irrigated_spring_wheat                        0.000            0.773
 winter_wheat                                  0.000            0.000
 irrigated_winter_wheat                        0.000            0.000
 temperate_soybean                             0.000            0.580
 irrigated_temperate_soybean                   0.000            0.077
 barley                                        0.000            0.815
 irrigated_barley                              0.000            0.105
 winter_barley                                 0.000            0.000
 irrigated_winter_barley                       0.000            0.000
 rye                                           0.000            0.119
 irrigated_rye                                 0.000            0.007
 winter_rye                                    0.000            0.000
 irrigated_winter_rye                          0.000            0.000
 cassava                                       0.000            0.310
 irrigated_cassava                             0.000            0.022
 citrus                                        0.000            0.130
 irrigated citrus                              0.000            0.080
 cocoa                                         0.000            0.180
 irrigated_cocoa                               0.000            0.006
 coffee                                        0.000            0.354
 irrigated_coffee                              0.000            0.031
 cotton                                        0.000            0.164
 irrigated_cotton                              0.000            0.085
 datepalm                                      0.000            0.021
 irrigated_datepalm                            0.000            0.023
 foddergrass                                   0.000            1.795
 irrigated_foddergrass                         0.000            0.326
 grapes                                        0.000            0.146
 irrigated_grapes                              0.000            0.053
 groundnuts                                    0.000            0.462
 irrigated_groundnuts                          0.000            0.080
 millet                                        0.000            0.777
 irrigated_millet                              0.000            0.110
 oilpalm                                       0.000            0.285
 irrigated_oilpalm                             0.000            0.014
 potatoes                                      0.000            0.312
 irrigated_potatoes                            0.000            0.065
 pulses                                        0.000            1.158
 irrigated_pulses                              0.000            0.298
 rapeseed                                      0.000            0.212
 irrigated_rapeseed                            0.000            0.066
 rice                                          0.000            1.625
 irrigated_rice                                0.000            0.724
 sorghum                                       0.000            0.903
 irrigated_sorghum                             0.000            0.191
 sugarbeet                                     0.000            0.061
 irrigated_sugarbeet                           0.000            0.014
 sugarcane                                     0.000            0.230
 irrigated_sugarcane                           0.000            0.077
 sunflower                                     0.000            0.306
 irrigated_sunflower                           0.000            0.063
 miscanthus                                    0.000            0.000
 irrigated_miscanthus                          0.000            0.000
 switchgrass                                   0.000            0.000
 irrigated_switchgrass                         0.000            0.000
 tropical_corn                                 0.000            1.553
 irrigated_tropical_corn                       0.000            0.228
 tropical_soybean                              0.000            0.379
 irrigated_tropical_soybean                    0.000            0.052

 ======================================================================
 Harvesting Output
 ======================================================================

 ......................................................................
 harvest type                        input grid area output grid area
                                       10**6 km**2      10**6 km**2
 ......................................................................

           HARVEST_VH1                        18.308           18.308
           HARVEST_VH2                         3.122            3.122
           HARVEST_SH1                         9.081            9.081
           HARVEST_SH2                        13.734           13.734
           HARVEST_SH3                        90.272           90.272
           GRAZING                        -15678.115       -15678.115

 ======================================================================
 Urban Output -- class 1
 ======================================================================

 ......................................................................
 surface type   input grid area  output grid area
                  10**6 km**2      10**6 km**2   
 ......................................................................

 urban                0.001            0.00057540
 all surface        510.100          510.100

 ======================================================================
 Urban Output -- class 2
 ======================================================================

 ......................................................................
 surface type   input grid area  output grid area
                  10**6 km**2      10**6 km**2   
 ......................................................................

 urban                0.210            0.20636228
 all surface        510.100          510.100

 ======================================================================
 Urban Output -- class 3
 ======================================================================

 ......................................................................
 surface type   input grid area  output grid area
                  10**6 km**2      10**6 km**2   
 ......................................................................

 urban                0.899            0.88442794
 all surface        510.100          510.100

 ======================================================================
 Urban Region ID Output
 ======================================================================

 ......................................................................
 index      input grid area  output grid area
                10**6 km**2       10**6 km**2
 ......................................................................

         1            1.582             1.599
         2            7.809             7.809
         3            8.559             8.539
         4            6.609             6.567
         5            5.680             5.711
         6           10.158            10.140
         7            0.295             0.291
         8            9.436             9.440
         9            5.824             5.810
        10            0.712             0.717
        11            2.181             2.156
        12            2.251             2.250
        13            3.194             3.223
        14            2.548             2.557
        15            6.032             6.035
        16            9.509             9.583
        17            1.240             1.293
        18            0.842             0.862
        19            1.774             1.776
        20            1.281             1.185
        21            1.025             1.051
        22           17.019            17.021
        23            3.087             3.117
        24            1.943             1.908
        25            1.405             1.368
        26            1.296             1.281
        27            4.844             4.809
        28            1.122             1.111
        29            1.801             1.873
        30            4.210             4.219
        31            5.183             5.194
        32            5.043             4.986
        33            1.118             1.129

 ======================================================================
 PFTs Output
 ======================================================================

 ......................................................................
 plant type                          input grid area output grid area
                                       10**6 km**2      10**6 km**2
 ......................................................................

 not vegetated                                 0.000           42.109
 needleleaf evergreen temperate tree           0.000            5.866
 needleleaf evergreen boreal tree              0.000            6.509
 needleleaf deciduous boreal tree              0.000            2.123
 broadleaf evergreen tropical tree             0.000           14.500
 broadleaf evergreen temperate tree            0.000            1.418
 broadleaf deciduous tropical tree             0.000            1.656
 broadleaf deciduous temperate tree            0.000            3.348
 broadleaf deciduous boreal tree               0.000            1.206
 broadleaf evergreen shrub                     0.000            0.041
 broadleaf deciduous temperate shrub           0.000            4.578
 broadleaf deciduous boreal shrub              0.000            5.176
 c3 arctic grass                               0.000            9.995
 c3 non-arctic grass                           0.000           17.122
 c4 grass                                      0.000           21.287
 c3_crop                                       0.000            0.040
 c3_irrigated                                  0.000            0.000
 temperate_corn                                0.000            0.825
 irrigated_temperate_corn                      0.000            0.233
 spring_wheat                                  0.000            2.254
 irrigated_spring_wheat                        0.000            0.775
 winter_wheat                                  0.000            0.000
 irrigated_winter_wheat                        0.000            0.000
 temperate_soybean                             0.000            0.580
 irrigated_temperate_soybean                   0.000            0.077
 barley                                        0.000            0.816
 irrigated_barley                              0.000            0.105
 winter_barley                                 0.000            0.000
 irrigated_winter_barley                       0.000            0.000
 rye                                           0.000            0.119
 irrigated_rye                                 0.000            0.007
 winter_rye                                    0.000            0.000
 irrigated_winter_rye                          0.000            0.000
 cassava                                       0.000            0.314
 irrigated_cassava                             0.000            0.022
 citrus                                        0.000            0.130
 irrigated citrus                              0.000            0.080
 cocoa                                         0.000            0.184
 irrigated_cocoa                               0.000            0.006
 coffee                                        0.000            0.357
 irrigated_coffee                              0.000            0.031
 cotton                                        0.000            0.165
 irrigated_cotton                              0.000            0.085
 datepalm                                      0.000            0.021
 irrigated_datepalm                            0.000            0.024
 foddergrass                                   0.000            1.800
 irrigated_foddergrass                         0.000            0.328
 grapes                                        0.000            0.146
 irrigated_grapes                              0.000            0.053
 groundnuts                                    0.000            0.467
 irrigated_groundnuts                          0.000            0.080
 millet                                        0.000            0.781
 irrigated_millet                              0.000            0.111
 oilpalm                                       0.000            0.286
 irrigated_oilpalm                             0.000            0.014
 potatoes                                      0.000            0.312
 irrigated_potatoes                            0.000            0.066
 pulses                                        0.000            1.163
 irrigated_pulses                              0.000            0.299
 rapeseed                                      0.000            0.212
 irrigated_rapeseed                            0.000            0.066
 rice                                          0.000            1.631
 irrigated_rice                                0.000            0.724
 sorghum                                       0.000            0.909
 irrigated_sorghum                             0.000            0.193
 sugarbeet                                     0.000            0.061
 irrigated_sugarbeet                           0.000            0.014
 sugarcane                                     0.000            0.230
 irrigated_sugarcane                           0.000            0.077
 sunflower                                     0.000            0.306
 irrigated_sunflower                           0.000            0.063
 miscanthus                                    0.000            0.000
 irrigated_miscanthus                          0.000            0.000
 switchgrass                                   0.000            0.000
 irrigated_switchgrass                         0.000            0.000
 tropical_corn                                 0.000            1.564
 irrigated_tropical_corn                       0.000            0.229
 tropical_soybean                              0.000            0.379
 irrigated_tropical_soybean                    0.000            0.052

 ======================================================================
 Harvesting Output
 ======================================================================

 ......................................................................
 harvest type                        input grid area output grid area
                                       10**6 km**2      10**6 km**2
 ......................................................................

           HARVEST_VH1                        18.643           18.643
           HARVEST_VH2                         3.063            3.063
           HARVEST_SH1                         9.101            9.101
           HARVEST_SH2                        13.784           13.784
           HARVEST_SH3                        90.552           90.552
           GRAZING                        -15678.115       -15678.115

 ======================================================================
 Urban Output -- class 1
 ======================================================================

 ......................................................................
 surface type   input grid area  output grid area
                  10**6 km**2      10**6 km**2   
 ......................................................................

 urban                0.001            0.00057624
 all surface        510.100          510.100

 ======================================================================
 Urban Output -- class 2
 ======================================================================

 ......................................................................
 surface type   input grid area  output grid area
                  10**6 km**2      10**6 km**2   
 ......................................................................

 urban                0.211            0.20779637
 all surface        510.100          510.100

 ======================================================================
 Urban Output -- class 3
 ======================================================================

 ......................................................................
 surface type   input grid area  output grid area
                  10**6 km**2      10**6 km**2   
 ......................................................................

 urban                0.906            0.89098676
 all surface        510.100          510.100

 ======================================================================
 Urban Region ID Output
 ======================================================================

 ......................................................................
 index      input grid area  output grid area
                10**6 km**2       10**6 km**2
 ......................................................................

         1            1.582             1.599
         2            7.809             7.809
         3            8.559             8.539
         4            6.609             6.567
         5            5.680             5.711
         6           10.158            10.140
         7            0.295             0.291
         8            9.436             9.440
         9            5.824             5.810
        10            0.712             0.717
        11            2.181             2.156
        12            2.251             2.250
        13            3.194             3.223
        14            2.548             2.557
        15            6.032             6.035
        16            9.509             9.583
        17            1.240             1.293
        18            0.842             0.862
        19            1.774             1.776
        20            1.281             1.185
        21            1.025             1.051
        22           17.019            17.021
        23            3.087             3.117
        24            1.943             1.908
        25            1.405             1.368
        26            1.296             1.281
        27            4.844             4.809
        28            1.122             1.111
        29            1.801             1.873
        30            4.210             4.219
        31            5.183             5.194
        32            5.043             4.986
        33            1.118             1.129

 ======================================================================
 PFTs Output
 ======================================================================

 ......................................................................
 plant type                          input grid area output grid area
                                       10**6 km**2      10**6 km**2
 ......................................................................

 not vegetated                                 0.000           42.094
 needleleaf evergreen temperate tree           0.000            5.868
 needleleaf evergreen boreal tree              0.000            6.507
 needleleaf deciduous boreal tree              0.000            2.123
 broadleaf evergreen tropical tree             0.000           14.469
 broadleaf evergreen temperate tree            0.000            1.417
 broadleaf deciduous tropical tree             0.000            1.652
 broadleaf deciduous temperate tree            0.000            3.350
 broadleaf deciduous boreal tree               0.000            1.205
 broadleaf evergreen shrub                     0.000            0.041
 broadleaf deciduous temperate shrub           0.000            4.576
 broadleaf deciduous boreal shrub              0.000            5.176
 c3 arctic grass                               0.000            9.995
 c3 non-arctic grass                           0.000           17.120
 c4 grass                                      0.000           21.276
 c3_crop                                       0.000            0.041
 c3_irrigated                                  0.000            0.000
 temperate_corn                                0.000            0.824
 irrigated_temperate_corn                      0.000            0.234
 spring_wheat                                  0.000            2.254
 irrigated_spring_wheat                        0.000            0.778
 winter_wheat                                  0.000            0.000
 irrigated_winter_wheat                        0.000            0.000
 temperate_soybean                             0.000            0.580
 irrigated_temperate_soybean                   0.000            0.077
 barley                                        0.000            0.817
 irrigated_barley                              0.000            0.105
 winter_barley                                 0.000            0.000
 irrigated_winter_barley                       0.000            0.000
 rye                                           0.000            0.119
 irrigated_rye                                 0.000            0.007
 winter_rye                                    0.000            0.000
 irrigated_winter_rye                          0.000            0.000
 cassava                                       0.000            0.317
 irrigated_cassava                             0.000            0.022
 citrus                                        0.000            0.130
 irrigated citrus                              0.000            0.081
 cocoa                                         0.000            0.186
 irrigated_cocoa                               0.000            0.006
 coffee                                        0.000            0.358
 irrigated_coffee                              0.000            0.031
 cotton                                        0.000            0.166
 irrigated_cotton                              0.000            0.085
 datepalm                                      0.000            0.021
 irrigated_datepalm                            0.000            0.024
 foddergrass                                   0.000            1.805
 irrigated_foddergrass                         0.000            0.330
 grapes                                        0.000            0.146
 irrigated_grapes                              0.000            0.053
 groundnuts                                    0.000            0.470
 irrigated_groundnuts                          0.000            0.081
 millet                                        0.000            0.785
 irrigated_millet                              0.000            0.112
 oilpalm                                       0.000            0.287
 irrigated_oilpalm                             0.000            0.014
 potatoes                                      0.000            0.314
 irrigated_potatoes                            0.000            0.066
 pulses                                        0.000            1.167
 irrigated_pulses                              0.000            0.300
 rapeseed                                      0.000            0.212
 irrigated_rapeseed                            0.000            0.066
 rice                                          0.000            1.638
 irrigated_rice                                0.000            0.723
 sorghum                                       0.000            0.916
 irrigated_sorghum                             0.000            0.194
 sugarbeet                                     0.000            0.061
 irrigated_sugarbeet                           0.000            0.014
 sugarcane                                     0.000            0.231
 irrigated_sugarcane                           0.000            0.077
 sunflower                                     0.000            0.307
 irrigated_sunflower                           0.000            0.064
 miscanthus                                    0.000            0.000
 irrigated_miscanthus                          0.000            0.000
 switchgrass                                   0.000            0.000
 irrigated_switchgrass                         0.000            0.000
 tropical_corn                                 0.000            1.572
 irrigated_tropical_corn                       0.000            0.231
 tropical_soybean                              0.000            0.380
 irrigated_tropical_soybean                    0.000            0.052

 ======================================================================
 Harvesting Output
 ======================================================================

 ......................................................................
 harvest type                        input grid area output grid area
                                       10**6 km**2      10**6 km**2
 ......................................................................

           HARVEST_VH1                        18.748           18.748
           HARVEST_VH2                         3.003            3.003
           HARVEST_SH1                         9.122            9.122
           HARVEST_SH2                        13.860           13.860
           HARVEST_SH3                        90.161           90.161
           GRAZING                        -15678.115       -15678.115

 ======================================================================
 Urban Output -- class 1
 ======================================================================

 ......................................................................
 surface type   input grid area  output grid area
                  10**6 km**2      10**6 km**2   
 ......................................................................

 urban                0.001            0.00057697
 all surface        510.100          510.100

 ======================================================================
 Urban Output -- class 2
 ======================================================================

 ......................................................................
 surface type   input grid area  output grid area
                  10**6 km**2      10**6 km**2   
 ......................................................................

 urban                0.213            0.20929059
 all surface        510.100          510.100

 ======================================================================
 Urban Output -- class 3
 ======================================================================

 ......................................................................
 surface type   input grid area  output grid area
                  10**6 km**2      10**6 km**2   
 ......................................................................

 urban                0.913            0.89795713
 all surface        510.100          510.100

 ======================================================================
 Urban Region ID Output
 ======================================================================

 ......................................................................
 index      input grid area  output grid area
                10**6 km**2       10**6 km**2
 ......................................................................

         1            1.582             1.599
         2            7.809             7.809
         3            8.559             8.539
         4            6.609             6.567
         5            5.680             5.711
         6           10.158            10.140
         7            0.295             0.291
         8            9.436             9.440
         9            5.824             5.810
        10            0.712             0.717
        11            2.181             2.156
        12            2.251             2.250
        13            3.194             3.223
        14            2.548             2.557
        15            6.032             6.035
        16            9.509             9.583
        17            1.240             1.293
        18            0.842             0.862
        19            1.774             1.776
        20            1.281             1.185
        21            1.025             1.051
        22           17.019            17.021
        23            3.087             3.117
        24            1.943             1.908
        25            1.405             1.368
        26            1.296             1.281
        27            4.844             4.809
        28            1.122             1.111
        29            1.801             1.873
        30            4.210             4.219
        31            5.183             5.194
        32            5.043             4.986
        33            1.118             1.129

 ======================================================================
 PFTs Output
 ======================================================================

 ......................................................................
 plant type                          input grid area output grid area
                                       10**6 km**2      10**6 km**2
 ......................................................................

 not vegetated                                 0.000           42.080
 needleleaf evergreen temperate tree           0.000            5.871
 needleleaf evergreen boreal tree              0.000            6.505
 needleleaf deciduous boreal tree              0.000            2.123
 broadleaf evergreen tropical tree             0.000           14.438
 broadleaf evergreen temperate tree            0.000            1.417
 broadleaf deciduous tropical tree             0.000            1.648
 broadleaf deciduous temperate tree            0.000            3.352
 broadleaf deciduous boreal tree               0.000            1.205
 broadleaf evergreen shrub                     0.000            0.041
 broadleaf deciduous temperate shrub           0.000            4.575
 broadleaf deciduous boreal shrub              0.000            5.176
 c3 arctic grass                               0.000            9.995
 c3 non-arctic grass                           0.000           17.119
 c4 grass                                      0.000           21.264
 c3_crop                                       0.000            0.041
 c3_irrigated                                  0.000            0.000
 temperate_corn                                0.000            0.823
 irrigated_temperate_corn                      0.000            0.234
 spring_wheat                                  0.000            2.254
 irrigated_spring_wheat                        0.000            0.780
 winter_wheat                                  0.000            0.000
 irrigated_winter_wheat                        0.000            0.000
 temperate_soybean                             0.000            0.579
 irrigated_temperate_soybean                   0.000            0.077
 barley                                        0.000            0.818
 irrigated_barley                              0.000            0.106
 winter_barley                                 0.000            0.000
 irrigated_winter_barley                       0.000            0.000
 rye                                           0.000            0.118
 irrigated_rye                                 0.000            0.007
 winter_rye                                    0.000            0.000
 irrigated_winter_rye                          0.000            0.000
 cassava                                       0.000            0.319
 irrigated_cassava                             0.000            0.022
 citrus                                        0.000            0.130
 irrigated citrus                              0.000            0.081
 cocoa                                         0.000            0.188
 irrigated_cocoa                               0.000            0.006
 coffee                                        0.000            0.360
 irrigated_coffee                              0.000            0.031
 cotton                                        0.000            0.167
 irrigated_cotton                              0.000            0.085
 datepalm                                      0.000            0.021
 irrigated_datepalm                            0.000            0.024
 foddergrass                                   0.000            1.810
 irrigated_foddergrass                         0.000            0.332
 grapes                                        0.000            0.146
 irrigated_grapes                              0.000            0.054
 groundnuts                                    0.000            0.473
 irrigated_groundnuts                          0.000            0.081
 millet                                        0.000            0.790
 irrigated_millet                              0.000            0.113
 oilpalm                                       0.000            0.287
 irrigated_oilpalm                             0.000            0.014
 potatoes                                      0.000            0.316
 irrigated_potatoes                            0.000            0.066
 pulses                                        0.000            1.172
 irrigated_pulses                              0.000            0.301
 rapeseed                                      0.000            0.211
 irrigated_rapeseed                            0.000            0.066
 rice                                          0.000            1.644
 irrigated_rice                                0.000            0.722
 sorghum                                       0.000            0.923
 irrigated_sorghum                             0.000            0.194
 sugarbeet                                     0.000            0.061
 irrigated_sugarbeet                           0.000            0.014
 sugarcane                                     0.000            0.231
 irrigated_sugarcane                           0.000            0.077
 sunflower                                     0.000            0.307
 irrigated_sunflower                           0.000            0.064
 miscanthus                                    0.000            0.000
 irrigated_miscanthus                          0.000            0.000
 switchgrass                                   0.000            0.000
 irrigated_switchgrass                         0.000            0.000
 tropical_corn                                 0.000            1.580
 irrigated_tropical_corn                       0.000            0.233
 tropical_soybean                              0.000            0.381
 irrigated_tropical_soybean                    0.000            0.052

 ======================================================================
 Harvesting Output
 ======================================================================

 ......................................................................
 harvest type                        input grid area output grid area
                                       10**6 km**2      10**6 km**2
 ......................................................................

           HARVEST_VH1                        18.790           18.790
           HARVEST_VH2                         2.951            2.951
           HARVEST_SH1                         9.103            9.103
           HARVEST_SH2                        13.821           13.821
           HARVEST_SH3                        89.834           89.834
           GRAZING                        -15678.115       -15678.115

 ======================================================================
 Urban Output -- class 1
 ======================================================================

 ......................................................................
 surface type   input grid area  output grid area
                  10**6 km**2      10**6 km**2   
 ......................................................................

 urban                0.001            0.00057771
 all surface        510.100          510.100

 ======================================================================
 Urban Output -- class 2
 ======================================================================

 ......................................................................
 surface type   input grid area  output grid area
                  10**6 km**2      10**6 km**2   
 ......................................................................

 urban                0.214            0.21079193
 all surface        510.100          510.100

 ======================================================================
 Urban Output -- class 3
 ======================================================================

 ......................................................................
 surface type   input grid area  output grid area
                  10**6 km**2      10**6 km**2   
 ......................................................................

 urban                0.920            0.90495850
 all surface        510.100          510.100

 ======================================================================
 Urban Region ID Output
 ======================================================================

 ......................................................................
 index      input grid area  output grid area
                10**6 km**2       10**6 km**2
 ......................................................................

         1            1.582             1.599
         2            7.809             7.809
         3            8.559             8.539
         4            6.609             6.567
         5            5.680             5.711
         6           10.158            10.140
         7            0.295             0.291
         8            9.436             9.440
         9            5.824             5.810
        10            0.712             0.717
        11            2.181             2.156
        12            2.251             2.250
        13            3.194             3.223
        14            2.548             2.557
        15            6.032             6.035
        16            9.509             9.583
        17            1.240             1.293
        18            0.842             0.862
        19            1.774             1.776
        20            1.281             1.185
        21            1.025             1.051
        22           17.019            17.021
        23            3.087             3.117
        24            1.943             1.908
        25            1.405             1.368
        26            1.296             1.281
        27            4.844             4.809
        28            1.122             1.111
        29            1.801             1.873
        30            4.210             4.219
        31            5.183             5.194
        32            5.043             4.986
        33            1.118             1.129

 ======================================================================
 PFTs Output
 ======================================================================

 ......................................................................
 plant type                          input grid area output grid area
                                       10**6 km**2      10**6 km**2
 ......................................................................

 not vegetated                                 0.000           42.066
 needleleaf evergreen temperate tree           0.000            5.873
 needleleaf evergreen boreal tree              0.000            6.502
 needleleaf deciduous boreal tree              0.000            2.123
 broadleaf evergreen tropical tree             0.000           14.407
 broadleaf evergreen temperate tree            0.000            1.416
 broadleaf deciduous tropical tree             0.000            1.644
 broadleaf deciduous temperate tree            0.000            3.354
 broadleaf deciduous boreal tree               0.000            1.204
 broadleaf evergreen shrub                     0.000            0.041
 broadleaf deciduous temperate shrub           0.000            4.574
 broadleaf deciduous boreal shrub              0.000            5.176
 c3 arctic grass                               0.000            9.995
 c3 non-arctic grass                           0.000           17.118
 c4 grass                                      0.000           21.253
 c3_crop                                       0.000            0.042
 c3_irrigated                                  0.000            0.000
 temperate_corn                                0.000            0.822
 irrigated_temperate_corn                      0.000            0.235
 spring_wheat                                  0.000            2.254
 irrigated_spring_wheat                        0.000            0.782
 winter_wheat                                  0.000            0.000
 irrigated_winter_wheat                        0.000            0.000
 temperate_soybean                             0.000            0.579
 irrigated_temperate_soybean                   0.000            0.077
 barley                                        0.000            0.818
 irrigated_barley                              0.000            0.106
 winter_barley                                 0.000            0.000
 irrigated_winter_barley                       0.000            0.000
 rye                                           0.000            0.118
 irrigated_rye                                 0.000            0.007
 winter_rye                                    0.000            0.000
 irrigated_winter_rye                          0.000            0.000
 cassava                                       0.000            0.322
 irrigated_cassava                             0.000            0.022
 citrus                                        0.000            0.131
 irrigated citrus                              0.000            0.081
 cocoa                                         0.000            0.191
 irrigated_cocoa                               0.000            0.006
 coffee                                        0.000            0.362
 irrigated_coffee                              0.000            0.031
 cotton                                        0.000            0.169
 irrigated_cotton                              0.000            0.085
 datepalm                                      0.000            0.021
 irrigated_datepalm                            0.000            0.024
 foddergrass                                   0.000            1.815
 irrigated_foddergrass                         0.000            0.334
 grapes                                        0.000            0.146
 irrigated_grapes                              0.000            0.054
 groundnuts                                    0.000            0.476
 irrigated_groundnuts                          0.000            0.082
 millet                                        0.000            0.794
 irrigated_millet                              0.000            0.114
 oilpalm                                       0.000            0.288
 irrigated_oilpalm                             0.000            0.014
 potatoes                                      0.000            0.317
 irrigated_potatoes                            0.000            0.067
 pulses                                        0.000            1.177
 irrigated_pulses                              0.000            0.302
 rapeseed                                      0.000            0.211
 irrigated_rapeseed                            0.000            0.065
 rice                                          0.000            1.650
 irrigated_rice                                0.000            0.721
 sorghum                                       0.000            0.929
 irrigated_sorghum                             0.000            0.195
 sugarbeet                                     0.000            0.061
 irrigated_sugarbeet                           0.000            0.014
 sugarcane                                     0.000            0.232
 irrigated_sugarcane                           0.000            0.077
 sunflower                                     0.000            0.308
 irrigated_sunflower                           0.000            0.065
 miscanthus                                    0.000            0.000
 irrigated_miscanthus                          0.000            0.000
 switchgrass                                   0.000            0.000
 irrigated_switchgrass                         0.000            0.000
 tropical_corn                                 0.000            1.588
 irrigated_tropical_corn                       0.000            0.234
 tropical_soybean                              0.000            0.381
 irrigated_tropical_soybean                    0.000            0.052

 ======================================================================
 Harvesting Output
 ======================================================================

 ......................................................................
 harvest type                        input grid area output grid area
                                       10**6 km**2      10**6 km**2
 ......................................................................

           HARVEST_VH1                        18.730           18.730
           HARVEST_VH2                         2.887            2.887
           HARVEST_SH1                         9.114            9.114
           HARVEST_SH2                        13.868           13.868
           HARVEST_SH3                        89.451           89.451
           GRAZING                        -15678.115       -15678.115

 ======================================================================
 Urban Output -- class 1
 ======================================================================

 ......................................................................
 surface type   input grid area  output grid area
                  10**6 km**2      10**6 km**2   
 ......................................................................

 urban                0.001            0.00057845
 all surface        510.100          510.100

 ======================================================================
 Urban Output -- class 2
 ======================================================================

 ......................................................................
 surface type   input grid area  output grid area
                  10**6 km**2      10**6 km**2   
 ......................................................................

 urban                0.216            0.21231551
 all surface        510.100          510.100

 ======================================================================
 Urban Output -- class 3
 ======================================================================

 ......................................................................
 surface type   input grid area  output grid area
                  10**6 km**2      10**6 km**2   
 ......................................................................

 urban                0.927            0.91204279
 all surface        510.100          510.100

 ======================================================================
 Urban Region ID Output
 ======================================================================

 ......................................................................
 index      input grid area  output grid area
                10**6 km**2       10**6 km**2
 ......................................................................

         1            1.582             1.599
         2            7.809             7.809
         3            8.559             8.539
         4            6.609             6.567
         5            5.680             5.711
         6           10.158            10.140
         7            0.295             0.291
         8            9.436             9.440
         9            5.824             5.810
        10            0.712             0.717
        11            2.181             2.156
        12            2.251             2.250
        13            3.194             3.223
        14            2.548             2.557
        15            6.032             6.035
        16            9.509             9.583
        17            1.240             1.293
        18            0.842             0.862
        19            1.774             1.776
        20            1.281             1.185
        21            1.025             1.051
        22           17.019            17.021
        23            3.087             3.117
        24            1.943             1.908
        25            1.405             1.368
        26            1.296             1.281
        27            4.844             4.809
        28            1.122             1.111
        29            1.801             1.873
        30            4.210             4.219
        31            5.183             5.194
        32            5.043             4.986
        33            1.118             1.129

 ======================================================================
 PFTs Output
 ======================================================================

 ......................................................................
 plant type                          input grid area output grid area
                                       10**6 km**2      10**6 km**2
 ......................................................................

 not vegetated                                 0.000           42.052
 needleleaf evergreen temperate tree           0.000            5.875
 needleleaf evergreen boreal tree              0.000            6.500
 needleleaf deciduous boreal tree              0.000            2.123
 broadleaf evergreen tropical tree             0.000           14.377
 broadleaf evergreen temperate tree            0.000            1.415
 broadleaf deciduous tropical tree             0.000            1.641
 broadleaf deciduous temperate tree            0.000            3.357
 broadleaf deciduous boreal tree               0.000            1.204
 broadleaf evergreen shrub                     0.000            0.041
 broadleaf deciduous temperate shrub           0.000            4.572
 broadleaf deciduous boreal shrub              0.000            5.176
 c3 arctic grass                               0.000            9.995
 c3 non-arctic grass                           0.000           17.116
 c4 grass                                      0.000           21.241
 c3_crop                                       0.000            0.042
 c3_irrigated                                  0.000            0.000
 temperate_corn                                0.000            0.821
 irrigated_temperate_corn                      0.000            0.236
 spring_wheat                                  0.000            2.254
 irrigated_spring_wheat                        0.000            0.785
 winter_wheat                                  0.000            0.000
 irrigated_winter_wheat                        0.000            0.000
 temperate_soybean                             0.000            0.579
 irrigated_temperate_soybean                   0.000            0.077
 barley                                        0.000            0.819
 irrigated_barley                              0.000            0.107
 winter_barley                                 0.000            0.000
 irrigated_winter_barley                       0.000            0.000
 rye                                           0.000            0.118
 irrigated_rye                                 0.000            0.007
 winter_rye                                    0.000            0.000
 irrigated_winter_rye                          0.000            0.000
 cassava                                       0.000            0.325
 irrigated_cassava                             0.000            0.022
 citrus                                        0.000            0.131
 irrigated citrus                              0.000            0.082
 cocoa                                         0.000            0.193
 irrigated_cocoa                               0.000            0.006
 coffee                                        0.000            0.363
 irrigated_coffee                              0.000            0.031
 cotton                                        0.000            0.170
 irrigated_cotton                              0.000            0.086
 datepalm                                      0.000            0.021
 irrigated_datepalm                            0.000            0.025
 foddergrass                                   0.000            1.820
 irrigated_foddergrass                         0.000            0.336
 grapes                                        0.000            0.146
 irrigated_grapes                              0.000            0.054
 groundnuts                                    0.000            0.479
 irrigated_groundnuts                          0.000            0.082
 millet                                        0.000            0.799
 irrigated_millet                              0.000            0.114
 oilpalm                                       0.000            0.289
 irrigated_oilpalm                             0.000            0.014
 potatoes                                      0.000            0.319
 irrigated_potatoes                            0.000            0.067
 pulses                                        0.000            1.181
 irrigated_pulses                              0.000            0.302
 rapeseed                                      0.000            0.211
 irrigated_rapeseed                            0.000            0.065
 rice                                          0.000            1.657
 irrigated_rice                                0.000            0.721
 sorghum                                       0.000            0.936
 irrigated_sorghum                             0.000            0.196
 sugarbeet                                     0.000            0.061
 irrigated_sugarbeet                           0.000            0.014
 sugarcane                                     0.000            0.232
 irrigated_sugarcane                           0.000            0.078
 sunflower                                     0.000            0.308
 irrigated_sunflower                           0.000            0.065
 miscanthus                                    0.000            0.000
 irrigated_miscanthus                          0.000            0.000
 switchgrass                                   0.000            0.000
 irrigated_switchgrass                         0.000            0.000
 tropical_corn                                 0.000            1.596
 irrigated_tropical_corn                       0.000            0.236
 tropical_soybean                              0.000            0.382
 irrigated_tropical_soybean                    0.000            0.052

 ======================================================================
 Harvesting Output
 ======================================================================

 ......................................................................
 harvest type                        input grid area output grid area
                                       10**6 km**2      10**6 km**2
 ......................................................................

           HARVEST_VH1                        20.790           20.790
           HARVEST_VH2                         2.808            2.808
           HARVEST_SH1                         9.151            9.151
           HARVEST_SH2                        13.907           13.907
           HARVEST_SH3                        89.080           89.080
           GRAZING                        -15678.115       -15678.115

 ======================================================================
 Urban Output -- class 1
 ======================================================================

 ......................................................................
 surface type   input grid area  output grid area
                  10**6 km**2      10**6 km**2   
 ......................................................................

 urban                0.001            0.00057919
 all surface        510.100          510.100

 ======================================================================
 Urban Output -- class 2
 ======================================================================

 ......................................................................
 surface type   input grid area  output grid area
                  10**6 km**2      10**6 km**2   
 ......................................................................

 urban                0.217            0.21380576
 all surface        510.100          510.100

 ======================================================================
 Urban Output -- class 3
 ======================================================================

 ......................................................................
 surface type   input grid area  output grid area
                  10**6 km**2      10**6 km**2   
 ......................................................................

 urban                0.934            0.91899449
 all surface        510.100          510.100

 ======================================================================
 Urban Region ID Output
 ======================================================================

 ......................................................................
 index      input grid area  output grid area
                10**6 km**2       10**6 km**2
 ......................................................................

         1            1.582             1.599
         2            7.809             7.809
         3            8.559             8.539
         4            6.609             6.567
         5            5.680             5.711
         6           10.158            10.140
         7            0.295             0.291
         8            9.436             9.440
         9            5.824             5.810
        10            0.712             0.717
        11            2.181             2.156
        12            2.251             2.250
        13            3.194             3.223
        14            2.548             2.557
        15            6.032             6.035
        16            9.509             9.583
        17            1.240             1.293
        18            0.842             0.862
        19            1.774             1.776
        20            1.281             1.185
        21            1.025             1.051
        22           17.019            17.021
        23            3.087             3.117
        24            1.943             1.908
        25            1.405             1.368
        26            1.296             1.281
        27            4.844             4.809
        28            1.122             1.111
        29            1.801             1.873
        30            4.210             4.219
        31            5.183             5.194
        32            5.043             4.986
        33            1.118             1.129

 ======================================================================
 PFTs Output
 ======================================================================

 ......................................................................
 plant type                          input grid area output grid area
                                       10**6 km**2      10**6 km**2
 ......................................................................

 not vegetated                                 0.000           42.038
 needleleaf evergreen temperate tree           0.000            5.877
 needleleaf evergreen boreal tree              0.000            6.497
 needleleaf deciduous boreal tree              0.000            2.123
 broadleaf evergreen tropical tree             0.000           14.346
 broadleaf evergreen temperate tree            0.000            1.415
 broadleaf deciduous tropical tree             0.000            1.637
 broadleaf deciduous temperate tree            0.000            3.359
 broadleaf deciduous boreal tree               0.000            1.204
 broadleaf evergreen shrub                     0.000            0.041
 broadleaf deciduous temperate shrub           0.000            4.571
 broadleaf deciduous boreal shrub              0.000            5.176
 c3 arctic grass                               0.000            9.995
 c3 non-arctic grass                           0.000           17.115
 c4 grass                                      0.000           21.229
 c3_crop                                       0.000            0.042
 c3_irrigated                                  0.000            0.000
 temperate_corn                                0.000            0.821
 irrigated_temperate_corn                      0.000            0.237
 spring_wheat                                  0.000            2.254
 irrigated_spring_wheat                        0.000            0.787
 winter_wheat                                  0.000            0.000
 irrigated_winter_wheat                        0.000            0.000
 temperate_soybean                             0.000            0.579
 irrigated_temperate_soybean                   0.000            0.078
 barley                                        0.000            0.820
 irrigated_barley                              0.000            0.107
 winter_barley                                 0.000            0.000
 irrigated_winter_barley                       0.000            0.000
 rye                                           0.000            0.117
 irrigated_rye                                 0.000            0.007
 winter_rye                                    0.000            0.000
 irrigated_winter_rye                          0.000            0.000
 cassava                                       0.000            0.327
 irrigated_cassava                             0.000            0.022
 citrus                                        0.000            0.131
 irrigated citrus                              0.000            0.082
 cocoa                                         0.000            0.195
 irrigated_cocoa                               0.000            0.006
 coffee                                        0.000            0.365
 irrigated_coffee                              0.000            0.032
 cotton                                        0.000            0.172
 irrigated_cotton                              0.000            0.086
 datepalm                                      0.000            0.021
 irrigated_datepalm                            0.000            0.025
 foddergrass                                   0.000            1.825
 irrigated_foddergrass                         0.000            0.338
 grapes                                        0.000            0.146
 irrigated_grapes                              0.000            0.054
 groundnuts                                    0.000            0.483
 irrigated_groundnuts                          0.000            0.082
 millet                                        0.000            0.803
 irrigated_millet                              0.000            0.115
 oilpalm                                       0.000            0.290
 irrigated_oilpalm                             0.000            0.014
 potatoes                                      0.000            0.320
 irrigated_potatoes                            0.000            0.067
 pulses                                        0.000            1.186
 irrigated_pulses                              0.000            0.303
 rapeseed                                      0.000            0.211
 irrigated_rapeseed                            0.000            0.065
 rice                                          0.000            1.664
 irrigated_rice                                0.000            0.719
 sorghum                                       0.000            0.943
 irrigated_sorghum                             0.000            0.197
 sugarbeet                                     0.000            0.060
 irrigated_sugarbeet                           0.000            0.014
 sugarcane                                     0.000            0.233
 irrigated_sugarcane                           0.000            0.078
 sunflower                                     0.000            0.309
 irrigated_sunflower                           0.000            0.066
 miscanthus                                    0.000            0.000
 irrigated_miscanthus                          0.000            0.000
 switchgrass                                   0.000            0.000
 irrigated_switchgrass                         0.000            0.000
 tropical_corn                                 0.000            1.604
 irrigated_tropical_corn                       0.000            0.238
 tropical_soybean                              0.000            0.382
 irrigated_tropical_soybean                    0.000            0.053

 ======================================================================
 Harvesting Output
 ======================================================================

 ......................................................................
 harvest type                        input grid area output grid area
                                       10**6 km**2      10**6 km**2
 ......................................................................

           HARVEST_VH1                        23.165           23.165
           HARVEST_VH2                         2.743            2.743
           HARVEST_SH1                         9.207            9.207
           HARVEST_SH2                        13.941           13.941
           HARVEST_SH3                        89.143           89.143
           GRAZING                        -15678.115       -15678.115

 ======================================================================
 Urban Output -- class 1
 ======================================================================

 ......................................................................
 surface type   input grid area  output grid area
                  10**6 km**2      10**6 km**2   
 ......................................................................

 urban                0.001            0.00057993
 all surface        510.100          510.100

 ======================================================================
 Urban Output -- class 2
 ======================================================================

 ......................................................................
 surface type   input grid area  output grid area
                  10**6 km**2      10**6 km**2   
 ......................................................................

 urban                0.219            0.21529701
 all surface        510.100          510.100

 ======================================================================
 Urban Output -- class 3
 ======================================================================

 ......................................................................
 surface type   input grid area  output grid area
                  10**6 km**2      10**6 km**2   
 ......................................................................

 urban                0.941            0.92593814
 all surface        510.100          510.100

 ======================================================================
 Urban Region ID Output
 ======================================================================

 ......................................................................
 index      input grid area  output grid area
                10**6 km**2       10**6 km**2
 ......................................................................

         1            1.582             1.599
         2            7.809             7.809
         3            8.559             8.539
         4            6.609             6.567
         5            5.680             5.711
         6           10.158            10.140
         7            0.295             0.291
         8            9.436             9.440
         9            5.824             5.810
        10            0.712             0.717
        11            2.181             2.156
        12            2.251             2.250
        13            3.194             3.223
        14            2.548             2.557
        15            6.032             6.035
        16            9.509             9.583
        17            1.240             1.293
        18            0.842             0.862
        19            1.774             1.776
        20            1.281             1.185
        21            1.025             1.051
        22           17.019            17.021
        23            3.087             3.117
        24            1.943             1.908
        25            1.405             1.368
        26            1.296             1.281
        27            4.844             4.809
        28            1.122             1.111
        29            1.801             1.873
        30            4.210             4.219
        31            5.183             5.194
        32            5.043             4.986
        33            1.118             1.129

 ======================================================================
 PFTs Output
 ======================================================================

 ......................................................................
 plant type                          input grid area output grid area
                                       10**6 km**2      10**6 km**2
 ......................................................................

 not vegetated                                 0.000           42.022
 needleleaf evergreen temperate tree           0.000            5.879
 needleleaf evergreen boreal tree              0.000            6.495
 needleleaf deciduous boreal tree              0.000            2.123
 broadleaf evergreen tropical tree             0.000           14.317
 broadleaf evergreen temperate tree            0.000            1.414
 broadleaf deciduous tropical tree             0.000            1.634
 broadleaf deciduous temperate tree            0.000            3.361
 broadleaf deciduous boreal tree               0.000            1.203
 broadleaf evergreen shrub                     0.000            0.041
 broadleaf deciduous temperate shrub           0.000            4.569
 broadleaf deciduous boreal shrub              0.000            5.176
 c3 arctic grass                               0.000            9.994
 c3 non-arctic grass                           0.000           17.115
 c4 grass                                      0.000           21.220
 c3_crop                                       0.000            0.044
 c3_irrigated                                  0.000            0.000
 temperate_corn                                0.000            0.820
 irrigated_temperate_corn                      0.000            0.237
 spring_wheat                                  0.000            2.255
 irrigated_spring_wheat                        0.000            0.789
 winter_wheat                                  0.000            0.000
 irrigated_winter_wheat                        0.000            0.000
 temperate_soybean                             0.000            0.578
 irrigated_temperate_soybean                   0.000            0.078
 barley                                        0.000            0.820
 irrigated_barley                              0.000            0.108
 winter_barley                                 0.000            0.000
 irrigated_winter_barley                       0.000            0.000
 rye                                           0.000            0.117
 irrigated_rye                                 0.000            0.007
 winter_rye                                    0.000            0.000
 irrigated_winter_rye                          0.000            0.000
 cassava                                       0.000            0.331
 irrigated_cassava                             0.000            0.022
 citrus                                        0.000            0.131
 irrigated citrus                              0.000            0.082
 cocoa                                         0.000            0.198
 irrigated_cocoa                               0.000            0.006
 coffee                                        0.000            0.367
 irrigated_coffee                              0.000            0.032
 cotton                                        0.000            0.173
 irrigated_cotton                              0.000            0.086
 datepalm                                      0.000            0.021
 irrigated_datepalm                            0.000            0.025
 foddergrass                                   0.000            1.831
 irrigated_foddergrass                         0.000            0.340
 grapes                                        0.000            0.146
 irrigated_grapes                              0.000            0.054
 groundnuts                                    0.000            0.485
 irrigated_groundnuts                          0.000            0.083
 millet                                        0.000            0.806
 irrigated_millet                              0.000            0.116
 oilpalm                                       0.000            0.291
 irrigated_oilpalm                             0.000            0.014
 potatoes                                      0.000            0.322
 irrigated_potatoes                            0.000            0.068
 pulses                                        0.000            1.190
 irrigated_pulses                              0.000            0.304
 rapeseed                                      0.000            0.210
 irrigated_rapeseed                            0.000            0.065
 rice                                          0.000            1.670
 irrigated_rice                                0.000            0.718
 sorghum                                       0.000            0.948
 irrigated_sorghum                             0.000            0.198
 sugarbeet                                     0.000            0.060
 irrigated_sugarbeet                           0.000            0.014
 sugarcane                                     0.000            0.234
 irrigated_sugarcane                           0.000            0.078
 sunflower                                     0.000            0.309
 irrigated_sunflower                           0.000            0.066
 miscanthus                                    0.000            0.000
 irrigated_miscanthus                          0.000            0.000
 switchgrass                                   0.000            0.000
 irrigated_switchgrass                         0.000            0.000
 tropical_corn                                 0.000            1.614
 irrigated_tropical_corn                       0.000            0.239
 tropical_soybean                              0.000            0.383
 irrigated_tropical_soybean                    0.000            0.053

 ======================================================================
 Harvesting Output
 ======================================================================

 ......................................................................
 harvest type                        input grid area output grid area
                                       10**6 km**2      10**6 km**2
 ......................................................................

           HARVEST_VH1                        23.081           23.081
           HARVEST_VH2                         2.655            2.655
           HARVEST_SH1                         9.279            9.279
           HARVEST_SH2                        13.976           13.976
           HARVEST_SH3                        89.362           89.362
           GRAZING                        -15678.115       -15678.115

 ======================================================================
 Urban Output -- class 1
 ======================================================================

 ......................................................................
 surface type   input grid area  output grid area
                  10**6 km**2      10**6 km**2   
 ......................................................................

 urban                0.001            0.00058067
 all surface        510.100          510.100

 ======================================================================
 Urban Output -- class 2
 ======================================================================

 ......................................................................
 surface type   input grid area  output grid area
                  10**6 km**2      10**6 km**2   
 ......................................................................

 urban                0.220            0.21681372
 all surface        510.100          510.100

 ======================================================================
 Urban Output -- class 3
 ======================================================================

 ......................................................................
 surface type   input grid area  output grid area
                  10**6 km**2      10**6 km**2   
 ......................................................................

 urban                0.948            0.93297803
 all surface        510.100          510.100

 ======================================================================
 Urban Region ID Output
 ======================================================================

 ......................................................................
 index      input grid area  output grid area
                10**6 km**2       10**6 km**2
 ......................................................................

         1            1.582             1.599
         2            7.809             7.809
         3            8.559             8.539
         4            6.609             6.567
         5            5.680             5.711
         6           10.158            10.140
         7            0.295             0.291
         8            9.436             9.440
         9            5.824             5.810
        10            0.712             0.717
        11            2.181             2.156
        12            2.251             2.250
        13            3.194             3.223
        14            2.548             2.557
        15            6.032             6.035
        16            9.509             9.583
        17            1.240             1.293
        18            0.842             0.862
        19            1.774             1.776
        20            1.281             1.185
        21            1.025             1.051
        22           17.019            17.021
        23            3.087             3.117
        24            1.943             1.908
        25            1.405             1.368
        26            1.296             1.281
        27            4.844             4.809
        28            1.122             1.111
        29            1.801             1.873
        30            4.210             4.219
        31            5.183             5.194
        32            5.043             4.986
        33            1.118             1.129

 ======================================================================
 PFTs Output
 ======================================================================

 ......................................................................
 plant type                          input grid area output grid area
                                       10**6 km**2      10**6 km**2
 ......................................................................

 not vegetated                                 0.000           42.006
 needleleaf evergreen temperate tree           0.000            5.880
 needleleaf evergreen boreal tree              0.000            6.493
 needleleaf deciduous boreal tree              0.000            2.123
 broadleaf evergreen tropical tree             0.000           14.288
 broadleaf evergreen temperate tree            0.000            1.414
 broadleaf deciduous tropical tree             0.000            1.631
 broadleaf deciduous temperate tree            0.000            3.362
 broadleaf deciduous boreal tree               0.000            1.203
 broadleaf evergreen shrub                     0.000            0.041
 broadleaf deciduous temperate shrub           0.000            4.567
 broadleaf deciduous boreal shrub              0.000            5.176
 c3 arctic grass                               0.000            9.994
 c3 non-arctic grass                           0.000           17.114
 c4 grass                                      0.000           21.211
 c3_crop                                       0.000            0.045
 c3_irrigated                                  0.000            0.000
 temperate_corn                                0.000            0.818
 irrigated_temperate_corn                      0.000            0.238
 spring_wheat                                  0.000            2.256
 irrigated_spring_wheat                        0.000            0.791
 winter_wheat                                  0.000            0.000
 irrigated_winter_wheat                        0.000            0.000
 temperate_soybean                             0.000            0.577
 irrigated_temperate_soybean                   0.000            0.079
 barley                                        0.000            0.820
 irrigated_barley                              0.000            0.108
 winter_barley                                 0.000            0.000
 irrigated_winter_barley                       0.000            0.000
 rye                                           0.000            0.116
 irrigated_rye                                 0.000            0.007
 winter_rye                                    0.000            0.000
 irrigated_winter_rye                          0.000            0.000
 cassava                                       0.000            0.334
 irrigated_cassava                             0.000            0.022
 citrus                                        0.000            0.131
 irrigated citrus                              0.000            0.082
 cocoa                                         0.000            0.201
 irrigated_cocoa                               0.000            0.006
 coffee                                        0.000            0.369
 irrigated_coffee                              0.000            0.032
 cotton                                        0.000            0.174
 irrigated_cotton                              0.000            0.086
 datepalm                                      0.000            0.022
 irrigated_datepalm                            0.000            0.025
 foddergrass                                   0.000            1.836
 irrigated_foddergrass                         0.000            0.341
 grapes                                        0.000            0.147
 irrigated_grapes                              0.000            0.054
 groundnuts                                    0.000            0.488
 irrigated_groundnuts                          0.000            0.083
 millet                                        0.000            0.810
 irrigated_millet                              0.000            0.116
 oilpalm                                       0.000            0.292
 irrigated_oilpalm                             0.000            0.014
 potatoes                                      0.000            0.323
 irrigated_potatoes                            0.000            0.068
 pulses                                        0.000            1.195
 irrigated_pulses                              0.000            0.305
 rapeseed                                      0.000            0.210
 irrigated_rapeseed                            0.000            0.065
 rice                                          0.000            1.676
 irrigated_rice                                0.000            0.717
 sorghum                                       0.000            0.953
 irrigated_sorghum                             0.000            0.199
 sugarbeet                                     0.000            0.060
 irrigated_sugarbeet                           0.000            0.014
 sugarcane                                     0.000            0.234
 irrigated_sugarcane                           0.000            0.078
 sunflower                                     0.000            0.310
 irrigated_sunflower                           0.000            0.067
 miscanthus                                    0.000            0.000
 irrigated_miscanthus                          0.000            0.000
 switchgrass                                   0.000            0.000
 irrigated_switchgrass                         0.000            0.000
 tropical_corn                                 0.000            1.623
 irrigated_tropical_corn                       0.000            0.241
 tropical_soybean                              0.000            0.383
 irrigated_tropical_soybean                    0.000            0.053

 ======================================================================
 Harvesting Output
 ======================================================================

 ......................................................................
 harvest type                        input grid area output grid area
                                       10**6 km**2      10**6 km**2
 ......................................................................

           HARVEST_VH1                        23.012           23.012
           HARVEST_VH2                         2.601            2.601
           HARVEST_SH1                         9.448            9.448
           HARVEST_SH2                        14.051           14.051
           HARVEST_SH3                        89.637           89.637
           GRAZING                        -15678.115       -15678.115

 ======================================================================
 Urban Output -- class 1
 ======================================================================

 ......................................................................
 surface type   input grid area  output grid area
                  10**6 km**2      10**6 km**2   
 ......................................................................

 urban                0.001            0.00058141
 all surface        510.100          510.100

 ======================================================================
 Urban Output -- class 2
 ======================================================================

 ......................................................................
 surface type   input grid area  output grid area
                  10**6 km**2      10**6 km**2   
 ......................................................................

 urban                0.222            0.21833213
 all surface        510.100          510.100

 ======================================================================
 Urban Output -- class 3
 ======================================================================

 ......................................................................
 surface type   input grid area  output grid area
                  10**6 km**2      10**6 km**2   
 ......................................................................

 urban                0.955            0.94003900
 all surface        510.100          510.100

 ======================================================================
 Urban Region ID Output
 ======================================================================

 ......................................................................
 index      input grid area  output grid area
                10**6 km**2       10**6 km**2
 ......................................................................

         1            1.582             1.599
         2            7.809             7.809
         3            8.559             8.539
         4            6.609             6.567
         5            5.680             5.711
         6           10.158            10.140
         7            0.295             0.291
         8            9.436             9.440
         9            5.824             5.810
        10            0.712             0.717
        11            2.181             2.156
        12            2.251             2.250
        13            3.194             3.223
        14            2.548             2.557
        15            6.032             6.035
        16            9.509             9.583
        17            1.240             1.293
        18            0.842             0.862
        19            1.774             1.776
        20            1.281             1.185
        21            1.025             1.051
        22           17.019            17.021
        23            3.087             3.117
        24            1.943             1.908
        25            1.405             1.368
        26            1.296             1.281
        27            4.844             4.809
        28            1.122             1.111
        29            1.801             1.873
        30            4.210             4.219
        31            5.183             5.194
        32            5.043             4.986
        33            1.118             1.129

 ======================================================================
 PFTs Output
 ======================================================================

 ......................................................................
 plant type                          input grid area output grid area
                                       10**6 km**2      10**6 km**2
 ......................................................................

 not vegetated                                 0.000           41.990
 needleleaf evergreen temperate tree           0.000            5.882
 needleleaf evergreen boreal tree              0.000            6.490
 needleleaf deciduous boreal tree              0.000            2.123
 broadleaf evergreen tropical tree             0.000           14.258
 broadleaf evergreen temperate tree            0.000            1.414
 broadleaf deciduous tropical tree             0.000            1.628
 broadleaf deciduous temperate tree            0.000            3.364
 broadleaf deciduous boreal tree               0.000            1.203
 broadleaf evergreen shrub                     0.000            0.041
 broadleaf deciduous temperate shrub           0.000            4.565
 broadleaf deciduous boreal shrub              0.000            5.175
 c3 arctic grass                               0.000            9.994
 c3 non-arctic grass                           0.000           17.114
 c4 grass                                      0.000           21.203
 c3_crop                                       0.000            0.046
 c3_irrigated                                  0.000            0.000
 temperate_corn                                0.000            0.817
 irrigated_temperate_corn                      0.000            0.238
 spring_wheat                                  0.000            2.257
 irrigated_spring_wheat                        0.000            0.793
 winter_wheat                                  0.000            0.000
 irrigated_winter_wheat                        0.000            0.000
 temperate_soybean                             0.000            0.577
 irrigated_temperate_soybean                   0.000            0.079
 barley                                        0.000            0.821
 irrigated_barley                              0.000            0.108
 winter_barley                                 0.000            0.000
 irrigated_winter_barley                       0.000            0.000
 rye                                           0.000            0.116
 irrigated_rye                                 0.000            0.007
 winter_rye                                    0.000            0.000
 irrigated_winter_rye                          0.000            0.000
 cassava                                       0.000            0.337
 irrigated_cassava                             0.000            0.022
 citrus                                        0.000            0.131
 irrigated citrus                              0.000            0.083
 cocoa                                         0.000            0.203
 irrigated_cocoa                               0.000            0.006
 coffee                                        0.000            0.372
 irrigated_coffee                              0.000            0.032
 cotton                                        0.000            0.175
 irrigated_cotton                              0.000            0.086
 datepalm                                      0.000            0.022
 irrigated_datepalm                            0.000            0.025
 foddergrass                                   0.000            1.841
 irrigated_foddergrass                         0.000            0.343
 grapes                                        0.000            0.147
 irrigated_grapes                              0.000            0.055
 groundnuts                                    0.000            0.490
 irrigated_groundnuts                          0.000            0.083
 millet                                        0.000            0.814
 irrigated_millet                              0.000            0.117
 oilpalm                                       0.000            0.294
 irrigated_oilpalm                             0.000            0.014
 potatoes                                      0.000            0.324
 irrigated_potatoes                            0.000            0.068
 pulses                                        0.000            1.199
 irrigated_pulses                              0.000            0.305
 rapeseed                                      0.000            0.209
 irrigated_rapeseed                            0.000            0.065
 rice                                          0.000            1.683
 irrigated_rice                                0.000            0.716
 sorghum                                       0.000            0.958
 irrigated_sorghum                             0.000            0.200
 sugarbeet                                     0.000            0.060
 irrigated_sugarbeet                           0.000            0.014
 sugarcane                                     0.000            0.235
 irrigated_sugarcane                           0.000            0.078
 sunflower                                     0.000            0.310
 irrigated_sunflower                           0.000            0.067
 miscanthus                                    0.000            0.000
 irrigated_miscanthus                          0.000            0.000
 switchgrass                                   0.000            0.000
 irrigated_switchgrass                         0.000            0.000
 tropical_corn                                 0.000            1.633
 irrigated_tropical_corn                       0.000            0.242
 tropical_soybean                              0.000            0.384
 irrigated_tropical_soybean                    0.000            0.053

 ======================================================================
 Harvesting Output
 ======================================================================

 ......................................................................
 harvest type                        input grid area output grid area
                                       10**6 km**2      10**6 km**2
 ......................................................................

           HARVEST_VH1                        22.129           22.129
           HARVEST_VH2                         2.544            2.544
           HARVEST_SH1                        10.100           10.100
           HARVEST_SH2                        14.119           14.119
           HARVEST_SH3                        89.824           89.824
           GRAZING                        -15678.115       -15678.115

 ======================================================================
 Urban Output -- class 1
 ======================================================================

 ......................................................................
 surface type   input grid area  output grid area
                  10**6 km**2      10**6 km**2   
 ......................................................................

 urban                0.001            0.00058215
 all surface        510.100          510.100

 ======================================================================
 Urban Output -- class 2
 ======================================================================

 ......................................................................
 surface type   input grid area  output grid area
                  10**6 km**2      10**6 km**2   
 ......................................................................

 urban                0.223            0.21984436
 all surface        510.100          510.100

 ======================================================================
 Urban Output -- class 3
 ======================================================================

 ......................................................................
 surface type   input grid area  output grid area
                  10**6 km**2      10**6 km**2   
 ......................................................................

 urban                0.962            0.94706640
 all surface        510.100          510.100

 ======================================================================
 Urban Region ID Output
 ======================================================================

 ......................................................................
 index      input grid area  output grid area
                10**6 km**2       10**6 km**2
 ......................................................................

         1            1.582             1.599
         2            7.809             7.809
         3            8.559             8.539
         4            6.609             6.567
         5            5.680             5.711
         6           10.158            10.140
         7            0.295             0.291
         8            9.436             9.440
         9            5.824             5.810
        10            0.712             0.717
        11            2.181             2.156
        12            2.251             2.250
        13            3.194             3.223
        14            2.548             2.557
        15            6.032             6.035
        16            9.509             9.583
        17            1.240             1.293
        18            0.842             0.862
        19            1.774             1.776
        20            1.281             1.185
        21            1.025             1.051
        22           17.019            17.021
        23            3.087             3.117
        24            1.943             1.908
        25            1.405             1.368
        26            1.296             1.281
        27            4.844             4.809
        28            1.122             1.111
        29            1.801             1.873
        30            4.210             4.219
        31            5.183             5.194
        32            5.043             4.986
        33            1.118             1.129

 ======================================================================
 PFTs Output
 ======================================================================

 ......................................................................
 plant type                          input grid area output grid area
                                       10**6 km**2      10**6 km**2
 ......................................................................

 not vegetated                                 0.000           41.973
 needleleaf evergreen temperate tree           0.000            5.883
 needleleaf evergreen boreal tree              0.000            6.488
 needleleaf deciduous boreal tree              0.000            2.123
 broadleaf evergreen tropical tree             0.000           14.229
 broadleaf evergreen temperate tree            0.000            1.414
 broadleaf deciduous tropical tree             0.000            1.625
 broadleaf deciduous temperate tree            0.000            3.366
 broadleaf deciduous boreal tree               0.000            1.202
 broadleaf evergreen shrub                     0.000            0.040
 broadleaf deciduous temperate shrub           0.000            4.562
 broadleaf deciduous boreal shrub              0.000            5.175
 c3 arctic grass                               0.000            9.994
 c3 non-arctic grass                           0.000           17.114
 c4 grass                                      0.000           21.194
 c3_crop                                       0.000            0.047
 c3_irrigated                                  0.000            0.000
 temperate_corn                                0.000            0.816
 irrigated_temperate_corn                      0.000            0.239
 spring_wheat                                  0.000            2.257
 irrigated_spring_wheat                        0.000            0.795
 winter_wheat                                  0.000            0.000
 irrigated_winter_wheat                        0.000            0.000
 temperate_soybean                             0.000            0.576
 irrigated_temperate_soybean                   0.000            0.079
 barley                                        0.000            0.821
 irrigated_barley                              0.000            0.109
 winter_barley                                 0.000            0.000
 irrigated_winter_barley                       0.000            0.000
 rye                                           0.000            0.115
 irrigated_rye                                 0.000            0.007
 winter_rye                                    0.000            0.000
 irrigated_winter_rye                          0.000            0.000
 cassava                                       0.000            0.340
 irrigated_cassava                             0.000            0.022
 citrus                                        0.000            0.131
 irrigated citrus                              0.000            0.083
 cocoa                                         0.000            0.206
 irrigated_cocoa                               0.000            0.006
 coffee                                        0.000            0.374
 irrigated_coffee                              0.000            0.032
 cotton                                        0.000            0.176
 irrigated_cotton                              0.000            0.086
 datepalm                                      0.000            0.022
 irrigated_datepalm                            0.000            0.026
 foddergrass                                   0.000            1.847
 irrigated_foddergrass                         0.000            0.344
 grapes                                        0.000            0.148
 irrigated_grapes                              0.000            0.055
 groundnuts                                    0.000            0.493
 irrigated_groundnuts                          0.000            0.084
 millet                                        0.000            0.817
 irrigated_millet                              0.000            0.117
 oilpalm                                       0.000            0.295
 irrigated_oilpalm                             0.000            0.014
 potatoes                                      0.000            0.325
 irrigated_potatoes                            0.000            0.068
 pulses                                        0.000            1.204
 irrigated_pulses                              0.000            0.306
 rapeseed                                      0.000            0.209
 irrigated_rapeseed                            0.000            0.065
 rice                                          0.000            1.689
 irrigated_rice                                0.000            0.715
 sorghum                                       0.000            0.963
 irrigated_sorghum                             0.000            0.201
 sugarbeet                                     0.000            0.060
 irrigated_sugarbeet                           0.000            0.014
 sugarcane                                     0.000            0.236
 irrigated_sugarcane                           0.000            0.078
 sunflower                                     0.000            0.311
 irrigated_sunflower                           0.000            0.068
 miscanthus                                    0.000            0.000
 irrigated_miscanthus                          0.000            0.000
 switchgrass                                   0.000            0.000
 irrigated_switchgrass                         0.000            0.000
 tropical_corn                                 0.000            1.642
 irrigated_tropical_corn                       0.000            0.244
 tropical_soybean                              0.000            0.384
 irrigated_tropical_soybean                    0.000            0.053

 ======================================================================
 Harvesting Output
 ======================================================================

 ......................................................................
 harvest type                        input grid area output grid area
                                       10**6 km**2      10**6 km**2
 ......................................................................

           HARVEST_VH1                        19.667           19.667
           HARVEST_VH2                         2.495            2.495
           HARVEST_SH1                        10.117           10.117
           HARVEST_SH2                        15.269           15.269
           HARVEST_SH3                        90.064           90.064
           GRAZING                        -15678.115       -15678.115

 ======================================================================
 Urban Output -- class 1
 ======================================================================

 ......................................................................
 surface type   input grid area  output grid area
                  10**6 km**2      10**6 km**2   
 ......................................................................

 urban                0.001            0.00058289
 all surface        510.100          510.100

 ======================================================================
 Urban Output -- class 2
 ======================================================================

 ......................................................................
 surface type   input grid area  output grid area
                  10**6 km**2      10**6 km**2   
 ......................................................................

 urban                0.225            0.22135457
 all surface        510.100          510.100

 ======================================================================
 Urban Output -- class 3
 ======================================================================

 ......................................................................
 surface type   input grid area  output grid area
                  10**6 km**2      10**6 km**2   
 ......................................................................

 urban                0.969            0.95410670
 all surface        510.100          510.100

 ======================================================================
 Urban Region ID Output
 ======================================================================

 ......................................................................
 index      input grid area  output grid area
                10**6 km**2       10**6 km**2
 ......................................................................

         1            1.582             1.599
         2            7.809             7.809
         3            8.559             8.539
         4            6.609             6.567
         5            5.680             5.711
         6           10.158            10.140
         7            0.295             0.291
         8            9.436             9.440
         9            5.824             5.810
        10            0.712             0.717
        11            2.181             2.156
        12            2.251             2.250
        13            3.194             3.223
        14            2.548             2.557
        15            6.032             6.035
        16            9.509             9.583
        17            1.240             1.293
        18            0.842             0.862
        19            1.774             1.776
        20            1.281             1.185
        21            1.025             1.051
        22           17.019            17.021
        23            3.087             3.117
        24            1.943             1.908
        25            1.405             1.368
        26            1.296             1.281
        27            4.844             4.809
        28            1.122             1.111
        29            1.801             1.873
        30            4.210             4.219
        31            5.183             5.194
        32            5.043             4.986
        33            1.118             1.129

 ======================================================================
 PFTs Output
 ======================================================================

 ......................................................................
 plant type                          input grid area output grid area
                                       10**6 km**2      10**6 km**2
 ......................................................................

 not vegetated                                 0.000           41.956
 needleleaf evergreen temperate tree           0.000            5.885
 needleleaf evergreen boreal tree              0.000            6.485
 needleleaf deciduous boreal tree              0.000            2.123
 broadleaf evergreen tropical tree             0.000           14.200
 broadleaf evergreen temperate tree            0.000            1.413
 broadleaf deciduous tropical tree             0.000            1.622
 broadleaf deciduous temperate tree            0.000            3.368
 broadleaf deciduous boreal tree               0.000            1.202
 broadleaf evergreen shrub                     0.000            0.040
 broadleaf deciduous temperate shrub           0.000            4.560
 broadleaf deciduous boreal shrub              0.000            5.175
 c3 arctic grass                               0.000            9.994
 c3 non-arctic grass                           0.000           17.113
 c4 grass                                      0.000           21.186
 c3_crop                                       0.000            0.048
 c3_irrigated                                  0.000            0.000
 temperate_corn                                0.000            0.815
 irrigated_temperate_corn                      0.000            0.240
 spring_wheat                                  0.000            2.258
 irrigated_spring_wheat                        0.000            0.797
 winter_wheat                                  0.000            0.000
 irrigated_winter_wheat                        0.000            0.000
 temperate_soybean                             0.000            0.575
 irrigated_temperate_soybean                   0.000            0.080
 barley                                        0.000            0.822
 irrigated_barley                              0.000            0.109
 winter_barley                                 0.000            0.000
 irrigated_winter_barley                       0.000            0.000
 rye                                           0.000            0.115
 irrigated_rye                                 0.000            0.007
 winter_rye                                    0.000            0.000
 irrigated_winter_rye                          0.000            0.000
 cassava                                       0.000            0.344
 irrigated_cassava                             0.000            0.022
 citrus                                        0.000            0.131
 irrigated citrus                              0.000            0.083
 cocoa                                         0.000            0.209
 irrigated_cocoa                               0.000            0.006
 coffee                                        0.000            0.376
 irrigated_coffee                              0.000            0.032
 cotton                                        0.000            0.177
 irrigated_cotton                              0.000            0.086
 datepalm                                      0.000            0.022
 irrigated_datepalm                            0.000            0.026
 foddergrass                                   0.000            1.852
 irrigated_foddergrass                         0.000            0.346
 grapes                                        0.000            0.148
 irrigated_grapes                              0.000            0.055
 groundnuts                                    0.000            0.495
 irrigated_groundnuts                          0.000            0.084
 millet                                        0.000            0.821
 irrigated_millet                              0.000            0.118
 oilpalm                                       0.000            0.296
 irrigated_oilpalm                             0.000            0.014
 potatoes                                      0.000            0.327
 irrigated_potatoes                            0.000            0.069
 pulses                                        0.000            1.208
 irrigated_pulses                              0.000            0.307
 rapeseed                                      0.000            0.209
 irrigated_rapeseed                            0.000            0.065
 rice                                          0.000            1.696
 irrigated_rice                                0.000            0.714
 sorghum                                       0.000            0.968
 irrigated_sorghum                             0.000            0.201
 sugarbeet                                     0.000            0.060
 irrigated_sugarbeet                           0.000            0.015
 sugarcane                                     0.000            0.237
 irrigated_sugarcane                           0.000            0.078
 sunflower                                     0.000            0.311
 irrigated_sunflower                           0.000            0.068
 miscanthus                                    0.000            0.000
 irrigated_miscanthus                          0.000            0.000
 switchgrass                                   0.000            0.000
 irrigated_switchgrass                         0.000            0.000
 tropical_corn                                 0.000            1.652
 irrigated_tropical_corn                       0.000            0.246
 tropical_soybean                              0.000            0.384
 irrigated_tropical_soybean                    0.000            0.053

 ======================================================================
 Harvesting Output
 ======================================================================

 ......................................................................
 harvest type                        input grid area output grid area
                                       10**6 km**2      10**6 km**2
 ......................................................................

           HARVEST_VH1                        20.374           20.374
           HARVEST_VH2                         2.531            2.531
           HARVEST_SH1                        10.120           10.120
           HARVEST_SH2                        15.201           15.201
           HARVEST_SH3                        90.420           90.420
           GRAZING                        -15678.115       -15678.115

 ======================================================================
 Urban Output -- class 1
 ======================================================================

 ......................................................................
 surface type   input grid area  output grid area
                  10**6 km**2      10**6 km**2   
 ......................................................................

 urban                0.001            0.00058363
 all surface        510.100          510.100

 ======================================================================
 Urban Output -- class 2
 ======================================================================

 ......................................................................
 surface type   input grid area  output grid area
                  10**6 km**2      10**6 km**2   
 ......................................................................

 urban                0.226            0.22286604
 all surface        510.100          510.100

 ======================================================================
 Urban Output -- class 3
 ======================================================================

 ......................................................................
 surface type   input grid area  output grid area
                  10**6 km**2      10**6 km**2   
 ......................................................................

 urban                0.976            0.96113700
 all surface        510.100          510.100

 ======================================================================
 Urban Region ID Output
 ======================================================================

 ......................................................................
 index      input grid area  output grid area
                10**6 km**2       10**6 km**2
 ......................................................................

         1            1.582             1.599
         2            7.809             7.809
         3            8.559             8.539
         4            6.609             6.567
         5            5.680             5.711
         6           10.158            10.140
         7            0.295             0.291
         8            9.436             9.440
         9            5.824             5.810
        10            0.712             0.717
        11            2.181             2.156
        12            2.251             2.250
        13            3.194             3.223
        14            2.548             2.557
        15            6.032             6.035
        16            9.509             9.583
        17            1.240             1.293
        18            0.842             0.862
        19            1.774             1.776
        20            1.281             1.185
        21            1.025             1.051
        22           17.019            17.021
        23            3.087             3.117
        24            1.943             1.908
        25            1.405             1.368
        26            1.296             1.281
        27            4.844             4.809
        28            1.122             1.111
        29            1.801             1.873
        30            4.210             4.219
        31            5.183             5.194
        32            5.043             4.986
        33            1.118             1.129

 ======================================================================
 PFTs Output
 ======================================================================

 ......................................................................
 plant type                          input grid area output grid area
                                       10**6 km**2      10**6 km**2
 ......................................................................

 not vegetated                                 0.000           41.940
 needleleaf evergreen temperate tree           0.000            5.886
 needleleaf evergreen boreal tree              0.000            6.483
 needleleaf deciduous boreal tree              0.000            2.123
 broadleaf evergreen tropical tree             0.000           14.175
 broadleaf evergreen temperate tree            0.000            1.413
 broadleaf deciduous tropical tree             0.000            1.620
 broadleaf deciduous temperate tree            0.000            3.370
 broadleaf deciduous boreal tree               0.000            1.202
 broadleaf evergreen shrub                     0.000            0.040
 broadleaf deciduous temperate shrub           0.000            4.559
 broadleaf deciduous boreal shrub              0.000            5.175
 c3 arctic grass                               0.000            9.993
 c3 non-arctic grass                           0.000           17.114
 c4 grass                                      0.000           21.174
 c3_crop                                       0.000            0.049
 c3_irrigated                                  0.000            0.000
 temperate_corn                                0.000            0.814
 irrigated_temperate_corn                      0.000            0.240
 spring_wheat                                  0.000            2.258
 irrigated_spring_wheat                        0.000            0.799
 winter_wheat                                  0.000            0.000
 irrigated_winter_wheat                        0.000            0.000
 temperate_soybean                             0.000            0.575
 irrigated_temperate_soybean                   0.000            0.080
 barley                                        0.000            0.823
 irrigated_barley                              0.000            0.110
 winter_barley                                 0.000            0.000
 irrigated_winter_barley                       0.000            0.000
 rye                                           0.000            0.114
 irrigated_rye                                 0.000            0.007
 winter_rye                                    0.000            0.000
 irrigated_winter_rye                          0.000            0.000
 cassava                                       0.000            0.347
 irrigated_cassava                             0.000            0.022
 citrus                                        0.000            0.131
 irrigated citrus                              0.000            0.083
 cocoa                                         0.000            0.210
 irrigated_cocoa                               0.000            0.006
 coffee                                        0.000            0.378
 irrigated_coffee                              0.000            0.032
 cotton                                        0.000            0.179
 irrigated_cotton                              0.000            0.086
 datepalm                                      0.000            0.022
 irrigated_datepalm                            0.000            0.026
 foddergrass                                   0.000            1.857
 irrigated_foddergrass                         0.000            0.347
 grapes                                        0.000            0.148
 irrigated_grapes                              0.000            0.055
 groundnuts                                    0.000            0.497
 irrigated_groundnuts                          0.000            0.085
 millet                                        0.000            0.824
 irrigated_millet                              0.000            0.119
 oilpalm                                       0.000            0.297
 irrigated_oilpalm                             0.000            0.014
 potatoes                                      0.000            0.328
 irrigated_potatoes                            0.000            0.069
 pulses                                        0.000            1.213
 irrigated_pulses                              0.000            0.308
 rapeseed                                      0.000            0.208
 irrigated_rapeseed                            0.000            0.065
 rice                                          0.000            1.703
 irrigated_rice                                0.000            0.713
 sorghum                                       0.000            0.973
 irrigated_sorghum                             0.000            0.202
 sugarbeet                                     0.000            0.060
 irrigated_sugarbeet                           0.000            0.015
 sugarcane                                     0.000            0.237
 irrigated_sugarcane                           0.000            0.078
 sunflower                                     0.000            0.311
 irrigated_sunflower                           0.000            0.069
 miscanthus                                    0.000            0.000
 irrigated_miscanthus                          0.000            0.000
 switchgrass                                   0.000            0.000
 irrigated_switchgrass                         0.000            0.000
 tropical_corn                                 0.000            1.660
 irrigated_tropical_corn                       0.000            0.247
 tropical_soybean                              0.000            0.385
 irrigated_tropical_soybean                    0.000            0.053

 ======================================================================
 Harvesting Output
 ======================================================================

 ......................................................................
 harvest type                        input grid area output grid area
                                       10**6 km**2      10**6 km**2
 ......................................................................

           HARVEST_VH1                        21.141           21.141
           HARVEST_VH2                         2.471            2.471
           HARVEST_SH1                        10.192           10.192
           HARVEST_SH2                        15.156           15.156
           HARVEST_SH3                        90.679           90.679
           GRAZING                        -15678.115       -15678.115

 ======================================================================
 Urban Output -- class 1
 ======================================================================

 ......................................................................
 surface type   input grid area  output grid area
                  10**6 km**2      10**6 km**2   
 ......................................................................

 urban                0.001            0.00058425
 all surface        510.100          510.100

 ======================================================================
 Urban Output -- class 2
 ======================================================================

 ......................................................................
 surface type   input grid area  output grid area
                  10**6 km**2      10**6 km**2   
 ......................................................................

 urban                0.228            0.22444692
 all surface        510.100          510.100

 ======================================================================
 Urban Output -- class 3
 ======================================================================

 ......................................................................
 surface type   input grid area  output grid area
                  10**6 km**2      10**6 km**2   
 ......................................................................

 urban                0.983            0.96847200
 all surface        510.100          510.100

 ======================================================================
 Urban Region ID Output
 ======================================================================

 ......................................................................
 index      input grid area  output grid area
                10**6 km**2       10**6 km**2
 ......................................................................

         1            1.582             1.599
         2            7.809             7.809
         3            8.559             8.539
         4            6.609             6.567
         5            5.680             5.711
         6           10.158            10.140
         7            0.295             0.291
         8            9.436             9.440
         9            5.824             5.810
        10            0.712             0.717
        11            2.181             2.156
        12            2.251             2.250
        13            3.194             3.223
        14            2.548             2.557
        15            6.032             6.035
        16            9.509             9.583
        17            1.240             1.293
        18            0.842             0.862
        19            1.774             1.776
        20            1.281             1.185
        21            1.025             1.051
        22           17.019            17.021
        23            3.087             3.117
        24            1.943             1.908
        25            1.405             1.368
        26            1.296             1.281
        27            4.844             4.809
        28            1.122             1.111
        29            1.801             1.873
        30            4.210             4.219
        31            5.183             5.194
        32            5.043             4.986
        33            1.118             1.129

 ======================================================================
 PFTs Output
 ======================================================================

 ......................................................................
 plant type                          input grid area output grid area
                                       10**6 km**2      10**6 km**2
 ......................................................................

 not vegetated                                 0.000           41.924
 needleleaf evergreen temperate tree           0.000            5.886
 needleleaf evergreen boreal tree              0.000            6.480
 needleleaf deciduous boreal tree              0.000            2.123
 broadleaf evergreen tropical tree             0.000           14.150
 broadleaf evergreen temperate tree            0.000            1.413
 broadleaf deciduous tropical tree             0.000            1.618
 broadleaf deciduous temperate tree            0.000            3.372
 broadleaf deciduous boreal tree               0.000            1.202
 broadleaf evergreen shrub                     0.000            0.040
 broadleaf deciduous temperate shrub           0.000            4.558
 broadleaf deciduous boreal shrub              0.000            5.175
 c3 arctic grass                               0.000            9.993
 c3 non-arctic grass                           0.000           17.115
 c4 grass                                      0.000           21.161
 c3_crop                                       0.000            0.050
 c3_irrigated                                  0.000            0.000
 temperate_corn                                0.000            0.813
 irrigated_temperate_corn                      0.000            0.240
 spring_wheat                                  0.000            2.259
 irrigated_spring_wheat                        0.000            0.801
 winter_wheat                                  0.000            0.000
 irrigated_winter_wheat                        0.000            0.000
 temperate_soybean                             0.000            0.574
 irrigated_temperate_soybean                   0.000            0.080
 barley                                        0.000            0.823
 irrigated_barley                              0.000            0.110
 winter_barley                                 0.000            0.000
 irrigated_winter_barley                       0.000            0.000
 rye                                           0.000            0.114
 irrigated_rye                                 0.000            0.007
 winter_rye                                    0.000            0.000
 irrigated_winter_rye                          0.000            0.000
 cassava                                       0.000            0.351
 irrigated_cassava                             0.000            0.022
 citrus                                        0.000            0.131
 irrigated citrus                              0.000            0.083
 cocoa                                         0.000            0.212
 irrigated_cocoa                               0.000            0.006
 coffee                                        0.000            0.380
 irrigated_coffee                              0.000            0.032
 cotton                                        0.000            0.180
 irrigated_cotton                              0.000            0.086
 datepalm                                      0.000            0.022
 irrigated_datepalm                            0.000            0.026
 foddergrass                                   0.000            1.862
 irrigated_foddergrass                         0.000            0.348
 grapes                                        0.000            0.148
 irrigated_grapes                              0.000            0.055
 groundnuts                                    0.000            0.500
 irrigated_groundnuts                          0.000            0.085
 millet                                        0.000            0.827
 irrigated_millet                              0.000            0.120
 oilpalm                                       0.000            0.298
 irrigated_oilpalm                             0.000            0.014
 potatoes                                      0.000            0.329
 irrigated_potatoes                            0.000            0.069
 pulses                                        0.000            1.218
 irrigated_pulses                              0.000            0.309
 rapeseed                                      0.000            0.208
 irrigated_rapeseed                            0.000            0.065
 rice                                          0.000            1.711
 irrigated_rice                                0.000            0.713
 sorghum                                       0.000            0.978
 irrigated_sorghum                             0.000            0.203
 sugarbeet                                     0.000            0.060
 irrigated_sugarbeet                           0.000            0.015
 sugarcane                                     0.000            0.238
 irrigated_sugarcane                           0.000            0.078
 sunflower                                     0.000            0.312
 irrigated_sunflower                           0.000            0.069
 miscanthus                                    0.000            0.000
 irrigated_miscanthus                          0.000            0.000
 switchgrass                                   0.000            0.000
 irrigated_switchgrass                         0.000            0.000
 tropical_corn                                 0.000            1.668
 irrigated_tropical_corn                       0.000            0.249
 tropical_soybean                              0.000            0.386
 irrigated_tropical_soybean                    0.000            0.053

 ======================================================================
 Harvesting Output
 ======================================================================

 ......................................................................
 harvest type                        input grid area output grid area
                                       10**6 km**2      10**6 km**2
 ......................................................................

           HARVEST_VH1                        22.490           22.490
           HARVEST_VH2                         2.677            2.677
           HARVEST_SH1                        10.171           10.171
           HARVEST_SH2                        15.707           15.707
           HARVEST_SH3                        90.913           90.913
           GRAZING                        -15678.115       -15678.115

 ======================================================================
 Urban Output -- class 1
 ======================================================================

 ......................................................................
 surface type   input grid area  output grid area
                  10**6 km**2      10**6 km**2   
 ......................................................................

 urban                0.001            0.00058487
 all surface        510.100          510.100

 ======================================================================
 Urban Output -- class 2
 ======================================================================

 ......................................................................
 surface type   input grid area  output grid area
                  10**6 km**2      10**6 km**2   
 ......................................................................

 urban                0.229            0.22603764
 all surface        510.100          510.100

 ======================================================================
 Urban Output -- class 3
 ======================================================================

 ......................................................................
 surface type   input grid area  output grid area
                  10**6 km**2      10**6 km**2   
 ......................................................................

 urban                0.991            0.97586014
 all surface        510.100          510.100

 ======================================================================
 Urban Region ID Output
 ======================================================================

 ......................................................................
 index      input grid area  output grid area
                10**6 km**2       10**6 km**2
 ......................................................................

         1            1.582             1.599
         2            7.809             7.809
         3            8.559             8.539
         4            6.609             6.567
         5            5.680             5.711
         6           10.158            10.140
         7            0.295             0.291
         8            9.436             9.440
         9            5.824             5.810
        10            0.712             0.717
        11            2.181             2.156
        12            2.251             2.250
        13            3.194             3.223
        14            2.548             2.557
        15            6.032             6.035
        16            9.509             9.583
        17            1.240             1.293
        18            0.842             0.862
        19            1.774             1.776
        20            1.281             1.185
        21            1.025             1.051
        22           17.019            17.021
        23            3.087             3.117
        24            1.943             1.908
        25            1.405             1.368
        26            1.296             1.281
        27            4.844             4.809
        28            1.122             1.111
        29            1.801             1.873
        30            4.210             4.219
        31            5.183             5.194
        32            5.043             4.986
        33            1.118             1.129

 ======================================================================
 PFTs Output
 ======================================================================

 ......................................................................
 plant type                          input grid area output grid area
                                       10**6 km**2      10**6 km**2
 ......................................................................

 not vegetated                                 0.000           41.907
 needleleaf evergreen temperate tree           0.000            5.887
 needleleaf evergreen boreal tree              0.000            6.477
 needleleaf deciduous boreal tree              0.000            2.123
 broadleaf evergreen tropical tree             0.000           14.125
 broadleaf evergreen temperate tree            0.000            1.413
 broadleaf deciduous tropical tree             0.000            1.616
 broadleaf deciduous temperate tree            0.000            3.374
 broadleaf deciduous boreal tree               0.000            1.201
 broadleaf evergreen shrub                     0.000            0.040
 broadleaf deciduous temperate shrub           0.000            4.557
 broadleaf deciduous boreal shrub              0.000            5.175
 c3 arctic grass                               0.000            9.992
 c3 non-arctic grass                           0.000           17.116
 c4 grass                                      0.000           21.148
 c3_crop                                       0.000            0.051
 c3_irrigated                                  0.000            0.000
 temperate_corn                                0.000            0.812
 irrigated_temperate_corn                      0.000            0.241
 spring_wheat                                  0.000            2.259
 irrigated_spring_wheat                        0.000            0.803
 winter_wheat                                  0.000            0.000
 irrigated_winter_wheat                        0.000            0.000
 temperate_soybean                             0.000            0.573
 irrigated_temperate_soybean                   0.000            0.080
 barley                                        0.000            0.824
 irrigated_barley                              0.000            0.110
 winter_barley                                 0.000            0.000
 irrigated_winter_barley                       0.000            0.000
 rye                                           0.000            0.113
 irrigated_rye                                 0.000            0.007
 winter_rye                                    0.000            0.000
 irrigated_winter_rye                          0.000            0.000
 cassava                                       0.000            0.354
 irrigated_cassava                             0.000            0.022
 citrus                                        0.000            0.131
 irrigated citrus                              0.000            0.083
 cocoa                                         0.000            0.214
 irrigated_cocoa                               0.000            0.006
 coffee                                        0.000            0.382
 irrigated_coffee                              0.000            0.032
 cotton                                        0.000            0.182
 irrigated_cotton                              0.000            0.086
 datepalm                                      0.000            0.022
 irrigated_datepalm                            0.000            0.027
 foddergrass                                   0.000            1.867
 irrigated_foddergrass                         0.000            0.350
 grapes                                        0.000            0.149
 irrigated_grapes                              0.000            0.055
 groundnuts                                    0.000            0.502
 irrigated_groundnuts                          0.000            0.085
 millet                                        0.000            0.830
 irrigated_millet                              0.000            0.120
 oilpalm                                       0.000            0.300
 irrigated_oilpalm                             0.000            0.014
 potatoes                                      0.000            0.330
 irrigated_potatoes                            0.000            0.069
 pulses                                        0.000            1.222
 irrigated_pulses                              0.000            0.309
 rapeseed                                      0.000            0.208
 irrigated_rapeseed                            0.000            0.065
 rice                                          0.000            1.719
 irrigated_rice                                0.000            0.712
 sorghum                                       0.000            0.983
 irrigated_sorghum                             0.000            0.203
 sugarbeet                                     0.000            0.059
 irrigated_sugarbeet                           0.000            0.015
 sugarcane                                     0.000            0.238
 irrigated_sugarcane                           0.000            0.079
 sunflower                                     0.000            0.312
 irrigated_sunflower                           0.000            0.069
 miscanthus                                    0.000            0.000
 irrigated_miscanthus                          0.000            0.000
 switchgrass                                   0.000            0.000
 irrigated_switchgrass                         0.000            0.000
 tropical_corn                                 0.000            1.675
 irrigated_tropical_corn                       0.000            0.250
 tropical_soybean                              0.000            0.386
 irrigated_tropical_soybean                    0.000            0.053

 ======================================================================
 Harvesting Output
 ======================================================================

 ......................................................................
 harvest type                        input grid area output grid area
                                       10**6 km**2      10**6 km**2
 ......................................................................

           HARVEST_VH1                        22.429           22.429
           HARVEST_VH2                         2.630            2.630
           HARVEST_SH1                        10.119           10.119
           HARVEST_SH2                        15.949           15.949
           HARVEST_SH3                        91.031           91.031
           GRAZING                        -15678.115       -15678.115

 ======================================================================
 Urban Output -- class 1
 ======================================================================

 ......................................................................
 surface type   input grid area  output grid area
                  10**6 km**2      10**6 km**2   
 ......................................................................

 urban                0.001            0.00058549
 all surface        510.100          510.100

 ======================================================================
 Urban Output -- class 2
 ======================================================================

 ......................................................................
 surface type   input grid area  output grid area
                  10**6 km**2      10**6 km**2   
 ......................................................................

 urban                0.231            0.22764254
 all surface        510.100          510.100

 ======================================================================
 Urban Output -- class 3
 ======================================================================

 ......................................................................
 surface type   input grid area  output grid area
                  10**6 km**2      10**6 km**2   
 ......................................................................

 urban                0.998            0.98329435
 all surface        510.100          510.100

 ======================================================================
 Urban Region ID Output
 ======================================================================

 ......................................................................
 index      input grid area  output grid area
                10**6 km**2       10**6 km**2
 ......................................................................

         1            1.582             1.599
         2            7.809             7.809
         3            8.559             8.539
         4            6.609             6.567
         5            5.680             5.711
         6           10.158            10.140
         7            0.295             0.291
         8            9.436             9.440
         9            5.824             5.810
        10            0.712             0.717
        11            2.181             2.156
        12            2.251             2.250
        13            3.194             3.223
        14            2.548             2.557
        15            6.032             6.035
        16            9.509             9.583
        17            1.240             1.293
        18            0.842             0.862
        19            1.774             1.776
        20            1.281             1.185
        21            1.025             1.051
        22           17.019            17.021
        23            3.087             3.117
        24            1.943             1.908
        25            1.405             1.368
        26            1.296             1.281
        27            4.844             4.809
        28            1.122             1.111
        29            1.801             1.873
        30            4.210             4.219
        31            5.183             5.194
        32            5.043             4.986
        33            1.118             1.129

 ======================================================================
 PFTs Output
 ======================================================================

 ......................................................................
 plant type                          input grid area output grid area
                                       10**6 km**2      10**6 km**2
 ......................................................................

 not vegetated                                 0.000           41.891
 needleleaf evergreen temperate tree           0.000            5.888
 needleleaf evergreen boreal tree              0.000            6.474
 needleleaf deciduous boreal tree              0.000            2.123
 broadleaf evergreen tropical tree             0.000           14.100
 broadleaf evergreen temperate tree            0.000            1.413
 broadleaf deciduous tropical tree             0.000            1.614
 broadleaf deciduous temperate tree            0.000            3.376
 broadleaf deciduous boreal tree               0.000            1.201
 broadleaf evergreen shrub                     0.000            0.040
 broadleaf deciduous temperate shrub           0.000            4.556
 broadleaf deciduous boreal shrub              0.000            5.175
 c3 arctic grass                               0.000            9.992
 c3 non-arctic grass                           0.000           17.117
 c4 grass                                      0.000           21.136
 c3_crop                                       0.000            0.052
 c3_irrigated                                  0.000            0.000
 temperate_corn                                0.000            0.811
 irrigated_temperate_corn                      0.000            0.241
 spring_wheat                                  0.000            2.259
 irrigated_spring_wheat                        0.000            0.805
 winter_wheat                                  0.000            0.000
 irrigated_winter_wheat                        0.000            0.000
 temperate_soybean                             0.000            0.573
 irrigated_temperate_soybean                   0.000            0.080
 barley                                        0.000            0.825
 irrigated_barley                              0.000            0.111
 winter_barley                                 0.000            0.000
 irrigated_winter_barley                       0.000            0.000
 rye                                           0.000            0.113
 irrigated_rye                                 0.000            0.007
 winter_rye                                    0.000            0.000
 irrigated_winter_rye                          0.000            0.000
 cassava                                       0.000            0.358
 irrigated_cassava                             0.000            0.022
 citrus                                        0.000            0.131
 irrigated citrus                              0.000            0.084
 cocoa                                         0.000            0.216
 irrigated_cocoa                               0.000            0.006
 coffee                                        0.000            0.384
 irrigated_coffee                              0.000            0.032
 cotton                                        0.000            0.183
 irrigated_cotton                              0.000            0.086
 datepalm                                      0.000            0.022
 irrigated_datepalm                            0.000            0.027
 foddergrass                                   0.000            1.872
 irrigated_foddergrass                         0.000            0.351
 grapes                                        0.000            0.149
 irrigated_grapes                              0.000            0.055
 groundnuts                                    0.000            0.504
 irrigated_groundnuts                          0.000            0.086
 millet                                        0.000            0.833
 irrigated_millet                              0.000            0.121
 oilpalm                                       0.000            0.301
 irrigated_oilpalm                             0.000            0.014
 potatoes                                      0.000            0.331
 irrigated_potatoes                            0.000            0.070
 pulses                                        0.000            1.226
 irrigated_pulses                              0.000            0.310
 rapeseed                                      0.000            0.207
 irrigated_rapeseed                            0.000            0.065
 rice                                          0.000            1.727
 irrigated_rice                                0.000            0.712
 sorghum                                       0.000            0.988
 irrigated_sorghum                             0.000            0.204
 sugarbeet                                     0.000            0.059
 irrigated_sugarbeet                           0.000            0.015
 sugarcane                                     0.000            0.239
 irrigated_sugarcane                           0.000            0.079
 sunflower                                     0.000            0.312
 irrigated_sunflower                           0.000            0.070
 miscanthus                                    0.000            0.000
 irrigated_miscanthus                          0.000            0.000
 switchgrass                                   0.000            0.000
 irrigated_switchgrass                         0.000            0.000
 tropical_corn                                 0.000            1.683
 irrigated_tropical_corn                       0.000            0.252
 tropical_soybean                              0.000            0.387
 irrigated_tropical_soybean                    0.000            0.053

 ======================================================================
 Harvesting Output
 ======================================================================

 ......................................................................
 harvest type                        input grid area output grid area
                                       10**6 km**2      10**6 km**2
 ......................................................................

           HARVEST_VH1                        21.632           21.632
           HARVEST_VH2                         2.593            2.593
           HARVEST_SH1                        10.098           10.098
           HARVEST_SH2                        16.140           16.140
           HARVEST_SH3                        90.940           90.940
           GRAZING                        -15678.115       -15678.115

 ======================================================================
 Urban Output -- class 1
 ======================================================================

 ......................................................................
 surface type   input grid area  output grid area
                  10**6 km**2      10**6 km**2   
 ......................................................................

 urban                0.001            0.00058611
 all surface        510.100          510.100

 ======================================================================
 Urban Output -- class 2
 ======================================================================

 ......................................................................
 surface type   input grid area  output grid area
                  10**6 km**2      10**6 km**2   
 ......................................................................

 urban                0.233            0.22923552
 all surface        510.100          510.100

 ======================================================================
 Urban Output -- class 3
 ======================================================================

 ......................................................................
 surface type   input grid area  output grid area
                  10**6 km**2      10**6 km**2   
 ......................................................................

 urban                1.006            0.99066289
 all surface        510.100          510.100

 ======================================================================
 Urban Region ID Output
 ======================================================================

 ......................................................................
 index      input grid area  output grid area
                10**6 km**2       10**6 km**2
 ......................................................................

         1            1.582             1.599
         2            7.809             7.809
         3            8.559             8.539
         4            6.609             6.567
         5            5.680             5.711
         6           10.158            10.140
         7            0.295             0.291
         8            9.436             9.440
         9            5.824             5.810
        10            0.712             0.717
        11            2.181             2.156
        12            2.251             2.250
        13            3.194             3.223
        14            2.548             2.557
        15            6.032             6.035
        16            9.509             9.583
        17            1.240             1.293
        18            0.842             0.862
        19            1.774             1.776
        20            1.281             1.185
        21            1.025             1.051
        22           17.019            17.021
        23            3.087             3.117
        24            1.943             1.908
        25            1.405             1.368
        26            1.296             1.281
        27            4.844             4.809
        28            1.122             1.111
        29            1.801             1.873
        30            4.210             4.219
        31            5.183             5.194
        32            5.043             4.986
        33            1.118             1.129

 ======================================================================
 PFTs Output
 ======================================================================

 ......................................................................
 plant type                          input grid area output grid area
                                       10**6 km**2      10**6 km**2
 ......................................................................

 not vegetated                                 0.000           41.874
 needleleaf evergreen temperate tree           0.000            5.889
 needleleaf evergreen boreal tree              0.000            6.471
 needleleaf deciduous boreal tree              0.000            2.123
 broadleaf evergreen tropical tree             0.000           14.075
 broadleaf evergreen temperate tree            0.000            1.413
 broadleaf deciduous tropical tree             0.000            1.612
 broadleaf deciduous temperate tree            0.000            3.378
 broadleaf deciduous boreal tree               0.000            1.201
 broadleaf evergreen shrub                     0.000            0.040
 broadleaf deciduous temperate shrub           0.000            4.555
 broadleaf deciduous boreal shrub              0.000            5.175
 c3 arctic grass                               0.000            9.991
 c3 non-arctic grass                           0.000           17.118
 c4 grass                                      0.000           21.123
 c3_crop                                       0.000            0.052
 c3_irrigated                                  0.000            0.000
 temperate_corn                                0.000            0.809
 irrigated_temperate_corn                      0.000            0.241
 spring_wheat                                  0.000            2.259
 irrigated_spring_wheat                        0.000            0.807
 winter_wheat                                  0.000            0.000
 irrigated_winter_wheat                        0.000            0.000
 temperate_soybean                             0.000            0.572
 irrigated_temperate_soybean                   0.000            0.081
 barley                                        0.000            0.825
 irrigated_barley                              0.000            0.111
 winter_barley                                 0.000            0.000
 irrigated_winter_barley                       0.000            0.000
 rye                                           0.000            0.112
 irrigated_rye                                 0.000            0.007
 winter_rye                                    0.000            0.000
 irrigated_winter_rye                          0.000            0.000
 cassava                                       0.000            0.362
 irrigated_cassava                             0.000            0.022
 citrus                                        0.000            0.131
 irrigated citrus                              0.000            0.084
 cocoa                                         0.000            0.218
 irrigated_cocoa                               0.000            0.006
 coffee                                        0.000            0.386
 irrigated_coffee                              0.000            0.032
 cotton                                        0.000            0.184
 irrigated_cotton                              0.000            0.087
 datepalm                                      0.000            0.022
 irrigated_datepalm                            0.000            0.027
 foddergrass                                   0.000            1.876
 irrigated_foddergrass                         0.000            0.352
 grapes                                        0.000            0.149
 irrigated_grapes                              0.000            0.056
 groundnuts                                    0.000            0.506
 irrigated_groundnuts                          0.000            0.086
 millet                                        0.000            0.836
 irrigated_millet                              0.000            0.122
 oilpalm                                       0.000            0.303
 irrigated_oilpalm                             0.000            0.014
 potatoes                                      0.000            0.332
 irrigated_potatoes                            0.000            0.070
 pulses                                        0.000            1.231
 irrigated_pulses                              0.000            0.311
 rapeseed                                      0.000            0.207
 irrigated_rapeseed                            0.000            0.064
 rice                                          0.000            1.736
 irrigated_rice                                0.000            0.711
 sorghum                                       0.000            0.993
 irrigated_sorghum                             0.000            0.205
 sugarbeet                                     0.000            0.059
 irrigated_sugarbeet                           0.000            0.015
 sugarcane                                     0.000            0.239
 irrigated_sugarcane                           0.000            0.079
 sunflower                                     0.000            0.313
 irrigated_sunflower                           0.000            0.070
 miscanthus                                    0.000            0.000
 irrigated_miscanthus                          0.000            0.000
 switchgrass                                   0.000            0.000
 irrigated_switchgrass                         0.000            0.000
 tropical_corn                                 0.000            1.691
 irrigated_tropical_corn                       0.000            0.253
 tropical_soybean                              0.000            0.387
 irrigated_tropical_soybean                    0.000            0.053

 ======================================================================
 Harvesting Output
 ======================================================================

 ......................................................................
 harvest type                        input grid area output grid area
                                       10**6 km**2      10**6 km**2
 ......................................................................

           HARVEST_VH1                        21.640           21.640
           HARVEST_VH2                         2.552            2.552
           HARVEST_SH1                        10.063           10.063
           HARVEST_SH2                        16.246           16.246
           HARVEST_SH3                        91.001           91.001
           GRAZING                        -15678.115       -15678.115

 ======================================================================
 Urban Output -- class 1
 ======================================================================

 ......................................................................
 surface type   input grid area  output grid area
                  10**6 km**2      10**6 km**2   
 ......................................................................

 urban                0.001            0.00058674
 all surface        510.100          510.100

 ======================================================================
 Urban Output -- class 2
 ======================================================================

 ......................................................................
 surface type   input grid area  output grid area
                  10**6 km**2      10**6 km**2   
 ......................................................................

 urban                0.234            0.23083367
 all surface        510.100          510.100

 ======================================================================
 Urban Output -- class 3
 ======================================================================

 ......................................................................
 surface type   input grid area  output grid area
                  10**6 km**2      10**6 km**2   
 ......................................................................

 urban                1.013            0.99805827
 all surface        510.100          510.100

 ======================================================================
 Urban Region ID Output
 ======================================================================

 ......................................................................
 index      input grid area  output grid area
                10**6 km**2       10**6 km**2
 ......................................................................

         1            1.582             1.599
         2            7.809             7.809
         3            8.559             8.539
         4            6.609             6.567
         5            5.680             5.711
         6           10.158            10.140
         7            0.295             0.291
         8            9.436             9.440
         9            5.824             5.810
        10            0.712             0.717
        11            2.181             2.156
        12            2.251             2.250
        13            3.194             3.223
        14            2.548             2.557
        15            6.032             6.035
        16            9.509             9.583
        17            1.240             1.293
        18            0.842             0.862
        19            1.774             1.776
        20            1.281             1.185
        21            1.025             1.051
        22           17.019            17.021
        23            3.087             3.117
        24            1.943             1.908
        25            1.405             1.368
        26            1.296             1.281
        27            4.844             4.809
        28            1.122             1.111
        29            1.801             1.873
        30            4.210             4.219
        31            5.183             5.194
        32            5.043             4.986
        33            1.118             1.129

 ======================================================================
 PFTs Output
 ======================================================================

 ......................................................................
 plant type                          input grid area output grid area
                                       10**6 km**2      10**6 km**2
 ......................................................................

 not vegetated                                 0.000           41.859
 needleleaf evergreen temperate tree           0.000            5.889
 needleleaf evergreen boreal tree              0.000            6.468
 needleleaf deciduous boreal tree              0.000            2.123
 broadleaf evergreen tropical tree             0.000           14.052
 broadleaf evergreen temperate tree            0.000            1.413
 broadleaf deciduous tropical tree             0.000            1.611
 broadleaf deciduous temperate tree            0.000            3.379
 broadleaf deciduous boreal tree               0.000            1.200
 broadleaf evergreen shrub                     0.000            0.040
 broadleaf deciduous temperate shrub           0.000            4.553
 broadleaf deciduous boreal shrub              0.000            5.175
 c3 arctic grass                               0.000            9.991
 c3 non-arctic grass                           0.000           17.123
 c4 grass                                      0.000           21.109
 c3_crop                                       0.000            0.053
 c3_irrigated                                  0.000            0.000
 temperate_corn                                0.000            0.808
 irrigated_temperate_corn                      0.000            0.242
 spring_wheat                                  0.000            2.259
 irrigated_spring_wheat                        0.000            0.809
 winter_wheat                                  0.000            0.000
 irrigated_winter_wheat                        0.000            0.000
 temperate_soybean                             0.000            0.571
 irrigated_temperate_soybean                   0.000            0.081
 barley                                        0.000            0.826
 irrigated_barley                              0.000            0.112
 winter_barley                                 0.000            0.000
 irrigated_winter_barley                       0.000            0.000
 rye                                           0.000            0.112
 irrigated_rye                                 0.000            0.007
 winter_rye                                    0.000            0.000
 irrigated_winter_rye                          0.000            0.000
 cassava                                       0.000            0.366
 irrigated_cassava                             0.000            0.022
 citrus                                        0.000            0.131
 irrigated citrus                              0.000            0.084
 cocoa                                         0.000            0.221
 irrigated_cocoa                               0.000            0.006
 coffee                                        0.000            0.388
 irrigated_coffee                              0.000            0.032
 cotton                                        0.000            0.185
 irrigated_cotton                              0.000            0.087
 datepalm                                      0.000            0.022
 irrigated_datepalm                            0.000            0.027
 foddergrass                                   0.000            1.882
 irrigated_foddergrass                         0.000            0.354
 grapes                                        0.000            0.149
 irrigated_grapes                              0.000            0.056
 groundnuts                                    0.000            0.508
 irrigated_groundnuts                          0.000            0.086
 millet                                        0.000            0.837
 irrigated_millet                              0.000            0.124
 oilpalm                                       0.000            0.305
 irrigated_oilpalm                             0.000            0.014
 potatoes                                      0.000            0.332
 irrigated_potatoes                            0.000            0.070
 pulses                                        0.000            1.233
 irrigated_pulses                              0.000            0.312
 rapeseed                                      0.000            0.207
 irrigated_rapeseed                            0.000            0.064
 rice                                          0.000            1.743
 irrigated_rice                                0.000            0.711
 sorghum                                       0.000            0.996
 irrigated_sorghum                             0.000            0.205
 sugarbeet                                     0.000            0.059
 irrigated_sugarbeet                           0.000            0.015
 sugarcane                                     0.000            0.240
 irrigated_sugarcane                           0.000            0.079
 sunflower                                     0.000            0.313
 irrigated_sunflower                           0.000            0.070
 miscanthus                                    0.000            0.000
 irrigated_miscanthus                          0.000            0.000
 switchgrass                                   0.000            0.000
 irrigated_switchgrass                         0.000            0.000
 tropical_corn                                 0.000            1.699
 irrigated_tropical_corn                       0.000            0.256
 tropical_soybean                              0.000            0.388
 irrigated_tropical_soybean                    0.000            0.053

 ======================================================================
 Harvesting Output
 ======================================================================

 ......................................................................
 harvest type                        input grid area output grid area
                                       10**6 km**2      10**6 km**2
 ......................................................................

           HARVEST_VH1                        21.565           21.565
           HARVEST_VH2                         2.512            2.512
           HARVEST_SH1                        10.027           10.027
           HARVEST_SH2                        16.397           16.397
           HARVEST_SH3                        91.398           91.398
           GRAZING                        -15678.115       -15678.115

 ======================================================================
 Urban Output -- class 1
 ======================================================================

 ......................................................................
 surface type   input grid area  output grid area
                  10**6 km**2      10**6 km**2   
 ......................................................................

 urban                0.001            0.00058736
 all surface        510.100          510.100

 ======================================================================
 Urban Output -- class 2
 ======================================================================

 ......................................................................
 surface type   input grid area  output grid area
                  10**6 km**2      10**6 km**2   
 ......................................................................

 urban                0.236            0.23243725
 all surface        510.100          510.100

 ======================================================================
 Urban Output -- class 3
 ======================================================================

 ......................................................................
 surface type   input grid area  output grid area
                  10**6 km**2      10**6 km**2   
 ......................................................................

 urban                1.020            1.00547621
 all surface        510.100          510.100

 ======================================================================
 Urban Region ID Output
 ======================================================================

 ......................................................................
 index      input grid area  output grid area
                10**6 km**2       10**6 km**2
 ......................................................................

         1            1.582             1.599
         2            7.809             7.809
         3            8.559             8.539
         4            6.609             6.567
         5            5.680             5.711
         6           10.158            10.140
         7            0.295             0.291
         8            9.436             9.440
         9            5.824             5.810
        10            0.712             0.717
        11            2.181             2.156
        12            2.251             2.250
        13            3.194             3.223
        14            2.548             2.557
        15            6.032             6.035
        16            9.509             9.583
        17            1.240             1.293
        18            0.842             0.862
        19            1.774             1.776
        20            1.281             1.185
        21            1.025             1.051
        22           17.019            17.021
        23            3.087             3.117
        24            1.943             1.908
        25            1.405             1.368
        26            1.296             1.281
        27            4.844             4.809
        28            1.122             1.111
        29            1.801             1.873
        30            4.210             4.219
        31            5.183             5.194
        32            5.043             4.986
        33            1.118             1.129

 ======================================================================
 PFTs Output
 ======================================================================

 ......................................................................
 plant type                          input grid area output grid area
                                       10**6 km**2      10**6 km**2
 ......................................................................

 not vegetated                                 0.000           41.843
 needleleaf evergreen temperate tree           0.000            5.889
 needleleaf evergreen boreal tree              0.000            6.466
 needleleaf deciduous boreal tree              0.000            2.123
 broadleaf evergreen tropical tree             0.000           14.029
 broadleaf evergreen temperate tree            0.000            1.413
 broadleaf deciduous tropical tree             0.000            1.609
 broadleaf deciduous temperate tree            0.000            3.380
 broadleaf deciduous boreal tree               0.000            1.200
 broadleaf evergreen shrub                     0.000            0.040
 broadleaf deciduous temperate shrub           0.000            4.550
 broadleaf deciduous boreal shrub              0.000            5.175
 c3 arctic grass                               0.000            9.991
 c3 non-arctic grass                           0.000           17.127
 c4 grass                                      0.000           21.094
 c3_crop                                       0.000            0.054
 c3_irrigated                                  0.000            0.000
 temperate_corn                                0.000            0.808
 irrigated_temperate_corn                      0.000            0.242
 spring_wheat                                  0.000            2.259
 irrigated_spring_wheat                        0.000            0.811
 winter_wheat                                  0.000            0.000
 irrigated_winter_wheat                        0.000            0.000
 temperate_soybean                             0.000            0.570
 irrigated_temperate_soybean                   0.000            0.081
 barley                                        0.000            0.826
 irrigated_barley                              0.000            0.112
 winter_barley                                 0.000            0.000
 irrigated_winter_barley                       0.000            0.000
 rye                                           0.000            0.112
 irrigated_rye                                 0.000            0.007
 winter_rye                                    0.000            0.000
 irrigated_winter_rye                          0.000            0.000
 cassava                                       0.000            0.370
 irrigated_cassava                             0.000            0.023
 citrus                                        0.000            0.131
 irrigated citrus                              0.000            0.084
 cocoa                                         0.000            0.224
 irrigated_cocoa                               0.000            0.006
 coffee                                        0.000            0.389
 irrigated_coffee                              0.000            0.032
 cotton                                        0.000            0.187
 irrigated_cotton                              0.000            0.087
 datepalm                                      0.000            0.022
 irrigated_datepalm                            0.000            0.028
 foddergrass                                   0.000            1.887
 irrigated_foddergrass                         0.000            0.355
 grapes                                        0.000            0.149
 irrigated_grapes                              0.000            0.056
 groundnuts                                    0.000            0.510
 irrigated_groundnuts                          0.000            0.087
 millet                                        0.000            0.839
 irrigated_millet                              0.000            0.126
 oilpalm                                       0.000            0.307
 irrigated_oilpalm                             0.000            0.014
 potatoes                                      0.000            0.333
 irrigated_potatoes                            0.000            0.071
 pulses                                        0.000            1.236
 irrigated_pulses                              0.000            0.313
 rapeseed                                      0.000            0.206
 irrigated_rapeseed                            0.000            0.064
 rice                                          0.000            1.751
 irrigated_rice                                0.000            0.711
 sorghum                                       0.000            0.999
 irrigated_sorghum                             0.000            0.206
 sugarbeet                                     0.000            0.059
 irrigated_sugarbeet                           0.000            0.015
 sugarcane                                     0.000            0.241
 irrigated_sugarcane                           0.000            0.079
 sunflower                                     0.000            0.313
 irrigated_sunflower                           0.000            0.070
 miscanthus                                    0.000            0.000
 irrigated_miscanthus                          0.000            0.000
 switchgrass                                   0.000            0.000
 irrigated_switchgrass                         0.000            0.000
 tropical_corn                                 0.000            1.707
 irrigated_tropical_corn                       0.000            0.258
 tropical_soybean                              0.000            0.389
 irrigated_tropical_soybean                    0.000            0.053

 ======================================================================
 Harvesting Output
 ======================================================================

 ......................................................................
 harvest type                        input grid area output grid area
                                       10**6 km**2      10**6 km**2
 ......................................................................

           HARVEST_VH1                        21.687           21.687
           HARVEST_VH2                         2.479            2.479
           HARVEST_SH1                        10.077           10.077
           HARVEST_SH2                        16.508           16.508
           HARVEST_SH3                        91.612           91.612
           GRAZING                        -15678.115       -15678.115

 ======================================================================
 Urban Output -- class 1
 ======================================================================

 ......................................................................
 surface type   input grid area  output grid area
                  10**6 km**2      10**6 km**2   
 ......................................................................

 urban                0.001            0.00058798
 all surface        510.100          510.100

 ======================================================================
 Urban Output -- class 2
 ======================================================================

 ......................................................................
 surface type   input grid area  output grid area
                  10**6 km**2      10**6 km**2   
 ......................................................................

 urban                0.237            0.23402692
 all surface        510.100          510.100

 ======================================================================
 Urban Output -- class 3
 ======================================================================

 ......................................................................
 surface type   input grid area  output grid area
                  10**6 km**2      10**6 km**2   
 ......................................................................

 urban                1.028            1.01281710
 all surface        510.100          510.100

 ======================================================================
 Urban Region ID Output
 ======================================================================

 ......................................................................
 index      input grid area  output grid area
                10**6 km**2       10**6 km**2
 ......................................................................

         1            1.582             1.599
         2            7.809             7.809
         3            8.559             8.539
         4            6.609             6.567
         5            5.680             5.711
         6           10.158            10.140
         7            0.295             0.291
         8            9.436             9.440
         9            5.824             5.810
        10            0.712             0.717
        11            2.181             2.156
        12            2.251             2.250
        13            3.194             3.223
        14            2.548             2.557
        15            6.032             6.035
        16            9.509             9.583
        17            1.240             1.293
        18            0.842             0.862
        19            1.774             1.776
        20            1.281             1.185
        21            1.025             1.051
        22           17.019            17.021
        23            3.087             3.117
        24            1.943             1.908
        25            1.405             1.368
        26            1.296             1.281
        27            4.844             4.809
        28            1.122             1.111
        29            1.801             1.873
        30            4.210             4.219
        31            5.183             5.194
        32            5.043             4.986
        33            1.118             1.129

 ======================================================================
 PFTs Output
 ======================================================================

 ......................................................................
 plant type                          input grid area output grid area
                                       10**6 km**2      10**6 km**2
 ......................................................................

 not vegetated                                 0.000           41.827
 needleleaf evergreen temperate tree           0.000            5.890
 needleleaf evergreen boreal tree              0.000            6.463
 needleleaf deciduous boreal tree              0.000            2.123
 broadleaf evergreen tropical tree             0.000           14.006
 broadleaf evergreen temperate tree            0.000            1.413
 broadleaf deciduous tropical tree             0.000            1.608
 broadleaf deciduous temperate tree            0.000            3.381
 broadleaf deciduous boreal tree               0.000            1.199
 broadleaf evergreen shrub                     0.000            0.040
 broadleaf deciduous temperate shrub           0.000            4.548
 broadleaf deciduous boreal shrub              0.000            5.175
 c3 arctic grass                               0.000            9.991
 c3 non-arctic grass                           0.000           17.132
 c4 grass                                      0.000           21.080
 c3_crop                                       0.000            0.054
 c3_irrigated                                  0.000            0.000
 temperate_corn                                0.000            0.807
 irrigated_temperate_corn                      0.000            0.242
 spring_wheat                                  0.000            2.259
 irrigated_spring_wheat                        0.000            0.814
 winter_wheat                                  0.000            0.000
 irrigated_winter_wheat                        0.000            0.000
 temperate_soybean                             0.000            0.570
 irrigated_temperate_soybean                   0.000            0.081
 barley                                        0.000            0.826
 irrigated_barley                              0.000            0.113
 winter_barley                                 0.000            0.000
 irrigated_winter_barley                       0.000            0.000
 rye                                           0.000            0.111
 irrigated_rye                                 0.000            0.007
 winter_rye                                    0.000            0.000
 irrigated_winter_rye                          0.000            0.000
 cassava                                       0.000            0.374
 irrigated_cassava                             0.000            0.023
 citrus                                        0.000            0.131
 irrigated citrus                              0.000            0.084
 cocoa                                         0.000            0.227
 irrigated_cocoa                               0.000            0.006
 coffee                                        0.000            0.391
 irrigated_coffee                              0.000            0.032
 cotton                                        0.000            0.188
 irrigated_cotton                              0.000            0.087
 datepalm                                      0.000            0.022
 irrigated_datepalm                            0.000            0.028
 foddergrass                                   0.000            1.892
 irrigated_foddergrass                         0.000            0.356
 grapes                                        0.000            0.150
 irrigated_grapes                              0.000            0.056
 groundnuts                                    0.000            0.513
 irrigated_groundnuts                          0.000            0.087
 millet                                        0.000            0.841
 irrigated_millet                              0.000            0.128
 oilpalm                                       0.000            0.309
 irrigated_oilpalm                             0.000            0.014
 potatoes                                      0.000            0.334
 irrigated_potatoes                            0.000            0.071
 pulses                                        0.000            1.239
 irrigated_pulses                              0.000            0.313
 rapeseed                                      0.000            0.206
 irrigated_rapeseed                            0.000            0.064
 rice                                          0.000            1.759
 irrigated_rice                                0.000            0.710
 sorghum                                       0.000            1.003
 irrigated_sorghum                             0.000            0.207
 sugarbeet                                     0.000            0.059
 irrigated_sugarbeet                           0.000            0.015
 sugarcane                                     0.000            0.242
 irrigated_sugarcane                           0.000            0.079
 sunflower                                     0.000            0.314
 irrigated_sunflower                           0.000            0.071
 miscanthus                                    0.000            0.000
 irrigated_miscanthus                          0.000            0.000
 switchgrass                                   0.000            0.000
 irrigated_switchgrass                         0.000            0.000
 tropical_corn                                 0.000            1.715
 irrigated_tropical_corn                       0.000            0.260
 tropical_soybean                              0.000            0.390
 irrigated_tropical_soybean                    0.000            0.053

 ======================================================================
 Harvesting Output
 ======================================================================

 ......................................................................
 harvest type                        input grid area output grid area
                                       10**6 km**2      10**6 km**2
 ......................................................................

           HARVEST_VH1                        21.134           21.134
           HARVEST_VH2                         2.449            2.449
           HARVEST_SH1                        10.168           10.168
           HARVEST_SH2                        17.009           17.009
           HARVEST_SH3                        91.833           91.833
           GRAZING                        -15678.115       -15678.115

 ======================================================================
 Urban Output -- class 1
 ======================================================================

 ......................................................................
 surface type   input grid area  output grid area
                  10**6 km**2      10**6 km**2   
 ......................................................................

 urban                0.001            0.00058860
 all surface        510.100          510.100

 ======================================================================
 Urban Output -- class 2
 ======================================================================

 ......................................................................
 surface type   input grid area  output grid area
                  10**6 km**2      10**6 km**2   
 ......................................................................

 urban                0.239            0.23562145
 all surface        510.100          510.100

 ======================================================================
 Urban Output -- class 3
 ======================================================================

 ......................................................................
 surface type   input grid area  output grid area
                  10**6 km**2      10**6 km**2   
 ......................................................................

 urban                1.035            1.02017500
 all surface        510.100          510.100

 ======================================================================
 Urban Region ID Output
 ======================================================================

 ......................................................................
 index      input grid area  output grid area
                10**6 km**2       10**6 km**2
 ......................................................................

         1            1.582             1.599
         2            7.809             7.809
         3            8.559             8.539
         4            6.609             6.567
         5            5.680             5.711
         6           10.158            10.140
         7            0.295             0.291
         8            9.436             9.440
         9            5.824             5.810
        10            0.712             0.717
        11            2.181             2.156
        12            2.251             2.250
        13            3.194             3.223
        14            2.548             2.557
        15            6.032             6.035
        16            9.509             9.583
        17            1.240             1.293
        18            0.842             0.862
        19            1.774             1.776
        20            1.281             1.185
        21            1.025             1.051
        22           17.019            17.021
        23            3.087             3.117
        24            1.943             1.908
        25            1.405             1.368
        26            1.296             1.281
        27            4.844             4.809
        28            1.122             1.111
        29            1.801             1.873
        30            4.210             4.219
        31            5.183             5.194
        32            5.043             4.986
        33            1.118             1.129

 ======================================================================
 PFTs Output
 ======================================================================

 ......................................................................
 plant type                          input grid area output grid area
                                       10**6 km**2      10**6 km**2
 ......................................................................

 not vegetated                                 0.000           41.811
 needleleaf evergreen temperate tree           0.000            5.890
 needleleaf evergreen boreal tree              0.000            6.460
 needleleaf deciduous boreal tree              0.000            2.123
 broadleaf evergreen tropical tree             0.000           13.983
 broadleaf evergreen temperate tree            0.000            1.413
 broadleaf deciduous tropical tree             0.000            1.606
 broadleaf deciduous temperate tree            0.000            3.382
 broadleaf deciduous boreal tree               0.000            1.199
 broadleaf evergreen shrub                     0.000            0.040
 broadleaf deciduous temperate shrub           0.000            4.546
 broadleaf deciduous boreal shrub              0.000            5.174
 c3 arctic grass                               0.000            9.990
 c3 non-arctic grass                           0.000           17.136
 c4 grass                                      0.000           21.066
 c3_crop                                       0.000            0.055
 c3_irrigated                                  0.000            0.000
 temperate_corn                                0.000            0.806
 irrigated_temperate_corn                      0.000            0.242
 spring_wheat                                  0.000            2.259
 irrigated_spring_wheat                        0.000            0.816
 winter_wheat                                  0.000            0.000
 irrigated_winter_wheat                        0.000            0.000
 temperate_soybean                             0.000            0.569
 irrigated_temperate_soybean                   0.000            0.081
 barley                                        0.000            0.826
 irrigated_barley                              0.000            0.113
 winter_barley                                 0.000            0.000
 irrigated_winter_barley                       0.000            0.000
 rye                                           0.000            0.111
 irrigated_rye                                 0.000            0.007
 winter_rye                                    0.000            0.000
 irrigated_winter_rye                          0.000            0.000
 cassava                                       0.000            0.379
 irrigated_cassava                             0.000            0.023
 citrus                                        0.000            0.131
 irrigated citrus                              0.000            0.084
 cocoa                                         0.000            0.230
 irrigated_cocoa                               0.000            0.006
 coffee                                        0.000            0.392
 irrigated_coffee                              0.000            0.032
 cotton                                        0.000            0.189
 irrigated_cotton                              0.000            0.087
 datepalm                                      0.000            0.022
 irrigated_datepalm                            0.000            0.028
 foddergrass                                   0.000            1.898
 irrigated_foddergrass                         0.000            0.357
 grapes                                        0.000            0.150
 irrigated_grapes                              0.000            0.056
 groundnuts                                    0.000            0.515
 irrigated_groundnuts                          0.000            0.087
 millet                                        0.000            0.842
 irrigated_millet                              0.000            0.130
 oilpalm                                       0.000            0.310
 irrigated_oilpalm                             0.000            0.014
 potatoes                                      0.000            0.335
 irrigated_potatoes                            0.000            0.071
 pulses                                        0.000            1.241
 irrigated_pulses                              0.000            0.314
 rapeseed                                      0.000            0.205
 irrigated_rapeseed                            0.000            0.064
 rice                                          0.000            1.767
 irrigated_rice                                0.000            0.710
 sorghum                                       0.000            1.006
 irrigated_sorghum                             0.000            0.208
 sugarbeet                                     0.000            0.058
 irrigated_sugarbeet                           0.000            0.015
 sugarcane                                     0.000            0.242
 irrigated_sugarcane                           0.000            0.079
 sunflower                                     0.000            0.314
 irrigated_sunflower                           0.000            0.071
 miscanthus                                    0.000            0.000
 irrigated_miscanthus                          0.000            0.000
 switchgrass                                   0.000            0.000
 irrigated_switchgrass                         0.000            0.000
 tropical_corn                                 0.000            1.723
 irrigated_tropical_corn                       0.000            0.262
 tropical_soybean                              0.000            0.391
 irrigated_tropical_soybean                    0.000            0.053

 ======================================================================
 Harvesting Output
 ======================================================================

 ......................................................................
 harvest type                        input grid area output grid area
                                       10**6 km**2      10**6 km**2
 ......................................................................

           HARVEST_VH1                        21.322           21.322
           HARVEST_VH2                         2.531            2.531
           HARVEST_SH1                        10.065           10.065
           HARVEST_SH2                        17.340           17.340
           HARVEST_SH3                        92.231           92.231
           GRAZING                        -15678.115       -15678.115

 ======================================================================
 Urban Output -- class 1
 ======================================================================

 ......................................................................
 surface type   input grid area  output grid area
                  10**6 km**2      10**6 km**2   
 ......................................................................

 urban                0.001            0.00058922
 all surface        510.100          510.100

 ======================================================================
 Urban Output -- class 2
 ======================================================================

 ......................................................................
 surface type   input grid area  output grid area
                  10**6 km**2      10**6 km**2   
 ......................................................................

 urban                0.241            0.23721919
 all surface        510.100          510.100

 ======================================================================
 Urban Output -- class 3
 ======================================================================

 ......................................................................
 surface type   input grid area  output grid area
                  10**6 km**2      10**6 km**2   
 ......................................................................

 urban                1.043            1.02757566
 all surface        510.100          510.100

 ======================================================================
 Urban Region ID Output
 ======================================================================

 ......................................................................
 index      input grid area  output grid area
                10**6 km**2       10**6 km**2
 ......................................................................

         1            1.582             1.599
         2            7.809             7.809
         3            8.559             8.539
         4            6.609             6.567
         5            5.680             5.711
         6           10.158            10.140
         7            0.295             0.291
         8            9.436             9.440
         9            5.824             5.810
        10            0.712             0.717
        11            2.181             2.156
        12            2.251             2.250
        13            3.194             3.223
        14            2.548             2.557
        15            6.032             6.035
        16            9.509             9.583
        17            1.240             1.293
        18            0.842             0.862
        19            1.774             1.776
        20            1.281             1.185
        21            1.025             1.051
        22           17.019            17.021
        23            3.087             3.117
        24            1.943             1.908
        25            1.405             1.368
        26            1.296             1.281
        27            4.844             4.809
        28            1.122             1.111
        29            1.801             1.873
        30            4.210             4.219
        31            5.183             5.194
        32            5.043             4.986
        33            1.118             1.129

 ======================================================================
 PFTs Output
 ======================================================================

 ......................................................................
 plant type                          input grid area output grid area
                                       10**6 km**2      10**6 km**2
 ......................................................................

 not vegetated                                 0.000           41.796
 needleleaf evergreen temperate tree           0.000            5.890
 needleleaf evergreen boreal tree              0.000            6.457
 needleleaf deciduous boreal tree              0.000            2.123
 broadleaf evergreen tropical tree             0.000           13.959
 broadleaf evergreen temperate tree            0.000            1.413
 broadleaf deciduous tropical tree             0.000            1.604
 broadleaf deciduous temperate tree            0.000            3.383
 broadleaf deciduous boreal tree               0.000            1.198
 broadleaf evergreen shrub                     0.000            0.040
 broadleaf deciduous temperate shrub           0.000            4.544
 broadleaf deciduous boreal shrub              0.000            5.174
 c3 arctic grass                               0.000            9.990
 c3 non-arctic grass                           0.000           17.141
 c4 grass                                      0.000           21.051
 c3_crop                                       0.000            0.056
 c3_irrigated                                  0.000            0.000
 temperate_corn                                0.000            0.805
 irrigated_temperate_corn                      0.000            0.243
 spring_wheat                                  0.000            2.260
 irrigated_spring_wheat                        0.000            0.818
 winter_wheat                                  0.000            0.000
 irrigated_winter_wheat                        0.000            0.000
 temperate_soybean                             0.000            0.568
 irrigated_temperate_soybean                   0.000            0.081
 barley                                        0.000            0.826
 irrigated_barley                              0.000            0.114
 winter_barley                                 0.000            0.000
 irrigated_winter_barley                       0.000            0.000
 rye                                           0.000            0.110
 irrigated_rye                                 0.000            0.007
 winter_rye                                    0.000            0.000
 irrigated_winter_rye                          0.000            0.000
 cassava                                       0.000            0.383
 irrigated_cassava                             0.000            0.023
 citrus                                        0.000            0.131
 irrigated citrus                              0.000            0.085
 cocoa                                         0.000            0.233
 irrigated_cocoa                               0.000            0.006
 coffee                                        0.000            0.394
 irrigated_coffee                              0.000            0.032
 cotton                                        0.000            0.190
 irrigated_cotton                              0.000            0.087
 datepalm                                      0.000            0.022
 irrigated_datepalm                            0.000            0.028
 foddergrass                                   0.000            1.903
 irrigated_foddergrass                         0.000            0.358
 grapes                                        0.000            0.150
 irrigated_grapes                              0.000            0.056
 groundnuts                                    0.000            0.517
 irrigated_groundnuts                          0.000            0.087
 millet                                        0.000            0.844
 irrigated_millet                              0.000            0.132
 oilpalm                                       0.000            0.312
 irrigated_oilpalm                             0.000            0.014
 potatoes                                      0.000            0.336
 irrigated_potatoes                            0.000            0.071
 pulses                                        0.000            1.244
 irrigated_pulses                              0.000            0.315
 rapeseed                                      0.000            0.205
 irrigated_rapeseed                            0.000            0.064
 rice                                          0.000            1.774
 irrigated_rice                                0.000            0.710
 sorghum                                       0.000            1.009
 irrigated_sorghum                             0.000            0.208
 sugarbeet                                     0.000            0.058
 irrigated_sugarbeet                           0.000            0.015
 sugarcane                                     0.000            0.243
 irrigated_sugarcane                           0.000            0.079
 sunflower                                     0.000            0.315
 irrigated_sunflower                           0.000            0.071
 miscanthus                                    0.000            0.000
 irrigated_miscanthus                          0.000            0.000
 switchgrass                                   0.000            0.000
 irrigated_switchgrass                         0.000            0.000
 tropical_corn                                 0.000            1.731
 irrigated_tropical_corn                       0.000            0.264
 tropical_soybean                              0.000            0.392
 irrigated_tropical_soybean                    0.000            0.053

 ======================================================================
 Harvesting Output
 ======================================================================

 ......................................................................
 harvest type                        input grid area output grid area
                                       10**6 km**2      10**6 km**2
 ......................................................................

           HARVEST_VH1                        22.070           22.070
           HARVEST_VH2                         2.575            2.575
           HARVEST_SH1                         9.941            9.941
           HARVEST_SH2                        17.357           17.357
           HARVEST_SH3                        92.618           92.618
           GRAZING                        -15678.115       -15678.115

 ======================================================================
 Urban Output -- class 1
 ======================================================================

 ......................................................................
 surface type   input grid area  output grid area
                  10**6 km**2      10**6 km**2   
 ......................................................................

 urban                0.001            0.00058984
 all surface        510.100          510.100

 ======================================================================
 Urban Output -- class 2
 ======================================================================

 ......................................................................
 surface type   input grid area  output grid area
                  10**6 km**2      10**6 km**2   
 ......................................................................

 urban                0.242            0.23881940
 all surface        510.100          510.100

 ======================================================================
 Urban Output -- class 3
 ======================================================================

 ......................................................................
 surface type   input grid area  output grid area
                  10**6 km**2      10**6 km**2   
 ......................................................................

 urban                1.050            1.03499104
 all surface        510.100          510.100

 ======================================================================
 Urban Region ID Output
 ======================================================================

 ......................................................................
 index      input grid area  output grid area
                10**6 km**2       10**6 km**2
 ......................................................................

         1            1.582             1.599
         2            7.809             7.809
         3            8.559             8.539
         4            6.609             6.567
         5            5.680             5.711
         6           10.158            10.140
         7            0.295             0.291
         8            9.436             9.440
         9            5.824             5.810
        10            0.712             0.717
        11            2.181             2.156
        12            2.251             2.250
        13            3.194             3.223
        14            2.548             2.557
        15            6.032             6.035
        16            9.509             9.583
        17            1.240             1.293
        18            0.842             0.862
        19            1.774             1.776
        20            1.281             1.185
        21            1.025             1.051
        22           17.019            17.021
        23            3.087             3.117
        24            1.943             1.908
        25            1.405             1.368
        26            1.296             1.281
        27            4.844             4.809
        28            1.122             1.111
        29            1.801             1.873
        30            4.210             4.219
        31            5.183             5.194
        32            5.043             4.986
        33            1.118             1.129

 ======================================================================
 PFTs Output
 ======================================================================

 ......................................................................
 plant type                          input grid area output grid area
                                       10**6 km**2      10**6 km**2
 ......................................................................

 not vegetated                                 0.000           41.780
 needleleaf evergreen temperate tree           0.000            5.889
 needleleaf evergreen boreal tree              0.000            6.454
 needleleaf deciduous boreal tree              0.000            2.123
 broadleaf evergreen tropical tree             0.000           13.938
 broadleaf evergreen temperate tree            0.000            1.413
 broadleaf deciduous tropical tree             0.000            1.603
 broadleaf deciduous temperate tree            0.000            3.384
 broadleaf deciduous boreal tree               0.000            1.198
 broadleaf evergreen shrub                     0.000            0.040
 broadleaf deciduous temperate shrub           0.000            4.543
 broadleaf deciduous boreal shrub              0.000            5.174
 c3 arctic grass                               0.000            9.990
 c3 non-arctic grass                           0.000           17.142
 c4 grass                                      0.000           21.039
 c3_crop                                       0.000            0.056
 c3_irrigated                                  0.000            0.000
 temperate_corn                                0.000            0.804
 irrigated_temperate_corn                      0.000            0.243
 spring_wheat                                  0.000            2.260
 irrigated_spring_wheat                        0.000            0.820
 winter_wheat                                  0.000            0.000
 irrigated_winter_wheat                        0.000            0.000
 temperate_soybean                             0.000            0.568
 irrigated_temperate_soybean                   0.000            0.081
 barley                                        0.000            0.827
 irrigated_barley                              0.000            0.114
 winter_barley                                 0.000            0.000
 irrigated_winter_barley                       0.000            0.000
 rye                                           0.000            0.110
 irrigated_rye                                 0.000            0.007
 winter_rye                                    0.000            0.000
 irrigated_winter_rye                          0.000            0.000
 cassava                                       0.000            0.388
 irrigated_cassava                             0.000            0.023
 citrus                                        0.000            0.131
 irrigated citrus                              0.000            0.085
 cocoa                                         0.000            0.236
 irrigated_cocoa                               0.000            0.006
 coffee                                        0.000            0.395
 irrigated_coffee                              0.000            0.032
 cotton                                        0.000            0.191
 irrigated_cotton                              0.000            0.087
 datepalm                                      0.000            0.022
 irrigated_datepalm                            0.000            0.029
 foddergrass                                   0.000            1.908
 irrigated_foddergrass                         0.000            0.359
 grapes                                        0.000            0.150
 irrigated_grapes                              0.000            0.056
 groundnuts                                    0.000            0.518
 irrigated_groundnuts                          0.000            0.088
 millet                                        0.000            0.847
 irrigated_millet                              0.000            0.133
 oilpalm                                       0.000            0.314
 irrigated_oilpalm                             0.000            0.014
 potatoes                                      0.000            0.337
 irrigated_potatoes                            0.000            0.072
 pulses                                        0.000            1.247
 irrigated_pulses                              0.000            0.316
 rapeseed                                      0.000            0.204
 irrigated_rapeseed                            0.000            0.064
 rice                                          0.000            1.782
 irrigated_rice                                0.000            0.710
 sorghum                                       0.000            1.012
 irrigated_sorghum                             0.000            0.209
 sugarbeet                                     0.000            0.058
 irrigated_sugarbeet                           0.000            0.015
 sugarcane                                     0.000            0.244
 irrigated_sugarcane                           0.000            0.079
 sunflower                                     0.000            0.315
 irrigated_sunflower                           0.000            0.071
 miscanthus                                    0.000            0.000
 irrigated_miscanthus                          0.000            0.000
 switchgrass                                   0.000            0.000
 irrigated_switchgrass                         0.000            0.000
 tropical_corn                                 0.000            1.739
 irrigated_tropical_corn                       0.000            0.265
 tropical_soybean                              0.000            0.392
 irrigated_tropical_soybean                    0.000            0.053

 ======================================================================
 Harvesting Output
 ======================================================================

 ......................................................................
 harvest type                        input grid area output grid area
                                       10**6 km**2      10**6 km**2
 ......................................................................

           HARVEST_VH1                        22.699           22.699
           HARVEST_VH2                         2.539            2.539
           HARVEST_SH1                         9.879            9.879
           HARVEST_SH2                        17.576           17.576
           HARVEST_SH3                        92.979           92.979
           GRAZING                        -15678.115       -15678.115

 ======================================================================
 Urban Output -- class 1
 ======================================================================

 ......................................................................
 surface type   input grid area  output grid area
                  10**6 km**2      10**6 km**2   
 ......................................................................

 urban                0.001            0.00059044
 all surface        510.100          510.100

 ======================================================================
 Urban Output -- class 2
 ======================================================================

 ......................................................................
 surface type   input grid area  output grid area
                  10**6 km**2      10**6 km**2   
 ......................................................................

 urban                0.244            0.24051630
 all surface        510.100          510.100

 ======================================================================
 Urban Output -- class 3
 ======================================================================

 ......................................................................
 surface type   input grid area  output grid area
                  10**6 km**2      10**6 km**2   
 ......................................................................

 urban                1.058            1.04295928
 all surface        510.100          510.100

 ======================================================================
 Urban Region ID Output
 ======================================================================

 ......................................................................
 index      input grid area  output grid area
                10**6 km**2       10**6 km**2
 ......................................................................

         1            1.582             1.599
         2            7.809             7.809
         3            8.559             8.539
         4            6.609             6.567
         5            5.680             5.711
         6           10.158            10.140
         7            0.295             0.291
         8            9.436             9.440
         9            5.824             5.810
        10            0.712             0.717
        11            2.181             2.156
        12            2.251             2.250
        13            3.194             3.223
        14            2.548             2.557
        15            6.032             6.035
        16            9.509             9.583
        17            1.240             1.293
        18            0.842             0.862
        19            1.774             1.776
        20            1.281             1.185
        21            1.025             1.051
        22           17.019            17.021
        23            3.087             3.117
        24            1.943             1.908
        25            1.405             1.368
        26            1.296             1.281
        27            4.844             4.809
        28            1.122             1.111
        29            1.801             1.873
        30            4.210             4.219
        31            5.183             5.194
        32            5.043             4.986
        33            1.118             1.129

 ======================================================================
 PFTs Output
 ======================================================================

 ......................................................................
 plant type                          input grid area output grid area
                                       10**6 km**2      10**6 km**2
 ......................................................................

 not vegetated                                 0.000           41.764
 needleleaf evergreen temperate tree           0.000            5.889
 needleleaf evergreen boreal tree              0.000            6.452
 needleleaf deciduous boreal tree              0.000            2.123
 broadleaf evergreen tropical tree             0.000           13.916
 broadleaf evergreen temperate tree            0.000            1.413
 broadleaf deciduous tropical tree             0.000            1.601
 broadleaf deciduous temperate tree            0.000            3.386
 broadleaf deciduous boreal tree               0.000            1.198
 broadleaf evergreen shrub                     0.000            0.040
 broadleaf deciduous temperate shrub           0.000            4.542
 broadleaf deciduous boreal shrub              0.000            5.174
 c3 arctic grass                               0.000            9.989
 c3 non-arctic grass                           0.000           17.143
 c4 grass                                      0.000           21.026
 c3_crop                                       0.000            0.057
 c3_irrigated                                  0.000            0.000
 temperate_corn                                0.000            0.803
 irrigated_temperate_corn                      0.000            0.243
 spring_wheat                                  0.000            2.261
 irrigated_spring_wheat                        0.000            0.822
 winter_wheat                                  0.000            0.000
 irrigated_winter_wheat                        0.000            0.000
 temperate_soybean                             0.000            0.567
 irrigated_temperate_soybean                   0.000            0.082
 barley                                        0.000            0.827
 irrigated_barley                              0.000            0.114
 winter_barley                                 0.000            0.000
 irrigated_winter_barley                       0.000            0.000
 rye                                           0.000            0.110
 irrigated_rye                                 0.000            0.007
 winter_rye                                    0.000            0.000
 irrigated_winter_rye                          0.000            0.000
 cassava                                       0.000            0.393
 irrigated_cassava                             0.000            0.023
 citrus                                        0.000            0.132
 irrigated citrus                              0.000            0.085
 cocoa                                         0.000            0.238
 irrigated_cocoa                               0.000            0.006
 coffee                                        0.000            0.396
 irrigated_coffee                              0.000            0.032
 cotton                                        0.000            0.192
 irrigated_cotton                              0.000            0.087
 datepalm                                      0.000            0.022
 irrigated_datepalm                            0.000            0.029
 foddergrass                                   0.000            1.912
 irrigated_foddergrass                         0.000            0.360
 grapes                                        0.000            0.151
 irrigated_grapes                              0.000            0.056
 groundnuts                                    0.000            0.520
 irrigated_groundnuts                          0.000            0.088
 millet                                        0.000            0.849
 irrigated_millet                              0.000            0.133
 oilpalm                                       0.000            0.315
 irrigated_oilpalm                             0.000            0.014
 potatoes                                      0.000            0.339
 irrigated_potatoes                            0.000            0.072
 pulses                                        0.000            1.250
 irrigated_pulses                              0.000            0.317
 rapeseed                                      0.000            0.204
 irrigated_rapeseed                            0.000            0.064
 rice                                          0.000            1.790
 irrigated_rice                                0.000            0.710
 sorghum                                       0.000            1.015
 irrigated_sorghum                             0.000            0.210
 sugarbeet                                     0.000            0.058
 irrigated_sugarbeet                           0.000            0.015
 sugarcane                                     0.000            0.245
 irrigated_sugarcane                           0.000            0.079
 sunflower                                     0.000            0.315
 irrigated_sunflower                           0.000            0.071
 miscanthus                                    0.000            0.000
 irrigated_miscanthus                          0.000            0.000
 switchgrass                                   0.000            0.000
 irrigated_switchgrass                         0.000            0.000
 tropical_corn                                 0.000            1.747
 irrigated_tropical_corn                       0.000            0.267
 tropical_soybean                              0.000            0.393
 irrigated_tropical_soybean                    0.000            0.053

 ======================================================================
 Harvesting Output
 ======================================================================

 ......................................................................
 harvest type                        input grid area output grid area
                                       10**6 km**2      10**6 km**2
 ......................................................................

           HARVEST_VH1                        22.998           22.998
           HARVEST_VH2                         2.564            2.564
           HARVEST_SH1                         9.859            9.859
           HARVEST_SH2                        17.709           17.709
           HARVEST_SH3                        93.381           93.381
           GRAZING                        -15678.115       -15678.115

 ======================================================================
 Urban Output -- class 1
 ======================================================================

 ......................................................................
 surface type   input grid area  output grid area
                  10**6 km**2      10**6 km**2   
 ......................................................................

 urban                0.001            0.00059103
 all surface        510.100          510.100

 ======================================================================
 Urban Output -- class 2
 ======================================================================

 ......................................................................
 surface type   input grid area  output grid area
                  10**6 km**2      10**6 km**2   
 ......................................................................

 urban                0.246            0.24221162
 all surface        510.100          510.100

 ======================================================================
 Urban Output -- class 3
 ======================================================================

 ......................................................................
 surface type   input grid area  output grid area
                  10**6 km**2      10**6 km**2   
 ......................................................................

 urban                1.066            1.05092262
 all surface        510.100          510.100

 ======================================================================
 Urban Region ID Output
 ======================================================================

 ......................................................................
 index      input grid area  output grid area
                10**6 km**2       10**6 km**2
 ......................................................................

         1            1.582             1.599
         2            7.809             7.809
         3            8.559             8.539
         4            6.609             6.567
         5            5.680             5.711
         6           10.158            10.140
         7            0.295             0.291
         8            9.436             9.440
         9            5.824             5.810
        10            0.712             0.717
        11            2.181             2.156
        12            2.251             2.250
        13            3.194             3.223
        14            2.548             2.557
        15            6.032             6.035
        16            9.509             9.583
        17            1.240             1.293
        18            0.842             0.862
        19            1.774             1.776
        20            1.281             1.185
        21            1.025             1.051
        22           17.019            17.021
        23            3.087             3.117
        24            1.943             1.908
        25            1.405             1.368
        26            1.296             1.281
        27            4.844             4.809
        28            1.122             1.111
        29            1.801             1.873
        30            4.210             4.219
        31            5.183             5.194
        32            5.043             4.986
        33            1.118             1.129

 ======================================================================
 PFTs Output
 ======================================================================

 ......................................................................
 plant type                          input grid area output grid area
                                       10**6 km**2      10**6 km**2
 ......................................................................

 not vegetated                                 0.000           41.748
 needleleaf evergreen temperate tree           0.000            5.889
 needleleaf evergreen boreal tree              0.000            6.449
 needleleaf deciduous boreal tree              0.000            2.123
 broadleaf evergreen tropical tree             0.000           13.895
 broadleaf evergreen temperate tree            0.000            1.413
 broadleaf deciduous tropical tree             0.000            1.600
 broadleaf deciduous temperate tree            0.000            3.388
 broadleaf deciduous boreal tree               0.000            1.197
 broadleaf evergreen shrub                     0.000            0.040
 broadleaf deciduous temperate shrub           0.000            4.541
 broadleaf deciduous boreal shrub              0.000            5.174
 c3 arctic grass                               0.000            9.989
 c3 non-arctic grass                           0.000           17.145
 c4 grass                                      0.000           21.012
 c3_crop                                       0.000            0.058
 c3_irrigated                                  0.000            0.000
 temperate_corn                                0.000            0.802
 irrigated_temperate_corn                      0.000            0.243
 spring_wheat                                  0.000            2.262
 irrigated_spring_wheat                        0.000            0.824
 winter_wheat                                  0.000            0.000
 irrigated_winter_wheat                        0.000            0.000
 temperate_soybean                             0.000            0.567
 irrigated_temperate_soybean                   0.000            0.082
 barley                                        0.000            0.828
 irrigated_barley                              0.000            0.115
 winter_barley                                 0.000            0.000
 irrigated_winter_barley                       0.000            0.000
 rye                                           0.000            0.109
 irrigated_rye                                 0.000            0.007
 winter_rye                                    0.000            0.000
 irrigated_winter_rye                          0.000            0.000
 cassava                                       0.000            0.398
 irrigated_cassava                             0.000            0.023
 citrus                                        0.000            0.132
 irrigated citrus                              0.000            0.085
 cocoa                                         0.000            0.240
 irrigated_cocoa                               0.000            0.006
 coffee                                        0.000            0.397
 irrigated_coffee                              0.000            0.032
 cotton                                        0.000            0.192
 irrigated_cotton                              0.000            0.087
 datepalm                                      0.000            0.022
 irrigated_datepalm                            0.000            0.029
 foddergrass                                   0.000            1.917
 irrigated_foddergrass                         0.000            0.361
 grapes                                        0.000            0.151
 irrigated_grapes                              0.000            0.056
 groundnuts                                    0.000            0.522
 irrigated_groundnuts                          0.000            0.088
 millet                                        0.000            0.851
 irrigated_millet                              0.000            0.134
 oilpalm                                       0.000            0.317
 irrigated_oilpalm                             0.000            0.014
 potatoes                                      0.000            0.340
 irrigated_potatoes                            0.000            0.072
 pulses                                        0.000            1.254
 irrigated_pulses                              0.000            0.317
 rapeseed                                      0.000            0.204
 irrigated_rapeseed                            0.000            0.064
 rice                                          0.000            1.797
 irrigated_rice                                0.000            0.710
 sorghum                                       0.000            1.018
 irrigated_sorghum                             0.000            0.210
 sugarbeet                                     0.000            0.058
 irrigated_sugarbeet                           0.000            0.015
 sugarcane                                     0.000            0.246
 irrigated_sugarcane                           0.000            0.079
 sunflower                                     0.000            0.316
 irrigated_sunflower                           0.000            0.072
 miscanthus                                    0.000            0.000
 irrigated_miscanthus                          0.000            0.000
 switchgrass                                   0.000            0.000
 irrigated_switchgrass                         0.000            0.000
 tropical_corn                                 0.000            1.756
 irrigated_tropical_corn                       0.000            0.268
 tropical_soybean                              0.000            0.393
 irrigated_tropical_soybean                    0.000            0.053

 ======================================================================
 Harvesting Output
 ======================================================================

 ......................................................................
 harvest type                        input grid area output grid area
                                       10**6 km**2      10**6 km**2
 ......................................................................

           HARVEST_VH1                        23.068           23.068
           HARVEST_VH2                         3.019            3.019
           HARVEST_SH1                         9.882            9.882
           HARVEST_SH2                        17.132           17.132
           HARVEST_SH3                        93.860           93.860
           GRAZING                        -15678.115       -15678.115

 ======================================================================
 Urban Output -- class 1
 ======================================================================

 ......................................................................
 surface type   input grid area  output grid area
                  10**6 km**2      10**6 km**2   
 ......................................................................

 urban                0.001            0.00059162
 all surface        510.100          510.100

 ======================================================================
 Urban Output -- class 2
 ======================================================================

 ......................................................................
 surface type   input grid area  output grid area
                  10**6 km**2      10**6 km**2   
 ......................................................................

 urban                0.247            0.24389531
 all surface        510.100          510.100

 ======================================================================
 Urban Output -- class 3
 ======================================================================

 ......................................................................
 surface type   input grid area  output grid area
                  10**6 km**2      10**6 km**2   
 ......................................................................

 urban                1.074            1.05883074
 all surface        510.100          510.100

 ======================================================================
 Urban Region ID Output
 ======================================================================

 ......................................................................
 index      input grid area  output grid area
                10**6 km**2       10**6 km**2
 ......................................................................

         1            1.582             1.599
         2            7.809             7.809
         3            8.559             8.539
         4            6.609             6.567
         5            5.680             5.711
         6           10.158            10.140
         7            0.295             0.291
         8            9.436             9.440
         9            5.824             5.810
        10            0.712             0.717
        11            2.181             2.156
        12            2.251             2.250
        13            3.194             3.223
        14            2.548             2.557
        15            6.032             6.035
        16            9.509             9.583
        17            1.240             1.293
        18            0.842             0.862
        19            1.774             1.776
        20            1.281             1.185
        21            1.025             1.051
        22           17.019            17.021
        23            3.087             3.117
        24            1.943             1.908
        25            1.405             1.368
        26            1.296             1.281
        27            4.844             4.809
        28            1.122             1.111
        29            1.801             1.873
        30            4.210             4.219
        31            5.183             5.194
        32            5.043             4.986
        33            1.118             1.129

 ======================================================================
 PFTs Output
 ======================================================================

 ......................................................................
 plant type                          input grid area output grid area
                                       10**6 km**2      10**6 km**2
 ......................................................................

 not vegetated                                 0.000           41.732
 needleleaf evergreen temperate tree           0.000            5.888
 needleleaf evergreen boreal tree              0.000            6.447
 needleleaf deciduous boreal tree              0.000            2.123
 broadleaf evergreen tropical tree             0.000           13.874
 broadleaf evergreen temperate tree            0.000            1.413
 broadleaf deciduous tropical tree             0.000            1.598
 broadleaf deciduous temperate tree            0.000            3.390
 broadleaf deciduous boreal tree               0.000            1.197
 broadleaf evergreen shrub                     0.000            0.040
 broadleaf deciduous temperate shrub           0.000            4.539
 broadleaf deciduous boreal shrub              0.000            5.174
 c3 arctic grass                               0.000            9.988
 c3 non-arctic grass                           0.000           17.146
 c4 grass                                      0.000           20.999
 c3_crop                                       0.000            0.059
 c3_irrigated                                  0.000            0.000
 temperate_corn                                0.000            0.801
 irrigated_temperate_corn                      0.000            0.244
 spring_wheat                                  0.000            2.263
 irrigated_spring_wheat                        0.000            0.825
 winter_wheat                                  0.000            0.000
 irrigated_winter_wheat                        0.000            0.000
 temperate_soybean                             0.000            0.566
 irrigated_temperate_soybean                   0.000            0.082
 barley                                        0.000            0.829
 irrigated_barley                              0.000            0.115
 winter_barley                                 0.000            0.000
 irrigated_winter_barley                       0.000            0.000
 rye                                           0.000            0.109
 irrigated_rye                                 0.000            0.007
 winter_rye                                    0.000            0.000
 irrigated_winter_rye                          0.000            0.000
 cassava                                       0.000            0.403
 irrigated_cassava                             0.000            0.023
 citrus                                        0.000            0.132
 irrigated citrus                              0.000            0.085
 cocoa                                         0.000            0.243
 irrigated_cocoa                               0.000            0.006
 coffee                                        0.000            0.399
 irrigated_coffee                              0.000            0.032
 cotton                                        0.000            0.193
 irrigated_cotton                              0.000            0.087
 datepalm                                      0.000            0.022
 irrigated_datepalm                            0.000            0.029
 foddergrass                                   0.000            1.922
 irrigated_foddergrass                         0.000            0.362
 grapes                                        0.000            0.151
 irrigated_grapes                              0.000            0.056
 groundnuts                                    0.000            0.524
 irrigated_groundnuts                          0.000            0.089
 millet                                        0.000            0.854
 irrigated_millet                              0.000            0.135
 oilpalm                                       0.000            0.318
 irrigated_oilpalm                             0.000            0.014
 potatoes                                      0.000            0.342
 irrigated_potatoes                            0.000            0.072
 pulses                                        0.000            1.257
 irrigated_pulses                              0.000            0.318
 rapeseed                                      0.000            0.203
 irrigated_rapeseed                            0.000            0.064
 rice                                          0.000            1.805
 irrigated_rice                                0.000            0.709
 sorghum                                       0.000            1.020
 irrigated_sorghum                             0.000            0.211
 sugarbeet                                     0.000            0.058
 irrigated_sugarbeet                           0.000            0.015
 sugarcane                                     0.000            0.246
 irrigated_sugarcane                           0.000            0.079
 sunflower                                     0.000            0.316
 irrigated_sunflower                           0.000            0.072
 miscanthus                                    0.000            0.000
 irrigated_miscanthus                          0.000            0.000
 switchgrass                                   0.000            0.000
 irrigated_switchgrass                         0.000            0.000
 tropical_corn                                 0.000            1.764
 irrigated_tropical_corn                       0.000            0.269
 tropical_soybean                              0.000            0.394
 irrigated_tropical_soybean                    0.000            0.053

 ======================================================================
 Harvesting Output
 ======================================================================

 ......................................................................
 harvest type                        input grid area output grid area
                                       10**6 km**2      10**6 km**2
 ......................................................................

           HARVEST_VH1                        23.183           23.183
           HARVEST_VH2                         2.992            2.992
           HARVEST_SH1                        10.007           10.007
           HARVEST_SH2                        17.242           17.242
           HARVEST_SH3                        94.212           94.212
           GRAZING                        -15678.115       -15678.115

 ======================================================================
 Urban Output -- class 1
 ======================================================================

 ......................................................................
 surface type   input grid area  output grid area
                  10**6 km**2      10**6 km**2   
 ......................................................................

 urban                0.001            0.00059231
 all surface        510.100          510.100

 ======================================================================
 Urban Output -- class 2
 ======================================================================

 ......................................................................
 surface type   input grid area  output grid area
                  10**6 km**2      10**6 km**2   
 ......................................................................

 urban                0.249            0.24560374
 all surface        510.100          510.100

 ======================================================================
 Urban Output -- class 3
 ======================================================================

 ......................................................................
 surface type   input grid area  output grid area
                  10**6 km**2      10**6 km**2   
 ......................................................................

 urban                1.082            1.06681840
 all surface        510.100          510.100

 ======================================================================
 Urban Region ID Output
 ======================================================================

 ......................................................................
 index      input grid area  output grid area
                10**6 km**2       10**6 km**2
 ......................................................................

         1            1.582             1.599
         2            7.809             7.809
         3            8.559             8.539
         4            6.609             6.567
         5            5.680             5.711
         6           10.158            10.140
         7            0.295             0.291
         8            9.436             9.440
         9            5.824             5.810
        10            0.712             0.717
        11            2.181             2.156
        12            2.251             2.250
        13            3.194             3.223
        14            2.548             2.557
        15            6.032             6.035
        16            9.509             9.583
        17            1.240             1.293
        18            0.842             0.862
        19            1.774             1.776
        20            1.281             1.185
        21            1.025             1.051
        22           17.019            17.021
        23            3.087             3.117
        24            1.943             1.908
        25            1.405             1.368
        26            1.296             1.281
        27            4.844             4.809
        28            1.122             1.111
        29            1.801             1.873
        30            4.210             4.219
        31            5.183             5.194
        32            5.043             4.986
        33            1.118             1.129

 ======================================================================
 PFTs Output
 ======================================================================

 ......................................................................
 plant type                          input grid area output grid area
                                       10**6 km**2      10**6 km**2
 ......................................................................

 not vegetated                                 0.000           41.717
 needleleaf evergreen temperate tree           0.000            5.888
 needleleaf evergreen boreal tree              0.000            6.444
 needleleaf deciduous boreal tree              0.000            2.123
 broadleaf evergreen tropical tree             0.000           13.854
 broadleaf evergreen temperate tree            0.000            1.413
 broadleaf deciduous tropical tree             0.000            1.597
 broadleaf deciduous temperate tree            0.000            3.391
 broadleaf deciduous boreal tree               0.000            1.197
 broadleaf evergreen shrub                     0.000            0.040
 broadleaf deciduous temperate shrub           0.000            4.538
 broadleaf deciduous boreal shrub              0.000            5.174
 c3 arctic grass                               0.000            9.988
 c3 non-arctic grass                           0.000           17.147
 c4 grass                                      0.000           20.985
 c3_crop                                       0.000            0.060
 c3_irrigated                                  0.000            0.000
 temperate_corn                                0.000            0.800
 irrigated_temperate_corn                      0.000            0.244
 spring_wheat                                  0.000            2.264
 irrigated_spring_wheat                        0.000            0.827
 winter_wheat                                  0.000            0.000
 irrigated_winter_wheat                        0.000            0.000
 temperate_soybean                             0.000            0.566
 irrigated_temperate_soybean                   0.000            0.082
 barley                                        0.000            0.829
 irrigated_barley                              0.000            0.116
 winter_barley                                 0.000            0.000
 irrigated_winter_barley                       0.000            0.000
 rye                                           0.000            0.109
 irrigated_rye                                 0.000            0.007
 winter_rye                                    0.000            0.000
 irrigated_winter_rye                          0.000            0.000
 cassava                                       0.000            0.408
 irrigated_cassava                             0.000            0.023
 citrus                                        0.000            0.132
 irrigated citrus                              0.000            0.085
 cocoa                                         0.000            0.245
 irrigated_cocoa                               0.000            0.006
 coffee                                        0.000            0.400
 irrigated_coffee                              0.000            0.032
 cotton                                        0.000            0.194
 irrigated_cotton                              0.000            0.088
 datepalm                                      0.000            0.022
 irrigated_datepalm                            0.000            0.030
 foddergrass                                   0.000            1.926
 irrigated_foddergrass                         0.000            0.363
 grapes                                        0.000            0.151
 irrigated_grapes                              0.000            0.056
 groundnuts                                    0.000            0.526
 irrigated_groundnuts                          0.000            0.089
 millet                                        0.000            0.856
 irrigated_millet                              0.000            0.136
 oilpalm                                       0.000            0.320
 irrigated_oilpalm                             0.000            0.014
 potatoes                                      0.000            0.343
 irrigated_potatoes                            0.000            0.072
 pulses                                        0.000            1.260
 irrigated_pulses                              0.000            0.319
 rapeseed                                      0.000            0.203
 irrigated_rapeseed                            0.000            0.064
 rice                                          0.000            1.813
 irrigated_rice                                0.000            0.709
 sorghum                                       0.000            1.023
 irrigated_sorghum                             0.000            0.211
 sugarbeet                                     0.000            0.058
 irrigated_sugarbeet                           0.000            0.015
 sugarcane                                     0.000            0.247
 irrigated_sugarcane                           0.000            0.079
 sunflower                                     0.000            0.316
 irrigated_sunflower                           0.000            0.072
 miscanthus                                    0.000            0.000
 irrigated_miscanthus                          0.000            0.000
 switchgrass                                   0.000            0.000
 irrigated_switchgrass                         0.000            0.000
 tropical_corn                                 0.000            1.772
 irrigated_tropical_corn                       0.000            0.270
 tropical_soybean                              0.000            0.394
 irrigated_tropical_soybean                    0.000            0.053

 ======================================================================
 Harvesting Output
 ======================================================================

 ......................................................................
 harvest type                        input grid area output grid area
                                       10**6 km**2      10**6 km**2
 ......................................................................

           HARVEST_VH1                        23.282           23.282
           HARVEST_VH2                         2.974            2.974
           HARVEST_SH1                        10.273           10.273
           HARVEST_SH2                        17.201           17.201
           HARVEST_SH3                        94.642           94.642
           GRAZING                        -15678.115       -15678.115

 ======================================================================
 Urban Output -- class 1
 ======================================================================

 ......................................................................
 surface type   input grid area  output grid area
                  10**6 km**2      10**6 km**2   
 ......................................................................

 urban                0.001            0.00059291
 all surface        510.100          510.100

 ======================================================================
 Urban Output -- class 2
 ======================================================================

 ......................................................................
 surface type   input grid area  output grid area
                  10**6 km**2      10**6 km**2   
 ......................................................................

 urban                0.251            0.24728431
 all surface        510.100          510.100

 ======================================================================
 Urban Output -- class 3
 ======================================================================

 ......................................................................
 surface type   input grid area  output grid area
                  10**6 km**2      10**6 km**2   
 ......................................................................

 urban                1.090            1.07471650
 all surface        510.100          510.100

 ======================================================================
 Urban Region ID Output
 ======================================================================

 ......................................................................
 index      input grid area  output grid area
                10**6 km**2       10**6 km**2
 ......................................................................

         1            1.582             1.599
         2            7.809             7.809
         3            8.559             8.539
         4            6.609             6.567
         5            5.680             5.711
         6           10.158            10.140
         7            0.295             0.291
         8            9.436             9.440
         9            5.824             5.810
        10            0.712             0.717
        11            2.181             2.156
        12            2.251             2.250
        13            3.194             3.223
        14            2.548             2.557
        15            6.032             6.035
        16            9.509             9.583
        17            1.240             1.293
        18            0.842             0.862
        19            1.774             1.776
        20            1.281             1.185
        21            1.025             1.051
        22           17.019            17.021
        23            3.087             3.117
        24            1.943             1.908
        25            1.405             1.368
        26            1.296             1.281
        27            4.844             4.809
        28            1.122             1.111
        29            1.801             1.873
        30            4.210             4.219
        31            5.183             5.194
        32            5.043             4.986
        33            1.118             1.129

 ======================================================================
 PFTs Output
 ======================================================================

 ......................................................................
 plant type                          input grid area output grid area
                                       10**6 km**2      10**6 km**2
 ......................................................................

 not vegetated                                 0.000           41.702
 needleleaf evergreen temperate tree           0.000            5.886
 needleleaf evergreen boreal tree              0.000            6.442
 needleleaf deciduous boreal tree              0.000            2.123
 broadleaf evergreen tropical tree             0.000           13.836
 broadleaf evergreen temperate tree            0.000            1.413
 broadleaf deciduous tropical tree             0.000            1.596
 broadleaf deciduous temperate tree            0.000            3.393
 broadleaf deciduous boreal tree               0.000            1.196
 broadleaf evergreen shrub                     0.000            0.040
 broadleaf deciduous temperate shrub           0.000            4.537
 broadleaf deciduous boreal shrub              0.000            5.174
 c3 arctic grass                               0.000            9.988
 c3 non-arctic grass                           0.000           17.149
 c4 grass                                      0.000           20.968
 c3_crop                                       0.000            0.060
 c3_irrigated                                  0.000            0.000
 temperate_corn                                0.000            0.799
 irrigated_temperate_corn                      0.000            0.244
 spring_wheat                                  0.000            2.265
 irrigated_spring_wheat                        0.000            0.829
 winter_wheat                                  0.000            0.000
 irrigated_winter_wheat                        0.000            0.000
 temperate_soybean                             0.000            0.566
 irrigated_temperate_soybean                   0.000            0.082
 barley                                        0.000            0.830
 irrigated_barley                              0.000            0.116
 winter_barley                                 0.000            0.000
 irrigated_winter_barley                       0.000            0.000
 rye                                           0.000            0.109
 irrigated_rye                                 0.000            0.007
 winter_rye                                    0.000            0.000
 irrigated_winter_rye                          0.000            0.000
 cassava                                       0.000            0.413
 irrigated_cassava                             0.000            0.023
 citrus                                        0.000            0.132
 irrigated citrus                              0.000            0.085
 cocoa                                         0.000            0.246
 irrigated_cocoa                               0.000            0.006
 coffee                                        0.000            0.401
 irrigated_coffee                              0.000            0.032
 cotton                                        0.000            0.195
 irrigated_cotton                              0.000            0.088
 datepalm                                      0.000            0.022
 irrigated_datepalm                            0.000            0.030
 foddergrass                                   0.000            1.932
 irrigated_foddergrass                         0.000            0.364
 grapes                                        0.000            0.151
 irrigated_grapes                              0.000            0.057
 groundnuts                                    0.000            0.528
 irrigated_groundnuts                          0.000            0.089
 millet                                        0.000            0.859
 irrigated_millet                              0.000            0.136
 oilpalm                                       0.000            0.321
 irrigated_oilpalm                             0.000            0.014
 potatoes                                      0.000            0.344
 irrigated_potatoes                            0.000            0.072
 pulses                                        0.000            1.263
 irrigated_pulses                              0.000            0.320
 rapeseed                                      0.000            0.202
 irrigated_rapeseed                            0.000            0.064
 rice                                          0.000            1.821
 irrigated_rice                                0.000            0.710
 sorghum                                       0.000            1.026
 irrigated_sorghum                             0.000            0.212
 sugarbeet                                     0.000            0.058
 irrigated_sugarbeet                           0.000            0.015
 sugarcane                                     0.000            0.248
 irrigated_sugarcane                           0.000            0.079
 sunflower                                     0.000            0.317
 irrigated_sunflower                           0.000            0.072
 miscanthus                                    0.000            0.000
 irrigated_miscanthus                          0.000            0.000
 switchgrass                                   0.000            0.000
 irrigated_switchgrass                         0.000            0.000
 tropical_corn                                 0.000            1.780
 irrigated_tropical_corn                       0.000            0.271
 tropical_soybean                              0.000            0.395
 irrigated_tropical_soybean                    0.000            0.053

 ======================================================================
 Harvesting Output
 ======================================================================

 ......................................................................
 harvest type                        input grid area output grid area
                                       10**6 km**2      10**6 km**2
 ......................................................................

           HARVEST_VH1                        23.064           23.064
           HARVEST_VH2                         2.939            2.939
           HARVEST_SH1                        10.716           10.716
           HARVEST_SH2                        17.263           17.263
           HARVEST_SH3                        95.108           95.108
           GRAZING                        -15678.115       -15678.115

 ======================================================================
 Urban Output -- class 1
 ======================================================================

 ......................................................................
 surface type   input grid area  output grid area
                  10**6 km**2      10**6 km**2   
 ......................................................................

 urban                0.001            0.00059350
 all surface        510.100          510.100

 ======================================================================
 Urban Output -- class 2
 ======================================================================

 ......................................................................
 surface type   input grid area  output grid area
                  10**6 km**2      10**6 km**2   
 ......................................................................

 urban                0.252            0.24898672
 all surface        510.100          510.100

 ======================================================================
 Urban Output -- class 3
 ======================================================================

 ......................................................................
 surface type   input grid area  output grid area
                  10**6 km**2      10**6 km**2   
 ......................................................................

 urban                1.098            1.08269820
 all surface        510.100          510.100

 ======================================================================
 Urban Region ID Output
 ======================================================================

 ......................................................................
 index      input grid area  output grid area
                10**6 km**2       10**6 km**2
 ......................................................................

         1            1.582             1.599
         2            7.809             7.809
         3            8.559             8.539
         4            6.609             6.567
         5            5.680             5.711
         6           10.158            10.140
         7            0.295             0.291
         8            9.436             9.440
         9            5.824             5.810
        10            0.712             0.717
        11            2.181             2.156
        12            2.251             2.250
        13            3.194             3.223
        14            2.548             2.557
        15            6.032             6.035
        16            9.509             9.583
        17            1.240             1.293
        18            0.842             0.862
        19            1.774             1.776
        20            1.281             1.185
        21            1.025             1.051
        22           17.019            17.021
        23            3.087             3.117
        24            1.943             1.908
        25            1.405             1.368
        26            1.296             1.281
        27            4.844             4.809
        28            1.122             1.111
        29            1.801             1.873
        30            4.210             4.219
        31            5.183             5.194
        32            5.043             4.986
        33            1.118             1.129

 ======================================================================
 PFTs Output
 ======================================================================

 ......................................................................
 plant type                          input grid area output grid area
                                       10**6 km**2      10**6 km**2
 ......................................................................

 not vegetated                                 0.000           41.687
 needleleaf evergreen temperate tree           0.000            5.885
 needleleaf evergreen boreal tree              0.000            6.439
 needleleaf deciduous boreal tree              0.000            2.123
 broadleaf evergreen tropical tree             0.000           13.818
 broadleaf evergreen temperate tree            0.000            1.413
 broadleaf deciduous tropical tree             0.000            1.595
 broadleaf deciduous temperate tree            0.000            3.394
 broadleaf deciduous boreal tree               0.000            1.196
 broadleaf evergreen shrub                     0.000            0.040
 broadleaf deciduous temperate shrub           0.000            4.537
 broadleaf deciduous boreal shrub              0.000            5.174
 c3 arctic grass                               0.000            9.987
 c3 non-arctic grass                           0.000           17.151
 c4 grass                                      0.000           20.952
 c3_crop                                       0.000            0.061
 c3_irrigated                                  0.000            0.000
 temperate_corn                                0.000            0.799
 irrigated_temperate_corn                      0.000            0.245
 spring_wheat                                  0.000            2.265
 irrigated_spring_wheat                        0.000            0.831
 winter_wheat                                  0.000            0.000
 irrigated_winter_wheat                        0.000            0.000
 temperate_soybean                             0.000            0.565
 irrigated_temperate_soybean                   0.000            0.082
 barley                                        0.000            0.830
 irrigated_barley                              0.000            0.116
 winter_barley                                 0.000            0.000
 irrigated_winter_barley                       0.000            0.000
 rye                                           0.000            0.108
 irrigated_rye                                 0.000            0.007
 winter_rye                                    0.000            0.000
 irrigated_winter_rye                          0.000            0.000
 cassava                                       0.000            0.418
 irrigated_cassava                             0.000            0.023
 citrus                                        0.000            0.133
 irrigated citrus                              0.000            0.085
 cocoa                                         0.000            0.248
 irrigated_cocoa                               0.000            0.006
 coffee                                        0.000            0.403
 irrigated_coffee                              0.000            0.032
 cotton                                        0.000            0.196
 irrigated_cotton                              0.000            0.088
 datepalm                                      0.000            0.023
 irrigated_datepalm                            0.000            0.030
 foddergrass                                   0.000            1.937
 irrigated_foddergrass                         0.000            0.365
 grapes                                        0.000            0.151
 irrigated_grapes                              0.000            0.057
 groundnuts                                    0.000            0.530
 irrigated_groundnuts                          0.000            0.089
 millet                                        0.000            0.862
 irrigated_millet                              0.000            0.137
 oilpalm                                       0.000            0.323
 irrigated_oilpalm                             0.000            0.014
 potatoes                                      0.000            0.346
 irrigated_potatoes                            0.000            0.073
 pulses                                        0.000            1.266
 irrigated_pulses                              0.000            0.320
 rapeseed                                      0.000            0.202
 irrigated_rapeseed                            0.000            0.065
 rice                                          0.000            1.829
 irrigated_rice                                0.000            0.710
 sorghum                                       0.000            1.028
 irrigated_sorghum                             0.000            0.212
 sugarbeet                                     0.000            0.057
 irrigated_sugarbeet                           0.000            0.015
 sugarcane                                     0.000            0.249
 irrigated_sugarcane                           0.000            0.079
 sunflower                                     0.000            0.317
 irrigated_sunflower                           0.000            0.072
 miscanthus                                    0.000            0.000
 irrigated_miscanthus                          0.000            0.000
 switchgrass                                   0.000            0.000
 irrigated_switchgrass                         0.000            0.000
 tropical_corn                                 0.000            1.789
 irrigated_tropical_corn                       0.000            0.272
 tropical_soybean                              0.000            0.395
 irrigated_tropical_soybean                    0.000            0.053

 ======================================================================
 Harvesting Output
 ======================================================================

 ......................................................................
 harvest type                        input grid area output grid area
                                       10**6 km**2      10**6 km**2
 ......................................................................

           HARVEST_VH1                        20.893           20.893
           HARVEST_VH2                         2.901            2.901
           HARVEST_SH1                        10.747           10.747
           HARVEST_SH2                        19.913           19.913
           HARVEST_SH3                        95.605           95.605
           GRAZING                        -15678.115       -15678.115

 ======================================================================
 Urban Output -- class 1
 ======================================================================

 ......................................................................
 surface type   input grid area  output grid area
                  10**6 km**2      10**6 km**2   
 ......................................................................

 urban                0.001            0.00059409
 all surface        510.100          510.100

 ======================================================================
 Urban Output -- class 2
 ======================================================================

 ......................................................................
 surface type   input grid area  output grid area
                  10**6 km**2      10**6 km**2   
 ......................................................................

 urban                0.254            0.25067233
 all surface        510.100          510.100

 ======================================================================
 Urban Output -- class 3
 ======================================================================

 ......................................................................
 surface type   input grid area  output grid area
                  10**6 km**2      10**6 km**2   
 ......................................................................

 urban                1.106            1.09061378
 all surface        510.100          510.100

 ======================================================================
 Urban Region ID Output
 ======================================================================

 ......................................................................
 index      input grid area  output grid area
                10**6 km**2       10**6 km**2
 ......................................................................

         1            1.582             1.599
         2            7.809             7.809
         3            8.559             8.539
         4            6.609             6.567
         5            5.680             5.711
         6           10.158            10.140
         7            0.295             0.291
         8            9.436             9.440
         9            5.824             5.810
        10            0.712             0.717
        11            2.181             2.156
        12            2.251             2.250
        13            3.194             3.223
        14            2.548             2.557
        15            6.032             6.035
        16            9.509             9.583
        17            1.240             1.293
        18            0.842             0.862
        19            1.774             1.776
        20            1.281             1.185
        21            1.025             1.051
        22           17.019            17.021
        23            3.087             3.117
        24            1.943             1.908
        25            1.405             1.368
        26            1.296             1.281
        27            4.844             4.809
        28            1.122             1.111
        29            1.801             1.873
        30            4.210             4.219
        31            5.183             5.194
        32            5.043             4.986
        33            1.118             1.129

 ======================================================================
 PFTs Output
 ======================================================================

 ......................................................................
 plant type                          input grid area output grid area
                                       10**6 km**2      10**6 km**2
 ......................................................................

 not vegetated                                 0.000           41.672
 needleleaf evergreen temperate tree           0.000            5.883
 needleleaf evergreen boreal tree              0.000            6.437
 needleleaf deciduous boreal tree              0.000            2.123
 broadleaf evergreen tropical tree             0.000           13.801
 broadleaf evergreen temperate tree            0.000            1.413
 broadleaf deciduous tropical tree             0.000            1.594
 broadleaf deciduous temperate tree            0.000            3.396
 broadleaf deciduous boreal tree               0.000            1.195
 broadleaf evergreen shrub                     0.000            0.040
 broadleaf deciduous temperate shrub           0.000            4.536
 broadleaf deciduous boreal shrub              0.000            5.174
 c3 arctic grass                               0.000            9.987
 c3 non-arctic grass                           0.000           17.153
 c4 grass                                      0.000           20.935
 c3_crop                                       0.000            0.061
 c3_irrigated                                  0.000            0.000
 temperate_corn                                0.000            0.798
 irrigated_temperate_corn                      0.000            0.245
 spring_wheat                                  0.000            2.266
 irrigated_spring_wheat                        0.000            0.833
 winter_wheat                                  0.000            0.000
 irrigated_winter_wheat                        0.000            0.000
 temperate_soybean                             0.000            0.565
 irrigated_temperate_soybean                   0.000            0.082
 barley                                        0.000            0.831
 irrigated_barley                              0.000            0.117
 winter_barley                                 0.000            0.000
 irrigated_winter_barley                       0.000            0.000
 rye                                           0.000            0.108
 irrigated_rye                                 0.000            0.007
 winter_rye                                    0.000            0.000
 irrigated_winter_rye                          0.000            0.000
 cassava                                       0.000            0.422
 irrigated_cassava                             0.000            0.023
 citrus                                        0.000            0.133
 irrigated citrus                              0.000            0.085
 cocoa                                         0.000            0.250
 irrigated_cocoa                               0.000            0.006
 coffee                                        0.000            0.404
 irrigated_coffee                              0.000            0.032
 cotton                                        0.000            0.197
 irrigated_cotton                              0.000            0.088
 datepalm                                      0.000            0.023
 irrigated_datepalm                            0.000            0.030
 foddergrass                                   0.000            1.942
 irrigated_foddergrass                         0.000            0.366
 grapes                                        0.000            0.151
 irrigated_grapes                              0.000            0.057
 groundnuts                                    0.000            0.532
 irrigated_groundnuts                          0.000            0.089
 millet                                        0.000            0.864
 irrigated_millet                              0.000            0.138
 oilpalm                                       0.000            0.325
 irrigated_oilpalm                             0.000            0.014
 potatoes                                      0.000            0.347
 irrigated_potatoes                            0.000            0.073
 pulses                                        0.000            1.269
 irrigated_pulses                              0.000            0.321
 rapeseed                                      0.000            0.201
 irrigated_rapeseed                            0.000            0.065
 rice                                          0.000            1.836
 irrigated_rice                                0.000            0.710
 sorghum                                       0.000            1.031
 irrigated_sorghum                             0.000            0.212
 sugarbeet                                     0.000            0.057
 irrigated_sugarbeet                           0.000            0.015
 sugarcane                                     0.000            0.249
 irrigated_sugarcane                           0.000            0.079
 sunflower                                     0.000            0.318
 irrigated_sunflower                           0.000            0.072
 miscanthus                                    0.000            0.000
 irrigated_miscanthus                          0.000            0.000
 switchgrass                                   0.000            0.000
 irrigated_switchgrass                         0.000            0.000
 tropical_corn                                 0.000            1.797
 irrigated_tropical_corn                       0.000            0.272
 tropical_soybean                              0.000            0.396
 irrigated_tropical_soybean                    0.000            0.053

 ======================================================================
 Harvesting Output
 ======================================================================

 ......................................................................
 harvest type                        input grid area output grid area
                                       10**6 km**2      10**6 km**2
 ......................................................................

           HARVEST_VH1                        20.351           20.351
           HARVEST_VH2                         2.863            2.863
           HARVEST_SH1                        10.465           10.465
           HARVEST_SH2                        20.779           20.779
           HARVEST_SH3                        96.168           96.168
           GRAZING                        -15678.115       -15678.115

 ======================================================================
 Urban Output -- class 1
 ======================================================================

 ......................................................................
 surface type   input grid area  output grid area
                  10**6 km**2      10**6 km**2   
 ......................................................................

 urban                0.001            0.00059469
 all surface        510.100          510.100

 ======================================================================
 Urban Output -- class 2
 ======================================================================

 ......................................................................
 surface type   input grid area  output grid area
                  10**6 km**2      10**6 km**2   
 ......................................................................

 urban                0.256            0.25235875
 all surface        510.100          510.100

 ======================================================================
 Urban Output -- class 3
 ======================================================================

 ......................................................................
 surface type   input grid area  output grid area
                  10**6 km**2      10**6 km**2   
 ......................................................................

 urban                1.114            1.09853120
 all surface        510.100          510.100

 ======================================================================
 Urban Region ID Output
 ======================================================================

 ......................................................................
 index      input grid area  output grid area
                10**6 km**2       10**6 km**2
 ......................................................................

         1            1.582             1.599
         2            7.809             7.809
         3            8.559             8.539
         4            6.609             6.567
         5            5.680             5.711
         6           10.158            10.140
         7            0.295             0.291
         8            9.436             9.440
         9            5.824             5.810
        10            0.712             0.717
        11            2.181             2.156
        12            2.251             2.250
        13            3.194             3.223
        14            2.548             2.557
        15            6.032             6.035
        16            9.509             9.583
        17            1.240             1.293
        18            0.842             0.862
        19            1.774             1.776
        20            1.281             1.185
        21            1.025             1.051
        22           17.019            17.021
        23            3.087             3.117
        24            1.943             1.908
        25            1.405             1.368
        26            1.296             1.281
        27            4.844             4.809
        28            1.122             1.111
        29            1.801             1.873
        30            4.210             4.219
        31            5.183             5.194
        32            5.043             4.986
        33            1.118             1.129

 ======================================================================
 PFTs Output
 ======================================================================

 ......................................................................
 plant type                          input grid area output grid area
                                       10**6 km**2      10**6 km**2
 ......................................................................

 not vegetated                                 0.000           41.657
 needleleaf evergreen temperate tree           0.000            5.882
 needleleaf evergreen boreal tree              0.000            6.435
 needleleaf deciduous boreal tree              0.000            2.123
 broadleaf evergreen tropical tree             0.000           13.783
 broadleaf evergreen temperate tree            0.000            1.413
 broadleaf deciduous tropical tree             0.000            1.593
 broadleaf deciduous temperate tree            0.000            3.397
 broadleaf deciduous boreal tree               0.000            1.195
 broadleaf evergreen shrub                     0.000            0.040
 broadleaf deciduous temperate shrub           0.000            4.535
 broadleaf deciduous boreal shrub              0.000            5.174
 c3 arctic grass                               0.000            9.986
 c3 non-arctic grass                           0.000           17.155
 c4 grass                                      0.000           20.918
 c3_crop                                       0.000            0.062
 c3_irrigated                                  0.000            0.000
 temperate_corn                                0.000            0.798
 irrigated_temperate_corn                      0.000            0.245
 spring_wheat                                  0.000            2.267
 irrigated_spring_wheat                        0.000            0.835
 winter_wheat                                  0.000            0.000
 irrigated_winter_wheat                        0.000            0.000
 temperate_soybean                             0.000            0.565
 irrigated_temperate_soybean                   0.000            0.082
 barley                                        0.000            0.832
 irrigated_barley                              0.000            0.117
 winter_barley                                 0.000            0.000
 irrigated_winter_barley                       0.000            0.000
 rye                                           0.000            0.108
 irrigated_rye                                 0.000            0.008
 winter_rye                                    0.000            0.000
 irrigated_winter_rye                          0.000            0.000
 cassava                                       0.000            0.427
 irrigated_cassava                             0.000            0.023
 citrus                                        0.000            0.133
 irrigated citrus                              0.000            0.085
 cocoa                                         0.000            0.251
 irrigated_cocoa                               0.000            0.006
 coffee                                        0.000            0.405
 irrigated_coffee                              0.000            0.032
 cotton                                        0.000            0.198
 irrigated_cotton                              0.000            0.088
 datepalm                                      0.000            0.023
 irrigated_datepalm                            0.000            0.030
 foddergrass                                   0.000            1.947
 irrigated_foddergrass                         0.000            0.367
 grapes                                        0.000            0.151
 irrigated_grapes                              0.000            0.057
 groundnuts                                    0.000            0.534
 irrigated_groundnuts                          0.000            0.090
 millet                                        0.000            0.867
 irrigated_millet                              0.000            0.138
 oilpalm                                       0.000            0.326
 irrigated_oilpalm                             0.000            0.014
 potatoes                                      0.000            0.349
 irrigated_potatoes                            0.000            0.073
 pulses                                        0.000            1.272
 irrigated_pulses                              0.000            0.321
 rapeseed                                      0.000            0.201
 irrigated_rapeseed                            0.000            0.065
 rice                                          0.000            1.844
 irrigated_rice                                0.000            0.711
 sorghum                                       0.000            1.034
 irrigated_sorghum                             0.000            0.213
 sugarbeet                                     0.000            0.057
 irrigated_sugarbeet                           0.000            0.016
 sugarcane                                     0.000            0.250
 irrigated_sugarcane                           0.000            0.079
 sunflower                                     0.000            0.318
 irrigated_sunflower                           0.000            0.072
 miscanthus                                    0.000            0.000
 irrigated_miscanthus                          0.000            0.000
 switchgrass                                   0.000            0.000
 irrigated_switchgrass                         0.000            0.000
 tropical_corn                                 0.000            1.805
 irrigated_tropical_corn                       0.000            0.273
 tropical_soybean                              0.000            0.396
 irrigated_tropical_soybean                    0.000            0.053

 ======================================================================
 Harvesting Output
 ======================================================================

 ......................................................................
 harvest type                        input grid area output grid area
                                       10**6 km**2      10**6 km**2
 ......................................................................

           HARVEST_VH1                        20.212           20.212
           HARVEST_VH2                         2.818            2.818
           HARVEST_SH1                        10.201           10.201
           HARVEST_SH2                        21.216           21.216
           HARVEST_SH3                        96.672           96.672
           GRAZING                        -15678.115       -15678.115

 ======================================================================
 Urban Output -- class 1
 ======================================================================

 ......................................................................
 surface type   input grid area  output grid area
                  10**6 km**2      10**6 km**2   
 ......................................................................

 urban                0.001            0.00059528
 all surface        510.100          510.100

 ======================================================================
 Urban Output -- class 2
 ======================================================================

 ......................................................................
 surface type   input grid area  output grid area
                  10**6 km**2      10**6 km**2   
 ......................................................................

 urban                0.258            0.25405186
 all surface        510.100          510.100

 ======================================================================
 Urban Output -- class 3
 ======================================================================

 ......................................................................
 surface type   input grid area  output grid area
                  10**6 km**2      10**6 km**2   
 ......................................................................

 urban                1.122            1.10649176
 all surface        510.100          510.100

 ======================================================================
 Urban Region ID Output
 ======================================================================

 ......................................................................
 index      input grid area  output grid area
                10**6 km**2       10**6 km**2
 ......................................................................

         1            1.582             1.599
         2            7.809             7.809
         3            8.559             8.539
         4            6.609             6.567
         5            5.680             5.711
         6           10.158            10.140
         7            0.295             0.291
         8            9.436             9.440
         9            5.824             5.810
        10            0.712             0.717
        11            2.181             2.156
        12            2.251             2.250
        13            3.194             3.223
        14            2.548             2.557
        15            6.032             6.035
        16            9.509             9.583
        17            1.240             1.293
        18            0.842             0.862
        19            1.774             1.776
        20            1.281             1.185
        21            1.025             1.051
        22           17.019            17.021
        23            3.087             3.117
        24            1.943             1.908
        25            1.405             1.368
        26            1.296             1.281
        27            4.844             4.809
        28            1.122             1.111
        29            1.801             1.873
        30            4.210             4.219
        31            5.183             5.194
        32            5.043             4.986
        33            1.118             1.129

 ======================================================================
 PFTs Output
 ======================================================================

 ......................................................................
 plant type                          input grid area output grid area
                                       10**6 km**2      10**6 km**2
 ......................................................................

 not vegetated                                 0.000           41.642
 needleleaf evergreen temperate tree           0.000            5.881
 needleleaf evergreen boreal tree              0.000            6.432
 needleleaf deciduous boreal tree              0.000            2.123
 broadleaf evergreen tropical tree             0.000           13.766
 broadleaf evergreen temperate tree            0.000            1.413
 broadleaf deciduous tropical tree             0.000            1.592
 broadleaf deciduous temperate tree            0.000            3.399
 broadleaf deciduous boreal tree               0.000            1.195
 broadleaf evergreen shrub                     0.000            0.040
 broadleaf deciduous temperate shrub           0.000            4.535
 broadleaf deciduous boreal shrub              0.000            5.174
 c3 arctic grass                               0.000            9.986
 c3 non-arctic grass                           0.000           17.157
 c4 grass                                      0.000           20.901
 c3_crop                                       0.000            0.062
 c3_irrigated                                  0.000            0.000
 temperate_corn                                0.000            0.797
 irrigated_temperate_corn                      0.000            0.245
 spring_wheat                                  0.000            2.268
 irrigated_spring_wheat                        0.000            0.837
 winter_wheat                                  0.000            0.000
 irrigated_winter_wheat                        0.000            0.000
 temperate_soybean                             0.000            0.565
 irrigated_temperate_soybean                   0.000            0.082
 barley                                        0.000            0.833
 irrigated_barley                              0.000            0.117
 winter_barley                                 0.000            0.000
 irrigated_winter_barley                       0.000            0.000
 rye                                           0.000            0.107
 irrigated_rye                                 0.000            0.008
 winter_rye                                    0.000            0.000
 irrigated_winter_rye                          0.000            0.000
 cassava                                       0.000            0.431
 irrigated_cassava                             0.000            0.023
 citrus                                        0.000            0.133
 irrigated citrus                              0.000            0.086
 cocoa                                         0.000            0.253
 irrigated_cocoa                               0.000            0.006
 coffee                                        0.000            0.407
 irrigated_coffee                              0.000            0.032
 cotton                                        0.000            0.199
 irrigated_cotton                              0.000            0.088
 datepalm                                      0.000            0.023
 irrigated_datepalm                            0.000            0.031
 foddergrass                                   0.000            1.952
 irrigated_foddergrass                         0.000            0.368
 grapes                                        0.000            0.152
 irrigated_grapes                              0.000            0.057
 groundnuts                                    0.000            0.535
 irrigated_groundnuts                          0.000            0.090
 millet                                        0.000            0.870
 irrigated_millet                              0.000            0.139
 oilpalm                                       0.000            0.328
 irrigated_oilpalm                             0.000            0.014
 potatoes                                      0.000            0.350
 irrigated_potatoes                            0.000            0.073
 pulses                                        0.000            1.274
 irrigated_pulses                              0.000            0.322
 rapeseed                                      0.000            0.200
 irrigated_rapeseed                            0.000            0.065
 rice                                          0.000            1.852
 irrigated_rice                                0.000            0.711
 sorghum                                       0.000            1.036
 irrigated_sorghum                             0.000            0.213
 sugarbeet                                     0.000            0.057
 irrigated_sugarbeet                           0.000            0.016
 sugarcane                                     0.000            0.251
 irrigated_sugarcane                           0.000            0.079
 sunflower                                     0.000            0.319
 irrigated_sunflower                           0.000            0.072
 miscanthus                                    0.000            0.000
 irrigated_miscanthus                          0.000            0.000
 switchgrass                                   0.000            0.000
 irrigated_switchgrass                         0.000            0.000
 tropical_corn                                 0.000            1.813
 irrigated_tropical_corn                       0.000            0.273
 tropical_soybean                              0.000            0.396
 irrigated_tropical_soybean                    0.000            0.053

 ======================================================================
 Harvesting Output
 ======================================================================

 ......................................................................
 harvest type                        input grid area output grid area
                                       10**6 km**2      10**6 km**2
 ......................................................................

           HARVEST_VH1                        20.875           20.875
           HARVEST_VH2                         2.780            2.780
           HARVEST_SH1                        13.000           13.000
           HARVEST_SH2                        21.544           21.544
           HARVEST_SH3                        97.286           97.286
           GRAZING                        -15678.115       -15678.115

 ======================================================================
 Urban Output -- class 1
 ======================================================================

 ......................................................................
 surface type   input grid area  output grid area
                  10**6 km**2      10**6 km**2   
 ......................................................................

 urban                0.001            0.00059588
 all surface        510.100          510.100

 ======================================================================
 Urban Output -- class 2
 ======================================================================

 ......................................................................
 surface type   input grid area  output grid area
                  10**6 km**2      10**6 km**2   
 ......................................................................

 urban                0.259            0.25575647
 all surface        510.100          510.100

 ======================================================================
 Urban Output -- class 3
 ======================================================================

 ......................................................................
 surface type   input grid area  output grid area
                  10**6 km**2      10**6 km**2   
 ......................................................................

 urban                1.130            1.11447146
 all surface        510.100          510.100

 ======================================================================
 Urban Region ID Output
 ======================================================================

 ......................................................................
 index      input grid area  output grid area
                10**6 km**2       10**6 km**2
 ......................................................................

         1            1.582             1.599
         2            7.809             7.809
         3            8.559             8.539
         4            6.609             6.567
         5            5.680             5.711
         6           10.158            10.140
         7            0.295             0.291
         8            9.436             9.440
         9            5.824             5.810
        10            0.712             0.717
        11            2.181             2.156
        12            2.251             2.250
        13            3.194             3.223
        14            2.548             2.557
        15            6.032             6.035
        16            9.509             9.583
        17            1.240             1.293
        18            0.842             0.862
        19            1.774             1.776
        20            1.281             1.185
        21            1.025             1.051
        22           17.019            17.021
        23            3.087             3.117
        24            1.943             1.908
        25            1.405             1.368
        26            1.296             1.281
        27            4.844             4.809
        28            1.122             1.111
        29            1.801             1.873
        30            4.210             4.219
        31            5.183             5.194
        32            5.043             4.986
        33            1.118             1.129
